{
  "average_frame_build_time_millis": 3.8695287356321844,
  "90th_percentile_frame_build_time_millis": 6.68,
  "99th_percentile_frame_build_time_millis": 9.691,
  "worst_frame_build_time_millis": 12.3,
  "missed_frame_build_budget_count": 0,
  "average_frame_rasterizer_time_millis": 11.350369047619049,
  "stddev_frame_rasterizer_time_millis": 1.0887086167800457,
  "90th_percentile_frame_rasterizer_time_millis": 13.059,
  "99th_percentile_frame_rasterizer_time_millis": 14.227,
  "worst_frame_rasterizer_time_millis": 17.809,
  "missed_frame_rasterizer_budget_count": 1,
  "frame_count": 87,
  "frame_rasterizer_count": 84,
  "new_gen_gc_count": 8,
  "old_gen_gc_count": 2,
  "frame_build_times": [
    1349,
    4445,
    1147,
    4347,
    1198,
    5806,
    1271,
    6675,
    1184,
    2980,
    1051,
    9691,
    1380,
    5632,
    1088,
    6680,
    1217,
    7187,
    1402,
    6472,
    1144,
    7076,
    1163,
    7783,
    1159,
    4353,
    1085,
    8928,
    1211,
    5433,
    1359,
    828,
    7119,
    5224,
    6650,
    3287,
    7711,
    4515,
    4963,
    7134,
    3481,
    6581,
    4273,
    5313,
    6442,
    4325,
    3678,
    12300,
    5100,
    4448,
    2648,
    3317,
    2509,
    2876,
    5359,
    3390,
    4081,
    3430,
    3460,
    5671,
    2057,
    2839,
    3062,
    3193,
    3044,
    5160,
    3040,
    3209,
    2839,
    2322,
    2757,
    2599,
    3064,
    3122,
    3112,
    3183,
    2882,
    3008,
    3139,
    3148,
    3019,
    3072,
    3210,
    2627,
    3029,
    6615,
    1289
  ],
  "frame_rasterizer_times": [
    12346,
    11671,
    12847,
    10056,
    11767,
    8256,
    12262,
    12225,
    12539,
    8667,
    11379,
    9467,
    12320,
    10400,
    13213,
    8058,
    13856,
    9552,
    12055,
    9713,
    11942,
    9320,
    12308,
    11812,
    12322,
    9857,
    12124,
    11046,
    14227,
    13187,
    8808,
    9287,
    8655,
    11277,
    9212,
    11231,
    10798,
    10282,
    11860,
    7739,
    11777,
    10354,
    9928,
    17809,
    13528,
    13037,
    13934,
    13248,
    12541,
    11293,
    11383,
    10733,
    10605,
    11120,
    10905,
    11029,
    11847,
    10816,
    11554,
    13059,
    12120,
    11825,
    11511,
    11015,
    12989,
    10973,
    11434,
    11253,
    10992,
    11200,
    11004,
    10671,
    10611,
    10217,
    11857,
    11408,
    11760,
    11445,
    11267,
    11506,
    12269,
    10622,
    11676,
    11363
  ],
  "frame_begin_times": [
    0,
    17210,
    33885,
    50802,
    66717,
    83430,
    100370,
    117541,
    133724,
    150104,
    166851,
    183552,
    200344,
    217154,
    234147,
    250970,
    266620,
    283798,
    299957,
    317698,
    334370,
    351247,
    367696,
    384485,
    401255,
    417516,
    434790,
    451317,
    467551,
    484612,
    500329,
    518135,
    534004,
    551359,
    568002,
    584676,
    600896,
    617208,
    634961,
    650296,
    667700,
    684940,
    701583,
    718407,
    734909,
    750701,
    771525,
    785201,
    801093,
    819128,
    834641,
    850938,
    868168,
    884583,
    900613,
    918479,
    935088,
    951190,
    968579,
    984236,
    1001962,
    1018358,
    1035255,
    1052089,
    1068804,
    1085458,
    1102155,
    1117908,
    1134324,
    1152170,
    1168258,
    1185474,
    1202126,
    1218827,
    1235622,
    1252332,
    1268112,
    1285756,
    1302501,
    1319190,
    1335696,
    1352453,
    1368096,
    1385853,
    1402974,
    1418847,
    1435946
  ],
  "frame_rasterizer_begin_times": [
    0,
    17831,
    32839,
    52300,
    66620,
    87650,
    99880,
    116811,
    132976,
    155020,
    166633,
    186018,
    200236,
    220190,
    232679,
    253908,
    266134,
    286544,
    300518,
    320380,
    333794,
    355196,
    367388,
    384511,
    400890,
    422180,
    433628,
    453114,
    466585,
    484438,
    503710,
    520061,
    537235,
    551487,
    571730,
    584354,
    603571,
    619758,
    634674,
    655046,
    668562,
    687072,
    703969,
    717829,
    742390,
    760084,
    773220,
    787289,
    801941,
    818766,
    834840,
    851406,
    869445,
    885199,
    902074,
    918067,
    935545,
    953263,
    968452,
    985054,
    1001991,
    1018923,
    1035532,
    1053983,
    1068870,
    1084785,
    1101113,
    1118781,
    1135116,
    1152127,
    1168883,
    1185598,
    1202437,
    1219117,
    1235004,
    1252545,
    1269231,
    1285883,
    1302509,
    1319302,
    1335098,
    1352436,
    1369674,
    1386348
  ],
  "average_vsync_transitions_missed": 1.0,
  "90th_percentile_vsync_transitions_missed": 1.0,
  "99th_percentile_vsync_transitions_missed": 1.0,
  "average_vsync_frame_lag": 0.0,
  "90th_percentile_vsync_frame_lag": 0.0,
  "99th_percentile_vsync_frame_lag": 0.0,
  "average_layer_cache_count": 0.0,
  "90th_percentile_layer_cache_count": 0.0,
  "99th_percentile_layer_cache_count": 0.0,
  "average_frame_request_pending_latency": 14816.67816091954,
  "90th_percentile_frame_request_pending_latency": 16976.0,
  "99th_percentile_frame_request_pending_latency": 17772.0,
  "worst_layer_cache_count": 0.0,
  "average_layer_cache_memory": 0.0,
  "90th_percentile_layer_cache_memory": 0.0,
  "99th_percentile_layer_cache_memory": 0.0,
  "worst_layer_cache_memory": 0.0,
  "average_picture_cache_count": 0.0,
  "90th_percentile_picture_cache_count": 0.0,
  "99th_percentile_picture_cache_count": 0.0,
  "worst_picture_cache_count": 0.0,
  "average_picture_cache_memory": 0.0,
  "90th_percentile_picture_cache_memory": 0.0,
  "99th_percentile_picture_cache_memory": 0.0,
  "worst_picture_cache_memory": 0.0,
  "total_ui_gc_time": 26.47,
  "30hz_frame_percentage": 0.0,
  "60hz_frame_percentage": 100.0,
  "80hz_frame_percentage": 0.0,
  "90hz_frame_percentage": 0.0,
  "120hz_frame_percentage": 0.0,
  "illegal_refresh_rate_frame_count": 0,
  "average_gpu_frame_time": 0.0,
  "90th_percentile_gpu_frame_time": 0.0,
  "99th_percentile_gpu_frame_time": 0.0,
  "worst_gpu_frame_time": 0.0,
  "average_gpu_memory_mb": 113.41796900000007,
  "90th_percentile_gpu_memory_mb": 113.417969,
  "99th_percentile_gpu_memory_mb": 113.417969,
  "worst_gpu_memory_mb": 113.417969
}