{
  "average_frame_build_time_millis": 4.100443181818182,
  "90th_percentile_frame_build_time_millis": 7.091,
  "99th_percentile_frame_build_time_millis": 9.925,
  "worst_frame_build_time_millis": 17.965,
  "missed_frame_build_budget_count": 1,
  "average_frame_rasterizer_time_millis": 9.81404705882353,
  "stddev_frame_rasterizer_time_millis": 1.9558851211072652,
  "90th_percentile_frame_rasterizer_time_millis": 12.345,
  "99th_percentile_frame_rasterizer_time_millis": 18.095,
  "worst_frame_rasterizer_time_millis": 19.931,
  "missed_frame_rasterizer_budget_count": 2,
  "frame_count": 88,
  "frame_rasterizer_count": 85,
  "new_gen_gc_count": 8,
  "old_gen_gc_count": 2,
  "frame_build_times": [
    1281,
    9925,
    1207,
    4545,
    1159,
    4177,
    1171,
    7091,
    1215,
    7892,
    1336,
    3020,
    1309,
    9046,
    1229,
    4997,
    1321,
    7349,
    1179,
    8014,
    1204,
    5830,
    1282,
    6920,
    1143,
    7910,
    1150,
    4542,
    1253,
    8827,
    1179,
    5153,
    1149,
    949,
    6577,
    5162,
    4624,
    2612,
    6620,
    3893,
    3579,
    6852,
    2120,
    5836,
    3766,
    5504,
    6299,
    4260,
    5025,
    6199,
    4349,
    3361,
    5260,
    6316,
    4513,
    3294,
    5085,
    4050,
    3360,
    3070,
    3113,
    5089,
    2911,
    17965,
    3254,
    1905,
    4569,
    3362,
    3499,
    4355,
    3519,
    5948,
    1698,
    2227,
    3313,
    3235,
    3404,
    3286,
    3504,
    3669,
    3367,
    3412,
    3437,
    3359,
    3309,
    3330,
    7105,
    1155
  ],
  "frame_rasterizer_times": [
    12262,
    9206,
    11704,
    10791,
    11705,
    9273,
    10835,
    7938,
    11652,
    11287,
    11597,
    7520,
    12912,
    9531,
    11561,
    8678,
    10727,
    7787,
    11678,
    9247,
    14664,
    8259,
    11962,
    7718,
    11090,
    10251,
    13113,
    7402,
    11353,
    10314,
    11392,
    12507,
    9750,
    10771,
    9076,
    12452,
    9523,
    18095,
    12183,
    9567,
    12345,
    8492,
    10858,
    9771,
    8987,
    11870,
    9028,
    9155,
    10570,
    10705,
    9647,
    9172,
    10663,
    10865,
    12693,
    11237,
    11399,
    10853,
    11592,
    10173,
    11075,
    19931,
    3466,
    4538,
    7574,
    8083,
    7941,
    7910,
    7977,
    5125,
    4266,
    7062,
    7585,
    7530,
    7536,
    7559,
    8309,
    7583,
    7681,
    8056,
    7601,
    7707,
    7572,
    7458,
    7661
  ],
  "frame_begin_times": [
    0,
    17009,
    33518,
    50785,
    67215,
    83507,
    100676,
    116319,
    134036,
    150268,
    167503,
    184085,
    200527,
    217622,
    234018,
    250511,
    267581,
    283978,
    301021,
    317734,
    334610,
    350558,
    367866,
    384143,
    401118,
    417732,
    434535,
    451178,
    466742,
    484415,
    501324,
    517454,
    534868,
    551313,
    567670,
    583671,
    601649,
    618397,
    633965,
    650655,
    668209,
    684212,
    700427,
    718517,
    735181,
    751771,
    768402,
    784407,
    801729,
    817564,
    834986,
    851792,
    868372,
    884772,
    901963,
    919083,
    934419,
    952384,
    968831,
    985342,
    1002047,
    1018950,
    1036807,
    1051323,
    1084971,
    1101846,
    1118768,
    1135532,
    1152104,
    1168757,
    1184971,
    1201758,
    1218845,
    1235378,
    1252379,
    1269035,
    1285659,
    1302687,
    1318997,
    1335805,
    1352370,
    1369187,
    1385751,
    1402590,
    1419185,
    1436131,
    1452573,
    1469225
  ],
  "frame_rasterizer_begin_times": [
    0,
    19633,
    33659,
    50977,
    67143,
    86145,
    100478,
    121418,
    133951,
    151120,
    167119,
    188749,
    200447,
    219333,
    234029,
    253755,
    267475,
    289013,
    301057,
    319508,
    334317,
    355197,
    367563,
    388652,
    400973,
    418614,
    433233,
    455574,
    467766,
    486177,
    501325,
    518081,
    537305,
    552595,
    570376,
    585249,
    604507,
    618112,
    636281,
    654269,
    667783,
    688444,
    702229,
    720543,
    737990,
    752031,
    770364,
    787188,
    802358,
    818911,
    837262,
    854217,
    869393,
    886193,
    903402,
    919904,
    935902,
    952385,
    969082,
    987714,
    1006603,
    1021200,
    1055202,
    1068589,
    1087491,
    1102888,
    1119466,
    1137306,
    1152158,
    1169041,
    1185473,
    1201994,
    1219515,
    1236150,
    1252788,
    1269775,
    1286131,
    1303094,
    1319557,
    1336281,
    1352840,
    1369666,
    1386246,
    1403417,
    1420480
  ],
  "average_vsync_transitions_missed": 1.0,
  "90th_percentile_vsync_transitions_missed": 1.0,
  "99th_percentile_vsync_transitions_missed": 1.0,
  "average_vsync_frame_lag": 0.0,
  "90th_percentile_vsync_frame_lag": 0.0,
  "99th_percentile_vsync_frame_lag": 0.0,
  "average_layer_cache_count": 0.0,
  "90th_percentile_layer_cache_count": 0.0,
  "99th_percentile_layer_cache_count": 0.0,
  "average_frame_request_pending_latency": 14881.568181818182,
  "90th_percentile_frame_request_pending_latency": 16739.0,
  "99th_percentile_frame_request_pending_latency": 17640.0,
  "worst_layer_cache_count": 0.0,
  "average_layer_cache_memory": 0.0,
  "90th_percentile_layer_cache_memory": 0.0,
  "99th_percentile_layer_cache_memory": 0.0,
  "worst_layer_cache_memory": 0.0,
  "average_picture_cache_count": 0.0,
  "90th_percentile_picture_cache_count": 0.0,
  "99th_percentile_picture_cache_count": 0.0,
  "worst_picture_cache_count": 0.0,
  "average_picture_cache_memory": 0.0,
  "90th_percentile_picture_cache_memory": 0.0,
  "99th_percentile_picture_cache_memory": 0.0,
  "worst_picture_cache_memory": 0.0,
  "total_ui_gc_time": 26.998,
  "30hz_frame_percentage": 0.0,
  "60hz_frame_percentage": 100.0,
  "80hz_frame_percentage": 0.0,
  "90hz_frame_percentage": 0.0,
  "120hz_frame_percentage": 0.0,
  "illegal_refresh_rate_frame_count": 0,
  "average_gpu_frame_time": 0.0,
  "90th_percentile_gpu_frame_time": 0.0,
  "99th_percentile_gpu_frame_time": 0.0,
  "worst_gpu_frame_time": 0.0,
  "average_gpu_memory_mb": 113.41796900000007,
  "90th_percentile_gpu_memory_mb": 113.417969,
  "99th_percentile_gpu_memory_mb": 113.417969,
  "worst_gpu_memory_mb": 113.417969
}