{
  "average_frame_build_time_millis": 3.9112758620689645,
  "90th_percentile_frame_build_time_millis": 7.124,
  "99th_percentile_frame_build_time_millis": 9.456,
  "worst_frame_build_time_millis": 9.736,
  "missed_frame_build_budget_count": 0,
  "average_frame_rasterizer_time_millis": 12.125593023255814,
  "stddev_frame_rasterizer_time_millis": 1.348211465657112,
  "90th_percentile_frame_rasterizer_time_millis": 14.082,
  "99th_percentile_frame_rasterizer_time_millis": 16.794,
  "worst_frame_rasterizer_time_millis": 19.606,
  "missed_frame_rasterizer_budget_count": 2,
  "frame_count": 87,
  "frame_rasterizer_count": 86,
  "new_gen_gc_count": 8,
  "old_gen_gc_count": 4,
  "frame_build_times": [
    1480,
    3072,
    686,
    2645,
    1209,
    7124,
    1287,
    7860,
    1201,
    4495,
    1164,
    9456,
    1271,
    4576,
    1068,
    7640,
    1203,
    6295,
    1005,
    6950,
    1949,
    7148,
    1228,
    8495,
    1692,
    3935,
    1002,
    9736,
    1313,
    3656,
    1170,
    801,
    7387,
    3554,
    5517,
    2946,
    8592,
    3397,
    3908,
    6537,
    3630,
    8597,
    4451,
    6487,
    6612,
    4357,
    4169,
    5170,
    4524,
    4305,
    5897,
    6744,
    4480,
    3468,
    5114,
    4405,
    3453,
    3535,
    2167,
    5155,
    3213,
    4239,
    7108,
    2902,
    1566,
    4102,
    2016,
    2418,
    3113,
    3431,
    3356,
    2193,
    3306,
    3415,
    3462,
    2657,
    3232,
    3293,
    2874,
    3229,
    3223,
    3374,
    2155,
    2458,
    3436,
    6739,
    1401
  ],
  "frame_rasterizer_times": [
    13546,
    13421,
    14124,
    12054,
    13091,
    10237,
    13261,
    8915,
    13023,
    13833,
    14082,
    10751,
    13838,
    9989,
    14755,
    10848,
    12645,
    8873,
    11578,
    10214,
    12592,
    10466,
    12416,
    11326,
    14656,
    11912,
    14969,
    10807,
    11962,
    9738,
    12994,
    15356,
    11012,
    9515,
    9506,
    10459,
    11186,
    11751,
    10661,
    10597,
    12160,
    11196,
    12334,
    11078,
    12857,
    12367,
    10408,
    8467,
    11960,
    12032,
    11281,
    11292,
    12756,
    13958,
    10905,
    13840,
    13697,
    10995,
    10813,
    10102,
    12285,
    15472,
    13284,
    19606,
    16794,
    12955,
    12378,
    11475,
    12656,
    12177,
    11593,
    10595,
    10400,
    12728,
    13961,
    11782,
    11708,
    12604,
    12729,
    13031,
    12999,
    10810,
    11339,
    10965,
    12667,
    12351
  ],
  "frame_begin_times": [
    0,
    13193,
    29248,
    46712,
    62456,
    79773,
    96712,
    112765,
    130344,
    146131,
    163979,
    180123,
    197019,
    213156,
    230388,
    246891,
    264011,
    279606,
    297250,
    313955,
    330607,
    347451,
    363965,
    380702,
    396791,
    413422,
    431262,
    447105,
    463975,
    480628,
    496934,
    514153,
    530599,
    548074,
    564131,
    581011,
    597248,
    614763,
    630066,
    646644,
    664558,
    680454,
    697992,
    714563,
    730263,
    747620,
    763370,
    781331,
    797858,
    814468,
    831232,
    847500,
    863772,
    880785,
    897682,
    913881,
    930567,
    947263,
    964942,
    981841,
    997328,
    1015108,
    1031606,
    1047123,
    1063828,
    1081228,
    1098129,
    1114858,
    1131695,
    1148487,
    1164350,
    1181777,
    1198513,
    1215437,
    1230933,
    1248514,
    1265056,
    1281519,
    1297771,
    1315530,
    1332229,
    1348044,
    1365483,
    1381822,
    1398987,
    1415893,
    1431525
  ],
  "frame_rasterizer_begin_times": [
    0,
    13602,
    27090,
    42591,
    57701,
    78631,
    92086,
    112837,
    125609,
    142642,
    159300,
    180755,
    192327,
    211168,
    225616,
    245613,
    259386,
    278949,
    292433,
    312235,
    325932,
    346019,
    359339,
    381006,
    392450,
    409761,
    426569,
    447864,
    460256,
    477583,
    492267,
    509646,
    529351,
    544899,
    562325,
    576918,
    597937,
    610936,
    627236,
    645082,
    660589,
    680951,
    694475,
    712720,
    728930,
    743960,
    760594,
    779146,
    794239,
    810738,
    829324,
    845849,
    860177,
    876863,
    895519,
    910422,
    926785,
    943602,
    960642,
    979662,
    993390,
    1011436,
    1029544,
    1043125,
    1062925,
    1079811,
    1093818,
    1110722,
    1127717,
    1144523,
    1160470,
    1177502,
    1194752,
    1211485,
    1227144,
    1244371,
    1261155,
    1277657,
    1293812,
    1311586,
    1328208,
    1344207,
    1361188,
    1377653,
    1395013,
    1412635
  ],
  "average_vsync_transitions_missed": 1.0,
  "90th_percentile_vsync_transitions_missed": 1.0,
  "99th_percentile_vsync_transitions_missed": 1.0,
  "average_vsync_frame_lag": 0.0,
  "90th_percentile_vsync_frame_lag": 0.0,
  "99th_percentile_vsync_frame_lag": 0.0,
  "average_layer_cache_count": 0.0,
  "90th_percentile_layer_cache_count": 0.0,
  "99th_percentile_layer_cache_count": 0.0,
  "average_frame_request_pending_latency": 14846.32183908046,
  "90th_percentile_frame_request_pending_latency": 17062.0,
  "99th_percentile_frame_request_pending_latency": 17533.0,
  "worst_layer_cache_count": 0.0,
  "average_layer_cache_memory": 0.0,
  "90th_percentile_layer_cache_memory": 0.0,
  "99th_percentile_layer_cache_memory": 0.0,
  "worst_layer_cache_memory": 0.0,
  "average_picture_cache_count": 0.0,
  "90th_percentile_picture_cache_count": 0.0,
  "99th_percentile_picture_cache_count": 0.0,
  "worst_picture_cache_count": 0.0,
  "average_picture_cache_memory": 0.0,
  "90th_percentile_picture_cache_memory": 0.0,
  "99th_percentile_picture_cache_memory": 0.0,
  "worst_picture_cache_memory": 0.0,
  "total_ui_gc_time": 32.361,
  "30hz_frame_percentage": 0.0,
  "60hz_frame_percentage": 100.0,
  "80hz_frame_percentage": 0.0,
  "90hz_frame_percentage": 0.0,
  "120hz_frame_percentage": 0.0,
  "illegal_refresh_rate_frame_count": 0,
  "average_gpu_frame_time": 0.0,
  "90th_percentile_gpu_frame_time": 0.0,
  "99th_percentile_gpu_frame_time": 0.0,
  "worst_gpu_frame_time": 0.0,
  "average_gpu_memory_mb": 113.41796900000007,
  "90th_percentile_gpu_memory_mb": 113.417969,
  "99th_percentile_gpu_memory_mb": 113.417969,
  "worst_gpu_memory_mb": 113.417969
}