{
  "average_frame_build_time_millis": 4.141315068493153,
  "90th_percentile_frame_build_time_millis": 6.605,
  "99th_percentile_frame_build_time_millis": 7.09,
  "worst_frame_build_time_millis": 8.425,
  "missed_frame_build_budget_count": 0,
  "average_frame_rasterizer_time_millis": 9.322830985915491,
  "stddev_frame_rasterizer_time_millis": 4.553852013489387,
  "90th_percentile_frame_rasterizer_time_millis": 14.194,
  "99th_percentile_frame_rasterizer_time_millis": 17.498,
  "worst_frame_rasterizer_time_millis": 29.1,
  "missed_frame_rasterizer_budget_count": 2,
  "frame_count": 73,
  "frame_rasterizer_count": 71,
  "new_gen_gc_count": 6,
  "old_gen_gc_count": 2,
  "frame_build_times": [
    4219,
    1231,
    6305,
    1230,
    6860,
    1399,
    4826,
    1220,
    6393,
    1185,
    7090,
    1376,
    4294,
    1234,
    6832,
    1271,
    5118,
    1228,
    739,
    6364,
    4452,
    6879,
    3659,
    6605,
    4546,
    4419,
    6623,
    3779,
    6964,
    4610,
    4287,
    5812,
    4584,
    4345,
    5953,
    4595,
    3668,
    4328,
    6031,
    4580,
    4014,
    6540,
    5648,
    2046,
    2581,
    4328,
    3939,
    4455,
    3668,
    3658,
    4199,
    4224,
    3665,
    3865,
    4261,
    3559,
    3457,
    3507,
    3657,
    3710,
    3670,
    3205,
    4345,
    4195,
    3954,
    3800,
    3583,
    3504,
    4014,
    3574,
    3519,
    8425,
    2414
  ],
  "frame_rasterizer_times": [
    4671,
    4304,
    5347,
    4221,
    5192,
    4761,
    4704,
    4874,
    6701,
    3911,
    5026,
    4793,
    4516,
    4400,
    5982,
    4180,
    4584,
    3977,
    4638,
    10393,
    6470,
    6950,
    4536,
    5973,
    5219,
    4735,
    5135,
    3975,
    5245,
    5172,
    4603,
    5354,
    4926,
    4592,
    5226,
    4731,
    4959,
    4700,
    29100,
    17498,
    14479,
    13801,
    15003,
    13884,
    13174,
    13854,
    13518,
    13857,
    13961,
    13412,
    12749,
    14127,
    14274,
    13082,
    13453,
    13667,
    13580,
    13590,
    13112,
    14194,
    11763,
    14255,
    13152,
    13893,
    14259,
    13146,
    13900,
    13028,
    13624,
    12829,
    13027
  ],
  "frame_begin_times": [
    0,
    16605,
    33522,
    50031,
    66710,
    83377,
    100216,
    116791,
    133799,
    150298,
    166989,
    183714,
    200322,
    217050,
    233905,
    250428,
    267118,
    283827,
    300574,
    317252,
    333918,
    350603,
    367336,
    384121,
    400616,
    417572,
    433960,
    450710,
    467394,
    484099,
    500698,
    517647,
    534113,
    550782,
    567652,
    584279,
    600879,
    617716,
    634230,
    650929,
    680288,
    702091,
    716874,
    734006,
    751248,
    767091,
    783332,
    800304,
    816774,
    833411,
    850325,
    868194,
    883654,
    900376,
    918034,
    934125,
    950739,
    967634,
    984234,
    1001751,
    1017042,
    1036304,
    1050455,
    1068224,
    1084246,
    1100825,
    1118332,
    1134188,
    1151799,
    1168477,
    1185119,
    1200750,
    1217275
  ],
  "frame_rasterizer_begin_times": [
    0,
    19817,
    33447,
    53223,
    66842,
    84920,
    100189,
    119857,
    133681,
    153599,
    167094,
    184505,
    200455,
    220705,
    233813,
    251713,
    267232,
    284105,
    303488,
    318602,
    337134,
    351443,
    371223,
    384918,
    402179,
    420437,
    434804,
    454023,
    468439,
    485294,
    503920,
    518557,
    535468,
    553800,
    568635,
    584940,
    602318,
    620517,
    635309,
    664517,
    689139,
    703773,
    717645,
    735234,
    751958,
    767782,
    784818,
    801346,
    817847,
    835085,
    852887,
    867802,
    884500,
    902602,
    918556,
    934976,
    951853,
    968558,
    985893,
    1001225,
    1020302,
    1034647,
    1052396,
    1068401,
    1084994,
    1102560,
    1118319,
    1135972,
    1152595,
    1169294,
    1186372
  ],
  "average_vsync_transitions_missed": 1.0,
  "90th_percentile_vsync_transitions_missed": 1.0,
  "99th_percentile_vsync_transitions_missed": 1.0,
  "average_vsync_frame_lag": 0.0,
  "90th_percentile_vsync_frame_lag": 0.0,
  "99th_percentile_vsync_frame_lag": 0.0,
  "average_layer_cache_count": 0.0,
  "90th_percentile_layer_cache_count": 0.0,
  "99th_percentile_layer_cache_count": 0.0,
  "average_frame_request_pending_latency": 15611.260273972603,
  "90th_percentile_frame_request_pending_latency": 17084.0,
  "99th_percentile_frame_request_pending_latency": 21529.0,
  "worst_layer_cache_count": 0.0,
  "average_layer_cache_memory": 0.0,
  "90th_percentile_layer_cache_memory": 0.0,
  "99th_percentile_layer_cache_memory": 0.0,
  "worst_layer_cache_memory": 0.0,
  "average_picture_cache_count": 0.0,
  "90th_percentile_picture_cache_count": 0.0,
  "99th_percentile_picture_cache_count": 0.0,
  "worst_picture_cache_count": 0.0,
  "average_picture_cache_memory": 0.0,
  "90th_percentile_picture_cache_memory": 0.0,
  "99th_percentile_picture_cache_memory": 0.0,
  "worst_picture_cache_memory": 0.0,
  "total_ui_gc_time": 17.038999999999998,
  "30hz_frame_percentage": 0.0,
  "60hz_frame_percentage": 100.0,
  "80hz_frame_percentage": 0.0,
  "90hz_frame_percentage": 0.0,
  "120hz_frame_percentage": 0.0,
  "illegal_refresh_rate_frame_count": 0,
  "average_gpu_frame_time": 0.0,
  "90th_percentile_gpu_frame_time": 0.0,
  "99th_percentile_gpu_frame_time": 0.0,
  "worst_gpu_frame_time": 0.0,
  "average_gpu_memory_mb": 101.05078099999994,
  "90th_percentile_gpu_memory_mb": 101.050781,
  "99th_percentile_gpu_memory_mb": 101.050781,
  "worst_gpu_memory_mb": 101.050781
}