{
  "average_frame_build_time_millis": 4.054095890410959,
  "90th_percentile_frame_build_time_millis": 6.289,
  "99th_percentile_frame_build_time_millis": 7.546,
  "worst_frame_build_time_millis": 8.935,
  "missed_frame_build_budget_count": 0,
  "average_frame_rasterizer_time_millis": 5.071222222222221,
  "stddev_frame_rasterizer_time_millis": 0.8300370370370366,
  "90th_percentile_frame_rasterizer_time_millis": 5.456,
  "99th_percentile_frame_rasterizer_time_millis": 9.563,
  "worst_frame_rasterizer_time_millis": 19.225,
  "missed_frame_rasterizer_budget_count": 1,
  "frame_count": 73,
  "frame_rasterizer_count": 72,
  "new_gen_gc_count": 6,
  "old_gen_gc_count": 2,
  "frame_build_times": [
    3185,
    1092,
    6178,
    1324,
    6247,
    1301,
    5926,
    1271,
    6331,
    1361,
    6244,
    1223,
    5418,
    1176,
    6841,
    1359,
    4302,
    1168,
    770,
    6289,
    4377,
    7059,
    4594,
    6187,
    4484,
    4628,
    6572,
    3670,
    6391,
    4787,
    4342,
    6067,
    4517,
    4290,
    5910,
    4513,
    4228,
    4203,
    5837,
    4335,
    7546,
    5808,
    2355,
    3274,
    3527,
    4070,
    3472,
    4142,
    3623,
    4065,
    3290,
    4122,
    3472,
    3640,
    4109,
    3333,
    3316,
    3307,
    3199,
    3634,
    3156,
    4128,
    3213,
    3285,
    3336,
    3617,
    3316,
    3345,
    3423,
    3458,
    3329,
    8935,
    2107
  ],
  "frame_rasterizer_times": [
    4363,
    4623,
    5106,
    4577,
    6616,
    4022,
    4503,
    4516,
    5166,
    4602,
    6609,
    3922,
    4412,
    4938,
    7813,
    5240,
    4659,
    3957,
    4513,
    5207,
    3836,
    4571,
    4720,
    5525,
    5305,
    4699,
    5384,
    4583,
    5456,
    5008,
    4709,
    5385,
    4747,
    4666,
    5430,
    4747,
    4770,
    7381,
    19225,
    9563,
    2703,
    2767,
    4737,
    4920,
    4683,
    4936,
    4737,
    5026,
    4347,
    4860,
    5215,
    4650,
    4080,
    4565,
    4531,
    4382,
    4629,
    5099,
    4057,
    4647,
    4413,
    4630,
    4250,
    4935,
    4071,
    4645,
    5097,
    5026,
    5150,
    4926,
    3935,
    5405
  ],
  "frame_begin_times": [
    0,
    16517,
    33291,
    49862,
    66631,
    83301,
    99939,
    116697,
    133484,
    150055,
    166852,
    183412,
    200439,
    217627,
    233658,
    250028,
    266895,
    283423,
    300612,
    317007,
    333504,
    350283,
    366912,
    383714,
    400534,
    417034,
    433841,
    450601,
    467098,
    483937,
    500646,
    517253,
    533979,
    550772,
    567335,
    584224,
    600692,
    617372,
    634260,
    650297,
    667333,
    695693,
    717336,
    734219,
    750776,
    767438,
    784434,
    800913,
    817506,
    834369,
    851057,
    867784,
    884512,
    901116,
    917888,
    934587,
    951148,
    968058,
    984578,
    1001270,
    1018085,
    1034748,
    1051434,
    1068315,
    1084753,
    1101503,
    1118202,
    1134911,
    1151880,
    1168087,
    1184697,
    1201535,
    1217175
  ],
  "frame_rasterizer_begin_times": [
    0,
    19497,
    33507,
    53404,
    66824,
    84861,
    100223,
    119721,
    133724,
    153465,
    166941,
    184769,
    201152,
    220631,
    233666,
    251425,
    266955,
    284307,
    303366,
    318312,
    336889,
    351066,
    370486,
    384987,
    401907,
    420545,
    434757,
    453997,
    468477,
    485453,
    503691,
    518515,
    535570,
    553774,
    568681,
    584912,
    602200,
    620605,
    634585,
    653963,
    684991,
    701245,
    718281,
    734963,
    752183,
    768641,
    785474,
    801767,
    818592,
    835228,
    852505,
    868675,
    885362,
    902402,
    918768,
    935334,
    952215,
    968745,
    985648,
    1002287,
    1018940,
    1035578,
    1052486,
    1068903,
    1085787,
    1102396,
    1119112,
    1136045,
    1152275,
    1168904,
    1187100,
    1201725
  ],
  "average_vsync_transitions_missed": 1.0,
  "90th_percentile_vsync_transitions_missed": 1.0,
  "99th_percentile_vsync_transitions_missed": 1.0,
  "average_vsync_frame_lag": 0.0,
  "90th_percentile_vsync_frame_lag": 0.0,
  "99th_percentile_vsync_frame_lag": 0.0,
  "average_layer_cache_count": 0.0,
  "90th_percentile_layer_cache_count": 0.0,
  "99th_percentile_layer_cache_count": 0.0,
  "average_frame_request_pending_latency": 15625.191780821919,
  "90th_percentile_frame_request_pending_latency": 16485.0,
  "99th_percentile_frame_request_pending_latency": 21142.0,
  "worst_layer_cache_count": 0.0,
  "average_layer_cache_memory": 0.0,
  "90th_percentile_layer_cache_memory": 0.0,
  "99th_percentile_layer_cache_memory": 0.0,
  "worst_layer_cache_memory": 0.0,
  "average_picture_cache_count": 0.0,
  "90th_percentile_picture_cache_count": 0.0,
  "99th_percentile_picture_cache_count": 0.0,
  "worst_picture_cache_count": 0.0,
  "average_picture_cache_memory": 0.0,
  "90th_percentile_picture_cache_memory": 0.0,
  "99th_percentile_picture_cache_memory": 0.0,
  "worst_picture_cache_memory": 0.0,
  "total_ui_gc_time": 23.381,
  "30hz_frame_percentage": 0.0,
  "60hz_frame_percentage": 100.0,
  "80hz_frame_percentage": 0.0,
  "90hz_frame_percentage": 0.0,
  "120hz_frame_percentage": 0.0,
  "illegal_refresh_rate_frame_count": 0,
  "average_gpu_frame_time": 0.0,
  "90th_percentile_gpu_frame_time": 0.0,
  "99th_percentile_gpu_frame_time": 0.0,
  "worst_gpu_frame_time": 0.0,
  "average_gpu_memory_mb": 101.05078099999994,
  "90th_percentile_gpu_memory_mb": 101.050781,
  "99th_percentile_gpu_memory_mb": 101.050781,
  "worst_gpu_memory_mb": 101.050781
}