{
  "average_frame_build_time_millis": 4.588253731343283,
  "90th_percentile_frame_build_time_millis": 7.367,
  "99th_percentile_frame_build_time_millis": 8.016,
  "worst_frame_build_time_millis": 8.151,
  "missed_frame_build_budget_count": 0,
  "average_frame_rasterizer_time_millis": 13.203246153846148,
  "stddev_frame_rasterizer_time_millis": 1.3505434319526646,
  "90th_percentile_frame_rasterizer_time_millis": 14.571,
  "99th_percentile_frame_rasterizer_time_millis": 15.497,
  "worst_frame_rasterizer_time_millis": 20.5,
  "missed_frame_rasterizer_budget_count": 1,
  "frame_count": 67,
  "frame_rasterizer_count": 65,
  "new_gen_gc_count": 6,
  "old_gen_gc_count": 2,
  "frame_build_times": [
    5756,
    1499,
    7600,
    1379,
    5188,
    1162,
    4958,
    1566,
    8016,
    1425,
    4079,
    1507,
    929,
    7951,
    4637,
    7676,
    3794,
    8151,
    4737,
    7315,
    5208,
    4596,
    6741,
    4844,
    4724,
    6540,
    4965,
    4789,
    6676,
    4890,
    3794,
    4561,
    7367,
    4017,
    4005,
    4726,
    6653,
    4997,
    3972,
    4520,
    3987,
    7455,
    4871,
    3927,
    3896,
    4130,
    4495,
    4128,
    7291,
    3924,
    4986,
    3807,
    3060,
    5499,
    1668,
    2873,
    3816,
    4530,
    4103,
    4131,
    4031,
    4087,
    3947,
    3870,
    3876,
    7887,
    1228
  ],
  "frame_rasterizer_times": [
    14564,
    12268,
    14592,
    11873,
    14490,
    14114,
    15069,
    10662,
    14968,
    14009,
    13827,
    13562,
    10909,
    12566,
    11758,
    14265,
    11528,
    12804,
    11407,
    13961,
    13510,
    11873,
    13887,
    13578,
    11981,
    13842,
    13601,
    10882,
    14842,
    13410,
    13529,
    9892,
    13929,
    14229,
    12679,
    11870,
    13721,
    14203,
    12732,
    14138,
    11878,
    13087,
    14182,
    14275,
    14203,
    13774,
    14233,
    11413,
    12958,
    13924,
    20500,
    2498,
    7310,
    15497,
    14210,
    13985,
    13543,
    13218,
    14103,
    12954,
    14571,
    14156,
    13977,
    14331,
    13907
  ],
  "frame_begin_times": [
    0,
    16230,
    32295,
    49370,
    66149,
    82663,
    99417,
    115786,
    133480,
    149135,
    165719,
    183532,
    199607,
    216368,
    233522,
    249147,
    265804,
    282472,
    300589,
    315951,
    332949,
    349601,
    366050,
    382757,
    399503,
    416264,
    432933,
    449609,
    467380,
    482895,
    500464,
    516488,
    534824,
    549694,
    566243,
    584043,
    599701,
    616496,
    633206,
    650806,
    666524,
    683125,
    701028,
    716782,
    733277,
    749985,
    766628,
    783419,
    800341,
    817981,
    833384,
    850196,
    892196,
    908423,
    916861,
    934362,
    950259,
    966863,
    983532,
    1000266,
    1018156,
    1033549,
    1050395,
    1067157,
    1083747,
    1100934,
    1117145
  ],
  "frame_rasterizer_begin_times": [
    0,
    19390,
    33056,
    53513,
    66343,
    84111,
    99652,
    121035,
    132910,
    150584,
    167381,
    183642,
    203881,
    218582,
    236348,
    250223,
    269927,
    285292,
    303488,
    317645,
    334691,
    353065,
    367573,
    384702,
    403153,
    417776,
    434672,
    454361,
    467707,
    484906,
    501568,
    522094,
    534219,
    550624,
    569235,
    586713,
    601350,
    617636,
    635920,
    650968,
    670369,
    685732,
    701254,
    717700,
    734539,
    751752,
    767986,
    787728,
    802436,
    818191,
    834625,
    879552,
    894650,
    902045,
    918418,
    934718,
    951998,
    968119,
    984911,
    1002648,
    1018040,
    1034861,
    1051732,
    1068232,
    1085677
  ],
  "average_vsync_transitions_missed": 1.0,
  "90th_percentile_vsync_transitions_missed": 1.0,
  "99th_percentile_vsync_transitions_missed": 1.0,
  "average_vsync_frame_lag": 0.0,
  "90th_percentile_vsync_frame_lag": 0.0,
  "99th_percentile_vsync_frame_lag": 0.0,
  "average_layer_cache_count": 0.0,
  "90th_percentile_layer_cache_count": 0.0,
  "99th_percentile_layer_cache_count": 0.0,
  "average_frame_request_pending_latency": 15714.462686567163,
  "90th_percentile_frame_request_pending_latency": 17209.0,
  "99th_percentile_frame_request_pending_latency": 17920.0,
  "worst_layer_cache_count": 0.0,
  "average_layer_cache_memory": 0.0,
  "90th_percentile_layer_cache_memory": 0.0,
  "99th_percentile_layer_cache_memory": 0.0,
  "worst_layer_cache_memory": 0.0,
  "average_picture_cache_count": 0.0,
  "90th_percentile_picture_cache_count": 0.0,
  "99th_percentile_picture_cache_count": 0.0,
  "worst_picture_cache_count": 0.0,
  "average_picture_cache_memory": 0.0,
  "90th_percentile_picture_cache_memory": 0.0,
  "99th_percentile_picture_cache_memory": 0.0,
  "worst_picture_cache_memory": 0.0,
  "total_ui_gc_time": 23.044,
  "30hz_frame_percentage": 0.0,
  "60hz_frame_percentage": 100.0,
  "80hz_frame_percentage": 0.0,
  "90hz_frame_percentage": 0.0,
  "120hz_frame_percentage": 0.0,
  "illegal_refresh_rate_frame_count": 0,
  "average_gpu_frame_time": 0.0,
  "90th_percentile_gpu_frame_time": 0.0,
  "99th_percentile_gpu_frame_time": 0.0,
  "worst_gpu_frame_time": 0.0,
  "average_gpu_memory_mb": 101.05078099999994,
  "90th_percentile_gpu_memory_mb": 101.050781,
  "99th_percentile_gpu_memory_mb": 101.050781,
  "worst_gpu_memory_mb": 101.050781
}