{
  "average_frame_build_time_millis": 3.1662947368421053,
  "90th_percentile_frame_build_time_millis": 4.191,
  "99th_percentile_frame_build_time_millis": 8.839,
  "worst_frame_build_time_millis": 11.174,
  "missed_frame_build_budget_count": 0,
  "average_frame_rasterizer_time_millis": 17.103084656084665,
  "stddev_frame_rasterizer_time_millis": 1.7802427703591714,
  "90th_percentile_frame_rasterizer_time_millis": 18.158,
  "99th_percentile_frame_rasterizer_time_millis": 30.467,
  "worst_frame_rasterizer_time_millis": 31.845,
  "missed_frame_rasterizer_budget_count": 163,
  "frame_count": 190,
  "frame_rasterizer_count": 189,
  "new_gen_gc_count": 4,
  "old_gen_gc_count": 0,
  "frame_build_times": [
    663,
    702,
    11174,
    4135,
    5161,
    2450,
    3917,
    3343,
    3215,
    3189,
    3076,
    2927,
    2894,
    3438,
    3788,
    3682,
    3354,
    3700,
    3775,
    3723,
    3883,
    3390,
    3575,
    711,
    3468,
    593,
    3297,
    697,
    3173,
    610,
    3170,
    625,
    2925,
    592,
    6789,
    3390,
    3408,
    3631,
    3608,
    3782,
    3922,
    3688,
    3677,
    3797,
    3800,
    4311,
    3774,
    3523,
    3877,
    4195,
    3444,
    2953,
    3128,
    2978,
    3277,
    3238,
    3093,
    3207,
    627,
    666,
    566,
    767,
    505,
    1085,
    586,
    8839,
    3547,
    4384,
    3849,
    4579,
    3428,
    4030,
    3598,
    4524,
    4287,
    3949,
    3973,
    3521,
    3398,
    3478,
    3498,
    3466,
    3580,
    3248,
    3614,
    3575,
    3609,
    562,
    3969,
    694,
    4010,
    558,
    4015,
    546,
    4141,
    648,
    7768,
    4085,
    4191,
    4172,
    4281,
    3975,
    4090,
    3567,
    3501,
    3855,
    3350,
    3395,
    3667,
    3440,
    3527,
    3513,
    3576,
    3628,
    3596,
    3853,
    4017,
    4191,
    4417,
    3959,
    596,
    560,
    618,
    684,
    782,
    632,
    640,
    9499,
    3260,
    4206,
    3062,
    3380,
    4391,
    4037,
    3671,
    3560,
    3523,
    3220,
    2928,
    3244,
    3179,
    3208,
    3227,
    3113,
    3111,
    3524,
    3259,
    3428,
    3380,
    3495,
    722,
    3830,
    555,
    3789,
    663,
    3585,
    598,
    3701,
    510,
    7621,
    3671,
    3660,
    3296,
    3657,
    3353,
    3044,
    3188,
    3031,
    3217,
    3301,
    3143,
    3013,
    3342,
    3314,
    3360,
    3627,
    3528,
    4274,
    4071,
    3791,
    3862,
    3708,
    3785,
    3748,
    630,
    700,
    529,
    633,
    527,
    564
  ],
  "frame_rasterizer_times": [
    8542,
    8433,
    28818,
    31541,
    29704,
    23736,
    20945,
    17906,
    17753,
    16451,
    18158,
    16864,
    18038,
    16432,
    18047,
    16518,
    18221,
    17029,
    17261,
    17506,
    16891,
    14931,
    15996,
    16142,
    16575,
    17166,
    17376,
    16870,
    17147,
    17070,
    18099,
    16825,
    17909,
    16132,
    18200,
    17408,
    16883,
    17672,
    17201,
    17235,
    17230,
    17288,
    16409,
    17852,
    17220,
    17054,
    17086,
    16957,
    15524,
    17163,
    17441,
    17399,
    17228,
    17177,
    17211,
    17174,
    17977,
    16439,
    14018,
    13474,
    14408,
    9396,
    7184,
    7564,
    6843,
    17161,
    29549,
    30467,
    27669,
    21453,
    19290,
    17958,
    17227,
    15998,
    16681,
    17009,
    17372,
    17242,
    17019,
    17226,
    17113,
    17084,
    17247,
    17722,
    16900,
    17550,
    17585,
    17259,
    16764,
    17686,
    17060,
    17094,
    17057,
    16635,
    17744,
    17150,
    16961,
    16764,
    17239,
    16788,
    16536,
    16677,
    17265,
    17163,
    17307,
    17053,
    17159,
    17261,
    16943,
    18063,
    17442,
    16173,
    18042,
    17224,
    17210,
    17457,
    17114,
    17216,
    17266,
    17147,
    14018,
    14257,
    14095,
    9303,
    7252,
    8252,
    8017,
    25063,
    31845,
    30217,
    23012,
    19741,
    18050,
    16984,
    15438,
    16253,
    16771,
    17278,
    17108,
    17140,
    17332,
    17120,
    17568,
    17476,
    16635,
    18230,
    16481,
    18094,
    16562,
    17833,
    16901,
    16767,
    17510,
    17270,
    17112,
    17343,
    16983,
    17120,
    16564,
    16197,
    15915,
    16567,
    16845,
    17356,
    17035,
    17081,
    17172,
    17248,
    17950,
    16123,
    18305,
    17223,
    17055,
    17252,
    17165,
    17166,
    17355,
    17234,
    17158,
    17233,
    16971,
    17005,
    17146,
    17186,
    13773,
    17041,
    7029,
    8649,
    7265
  ],
  "frame_begin_times": [
    0,
    116767,
    134047,
    149244,
    166412,
    199655,
    233299,
    267102,
    283584,
    299784,
    317020,
    333704,
    350007,
    366343,
    383452,
    400227,
    416319,
    433423,
    450071,
    466709,
    483367,
    517272,
    534242,
    550953,
    567165,
    584042,
    600182,
    617432,
    634347,
    650714,
    667534,
    684257,
    700575,
    717617,
    734110,
    750526,
    767492,
    784179,
    800803,
    817543,
    834255,
    851392,
    867487,
    884221,
    900860,
    920924,
    934059,
    951272,
    984639,
    1000335,
    1017865,
    1034233,
    1051275,
    1068105,
    1084569,
    1100699,
    1117305,
    1134482,
    1151901,
    1168080,
    1184844,
    1302747,
    1418126,
    1534868,
    1651690,
    1669112,
    1685615,
    1702040,
    1718721,
    1751442,
    1785289,
    1801692,
    1818527,
    1852246,
    1869183,
    1886026,
    1902501,
    1918774,
    1935909,
    1952519,
    1969270,
    1985988,
    2002328,
    2019796,
    2036462,
    2052416,
    2069329,
    2086066,
    2102897,
    2119208,
    2135963,
    2152803,
    2169632,
    2186039,
    2201823,
    2219152,
    2235886,
    2252640,
    2269727,
    2286721,
    2319289,
    2336357,
    2353017,
    2369858,
    2386599,
    2403294,
    2420085,
    2436631,
    2453421,
    2470314,
    2485962,
    2503610,
    2519531,
    2536359,
    2553432,
    2569987,
    2586594,
    2603343,
    2620413,
    2636662,
    2653469,
    2670005,
    2686745,
    2804223,
    2920085,
    3037496,
    3154622,
    3170077,
    3191006,
    3205241,
    3237411,
    3271094,
    3287619,
    3304229,
    3338468,
    3354535,
    3371264,
    3387641,
    3404322,
    3421590,
    3438017,
    3454735,
    3471629,
    3488299,
    3504336,
    3521274,
    3537862,
    3554782,
    3571673,
    3588119,
    3604424,
    3621479,
    3638169,
    3654796,
    3671446,
    3687414,
    3704843,
    3721323,
    3738197,
    3771949,
    3788561,
    3805325,
    3821548,
    3838193,
    3855387,
    3872052,
    3889080,
    3906422,
    3922059,
    3938787,
    3955109,
    3972368,
    3989450,
    4005548,
    4022027,
    4038718,
    4055422,
    4072033,
    4088778,
    4105952,
    4122088,
    4138725,
    4155358,
    4172137,
    4188615,
    4205500,
    4321380,
    4439154,
    4555835,
    4672596
  ],