{
  "average_frame_build_time_millis": 2.8082604166666663,
  "90th_percentile_frame_build_time_millis": 3.644,
  "99th_percentile_frame_build_time_millis": 7.357,
  "worst_frame_build_time_millis": 8.905,
  "missed_frame_build_budget_count": 0,
  "average_frame_rasterizer_time_millis": 16.85172105263157,
  "stddev_frame_rasterizer_time_millis": 1.7838507479224408,
  "90th_percentile_frame_rasterizer_time_millis": 18.14,
  "99th_percentile_frame_rasterizer_time_millis": 30.298,
  "worst_frame_rasterizer_time_millis": 30.929,
  "missed_frame_rasterizer_budget_count": 160,
  "frame_count": 192,
  "frame_rasterizer_count": 190,
  "new_gen_gc_count": 4,
  "old_gen_gc_count": 0,
  "frame_build_times": [
    3428,
    2658,
    2943,
    3762,
    3158,
    2942,
    3039,
    2928,
    2836,
    2966,
    2764,
    2886,
    3255,
    3715,
    3202,
    3524,
    3429,
    3443,
    3027,
    3329,
    3061,
    2903,
    576,
    2986,
    578,
    3057,
    700,
    2841,
    562,
    3095,
    622,
    2870,
    602,
    6369,
    3045,
    2952,
    3584,
    3384,
    3486,
    3638,
    3133,
    3526,
    3347,
    3032,
    3209,
    3145,
    3080,
    3234,
    2831,
    2794,
    2785,
    3035,
    2953,
    2909,
    2967,
    2848,
    2921,
    494,
    530,
    572,
    715,
    472,
    558,
    470,
    8225,
    3448,
    3697,
    3491,
    3356,
    3618,
    3244,
    3546,
    3674,
    3123,
    3794,
    3583,
    3633,
    3891,
    3389,
    3238,
    3324,
    3046,
    3165,
    3352,
    3198,
    3108,
    3337,
    650,
    3282,
    543,
    3191,
    593,
    3407,
    501,
    3644,
    510,
    7357,
    3689,
    3238,
    3578,
    4070,
    3901,
    3487,
    3330,
    3379,
    3115,
    3384,
    3181,
    3150,
    3221,
    3305,
    3310,
    3201,
    3510,
    3168,
    3527,
    3629,
    3796,
    3790,
    3311,
    474,
    516,
    462,
    606,
    479,
    522,
    466,
    8905,
    3368,
    3503,
    2900,
    2945,
    3013,
    3069,
    2993,
    2813,
    2945,
    2948,
    2917,
    3300,
    3611,
    3381,
    3039,
    3582,
    3251,
    3525,
    3504,
    3804,
    2759,
    2971,
    584,
    2895,
    561,
    2920,
    603,
    3010,
    589,
    2830,
    457,
    2770,
    538,
    6434,
    3005,
    3236,
    3646,
    3538,
    3666,
    3250,
    3262,
    3628,
    3445,
    3345,
    2935,
    2753,
    2890,
    3198,
    2902,
    2981,
    2873,
    2949,
    3030,
    3090,
    3014,
    2837,
    2792,
    590,
    527,
    575,
    709,
    611,
    532,
    482
  ],
  "frame_rasterizer_times": [
    30757,
    23345,
    19584,
    17975,
    17548,
    16730,
    17570,
    16458,
    18120,
    16495,
    17929,
    17378,
    17172,
    17505,
    17432,
    16569,
    17481,
    15154,
    16915,
    16646,
    17299,
    16915,
    18173,
    16291,
    17262,
    16982,
    18259,
    16482,
    17779,
    16386,
    17929,
    17289,
    17333,
    17095,
    17217,
    17170,
    17197,
    17429,
    17060,
    17501,
    16825,
    15080,
    15324,
    16615,
    17046,
    16961,
    17260,
    17485,
    16892,
    17726,
    17184,
    17195,
    16755,
    17231,
    17885,
    16792,
    13676,
    14576,
    14106,
    7586,
    5540,
    5697,
    5449,
    15375,
    28221,
    30929,
    28059,
    21635,
    17771,
    17983,
    16901,
    17463,
    18126,
    16833,
    15372,
    15222,
    16029,
    16989,
    17566,
    17432,
    16995,
    17259,
    18014,
    17132,
    16891,
    18140,
    16154,
    18263,
    17150,
    17271,
    17212,
    17218,
    17237,
    17285,
    17380,
    17298,
    16984,
    16470,
    14788,
    15956,
    16443,
    17321,
    17585,
    17166,
    16973,
    17832,
    16680,
    17763,
    17573,
    16449,
    18089,
    17220,
    17314,
    17282,
    17235,
    17619,
    17265,
    17350,
    17083,
    14246,
    14156,
    13573,
    7387,
    5584,
    5439,
    5569,
    21570,
    25723,
    30298,
    23340,
    20498,
    17223,
    17696,
    16367,
    18159,
    16444,
    17892,
    16860,
    18030,
    16503,
    18199,
    17197,
    17112,
    16632,
    17051,
    16012,
    17743,
    17122,
    17313,
    17161,
    17179,
    17211,
    18227,
    16326,
    18258,
    16513,
    17863,
    16714,
    17689,
    16993,
    17189,
    17694,
    17125,
    17299,
    17354,
    17426,
    16938,
    14949,
    15804,
    16872,
    17263,
    17471,
    17373,
    17122,
    17960,
    16366,
    17759,
    17682,
    17063,
    17136,
    17232,
    17227,
    17285,
    16877,
    14210,
    14347,
    13358,
    7498,
    5274,
    5660
  ],
  "frame_begin_times": [
    0,
    16093,
    49953,
    66183,
    100177,
    116825,
    133140,
    149812,
    166439,
    183687,
    200343,
    216616,
    233334,
    250053,
    266674,
    283234,
    300557,
    317428,
    351407,
    366924,
    384631,
    400536,
    416977,
    433911,
    450413,
    467133,
    483953,
    500627,
    517348,
    533690,
    551012,
    567076,
    583934,
    600727,
    617222,
    633722,
    649991,
    667365,
    684498,
    700544,
    717189,
    733846,
    767841,
    784619,
    800641,
    817690,
    834370,
    851145,
    867644,
    884469,
    901044,
    917924,
    934596,
    951330,
    967842,
    985119,
    1000512,
    1017562,
    1034996,
    1051416,
    1169019,
    1284850,
    1401565,
    1518311,
    1535747,
    1552242,
    1569013,
    1585134,
    1618468,
    1652365,
    1668478,
    1685203,
    1702074,
    1718530,
    1734762,
    1769032,
    1786246,
    1802156,
    1819001,
    1835798,
    1852563,
    1869115,
    1885886,
    1902443,
    1919246,
    1935947,
    1952568,
    1969235,
    1986114,
    2002046,
    2019170,
    2036166,
    2052758,
    2069568,
    2086075,
    2102768,
    2119306,
    2136010,
    2152444,
    2186963,
    2203082,
    2219538,
    2236360,
    2253019,
    2269795,
    2286329,
    2302589,
    2319827,
    2336573,
    2353127,
    2370344,
    2386948,
    2402477,
    2419658,
    2436439,
    2453253,
    2470161,
    2486607,
    2503172,
    2519833,
    2536482,
    2553044,
    2570254,
    2687326,
    2803397,
    2920342,
    3037067,
    3054532,
    3071162,
    3087073,
    3120606,
    3136729,
    3170474,
    3187500,
    3203448,
    3220403,
    3237902,
    3254241,
    3271167,
    3287760,
    3303819,
    3321173,
    3337804,
    3354274,
    3370831,
    3388148,
    3421251,
    3437729,
    3453735,
    3471381,
    3488123,
    3504373,
    3521669,
    3538571,
    3555011,
    3571481,
    3588423,
    3604835,
    3621403,
    3638234,
    3655216,
    3671588,
    3688166,
    3704988,
    3721941,
    3738437,
    3755246,
    3771376,
    3805485,
    3821770,
    3838276,
    3855210,
    3871976,
    3888591,
    3904492,
    3922030,
    3938425,
    3955663,
    3972303,
    3988714,
    4005364,
    4022401,
    4038814,
    4055823,
    4072243,
    4088872,
    4105038,
    4122148,
    4239477,
    4355586,
    4472412,
    4589351
  ],