{
  "average_frame_build_time_millis": 2.906370370370369,
  "90th_percentile_frame_build_time_millis": 3.81,
  "99th_percentile_frame_build_time_millis": 7.781,
  "worst_frame_build_time_millis": 9.527,
  "missed_frame_build_budget_count": 0,
  "average_frame_rasterizer_time_millis": 16.940356382978734,
  "stddev_frame_rasterizer_time_millis": 1.864730534178357,
  "90th_percentile_frame_rasterizer_time_millis": 18.109,
  "99th_percentile_frame_rasterizer_time_millis": 30.568,
  "worst_frame_rasterizer_time_millis": 31.792,
  "missed_frame_rasterizer_budget_count": 162,
  "frame_count": 189,
  "frame_rasterizer_count": 188,
  "new_gen_gc_count": 4,
  "old_gen_gc_count": 0,
  "frame_build_times": [
    3968,
    2715,
    3055,
    3929,
    3838,
    2289,
    1945,
    2082,
    3016,
    3231,
    2905,
    2080,
    3196,
    3328,
    3048,
    3231,
    2853,
    3009,
    3106,
    2923,
    3063,
    3230,
    578,
    2733,
    606,
    2978,
    523,
    3687,
    471,
    3405,
    492,
    3203,
    467,
    7781,
    3810,
    2158,
    3045,
    3033,
    2884,
    3091,
    3107,
    2901,
    3060,
    3083,
    2934,
    2798,
    3001,
    3404,
    3128,
    2999,
    3789,
    3562,
    3654,
    3256,
    3135,
    4019,
    3513,
    542,
    692,
    655,
    495,
    691,
    654,
    9417,
    3933,
    4159,
    3244,
    3083,
    4600,
    3654,
    3540,
    3338,
    3343,
    3292,
    3325,
    3354,
    3365,
    3356,
    3441,
    3374,
    3293,
    3057,
    3334,
    3258,
    3732,
    580,
    3647,
    549,
    3825,
    522,
    3767,
    652,
    3797,
    3538,
    550,
    7221,
    3212,
    3468,
    3387,
    3445,
    3444,
    3253,
    3409,
    3444,
    3438,
    3347,
    3194,
    3335,
    3243,
    3422,
    3406,
    3272,
    3974,
    3863,
    3795,
    3657,
    4113,
    4028,
    3386,
    532,
    640,
    800,
    657,
    659,
    482,
    668,
    734,
    9527,
    3235,
    5440,
    2625,
    3137,
    4064,
    3071,
    3634,
    3146,
    3200,
    2842,
    2824,
    3106,
    3043,
    3071,
    3012,
    2962,
    3077,
    2887,
    2903,
    2966,
    3061,
    3191,
    568,
    3535,
    570,
    3503,
    578,
    3166,
    483,
    3092,
    7689,
    3501,
    3042,
    3126,
    3030,
    3032,
    3026,
    2979,
    2883,
    2972,
    3248,
    3063,
    2933,
    2899,
    2935,
    2860,
    3197,
    3463,
    3134,
    2885,
    3381,
    3208,
    3506,
    3392,
    3691,
    645,
    588,
    968,
    571,
    513,
    521
  ],
  "frame_rasterizer_times": [
    30972,
    23313,
    21472,
    17919,
    17643,
    17328,
    17202,
    20360,
    20667,
    12272,
    16447,
    16802,
    17145,
    17364,
    17748,
    17052,
    17256,
    17912,
    17849,
    17171,
    16872,
    17244,
    17765,
    17322,
    17449,
    17347,
    17243,
    17269,
    17413,
    16999,
    16940,
    16489,
    16786,
    17227,
    17386,
    17218,
    17453,
    17283,
    18277,
    17517,
    17278,
    17296,
    16911,
    17937,
    17510,
    17188,
    17152,
    17270,
    17450,
    17304,
    17807,
    16457,
    16872,
    15541,
    15941,
    16824,
    14409,
    13754,
    6155,
    5704,
    6475,
    6984,
    26362,
    30217,
    30568,
    23445,
    19434,
    18144,
    17229,
    17380,
    17224,
    17366,
    17099,
    17305,
    17346,
    17040,
    17656,
    17660,
    16351,
    18196,
    16308,
    18109,
    16886,
    17873,
    17174,
    17344,
    16771,
    17684,
    16866,
    16796,
    17019,
    15490,
    17046,
    17213,
    17359,
    17225,
    17297,
    17054,
    17247,
    17316,
    17991,
    17315,
    17073,
    17258,
    17053,
    17571,
    17132,
    16922,
    17403,
    17258,
    17158,
    17355,
    18022,
    16302,
    15488,
    15853,
    16454,
    16991,
    14343,
    13566,
    12911,
    14358,
    6417,
    5291,
    6410,
    6073,
    23859,
    31792,
    30422,
    23559,
    19925,
    18921,
    16481,
    16399,
    17025,
    17348,
    17530,
    17061,
    17259,
    17649,
    16966,
    17783,
    17630,
    17160,
    17089,
    16890,
    18027,
    16589,
    17936,
    17073,
    17201,
    17156,
    17354,
    16375,
    17356,
    16825,
    16029,
    16998,
    16510,
    17265,
    17291,
    17205,
    17418,
    17824,
    16735,
    17755,
    17047,
    16721,
    18088,
    17074,
    16465,
    17445,
    17792,
    17103,
    17266,
    17185,
    17352,
    17023,
    17010,
    17121,
    16824,
    16782,
    14628,
    13627,
    6148,
    5702,
    5292,
    5743
  ],
  "frame_begin_times": [
    0,
    17087,
    51069,
    67782,
    100964,
    117321,
    133913,
    150529,
    167134,
    183752,
    217033,
    234564,
    251490,
    267828,
    284388,
    301214,
    317877,
    334574,
    351471,
    368109,
    384711,
    400955,
    418067,
    434542,
    451276,
    468311,
    484689,
    501315,
    518283,
    534685,
    551524,
    567949,
    584851,
    618647,
    634588,
    651664,
    668059,
    685084,
    701988,
    718724,
    735470,
    752173,
    768531,
    784915,
    802108,
    818425,
    835413,
    851891,
    868567,
    885183,
    901922,
    918416,
    935081,
    952409,
    985779,
    1002147,
    1018901,
    1035721,
    1052279,
    1170524,
    1285619,
    1403549,
    1519794,
    1536796,
    1553240,
    1570473,
    1602863,
    1636485,
    1653046,
    1686541,
    1703370,
    1719949,
    1736548,
    1752724,
    1770024,
    1786703,
    1803195,
    1819806,
    1836411,
    1852876,
    1870262,
    1886210,
    1903777,
    1919973,
    1936946,
    1953560,
    1970217,
    1986870,
    2003376,
    2019978,
    2037073,
    2054631,
    2087914,
    2103861,
    2120473,
    2137060,
    2154045,
    2170589,
    2187381,
    2203931,
    2220197,
    2237248,
    2254551,
    2270652,
    2286741,
    2303786,
    2320454,
    2337557,
    2353979,
    2370591,
    2387392,
    2404029,
    2420703,
    2437327,
    2454101,
    2487741,
    2504538,
    2521026,
    2537284,
    2554130,
    2571293,
    2587821,
    2603880,
    2722973,
    2837859,
    2955210,
    3071959,
    3089150,
    3104249,
    3122912,
    3155333,
    3189267,
    3205099,
    3221734,
    3255406,
    3272194,
    3288799,
    3305537,
    3322305,
    3338887,
    3355706,
    3372277,
    3389321,
    3406169,
    3423412,
    3438292,
    3455489,
    3472248,
    3488927,
    3505789,
    3522503,
    3539130,
    3555671,
    3572230,
    3588797,
    3605668,
    3622166,
    3656399,
    3672648,
    3689354,
    3706127,
    3723549,
    3739686,
    3756266,
    3772823,
    3789618,
    3806306,
    3822823,
    3838757,
    3857157,
    3872903,
    3889383,
    3906342,
    3923053,
    3939386,
    3956235,
    3973115,
    3989642,
    4005593,
    4023192,
    4039542,
    4056453,
    4073464,
    4090595,
    4123041,
    4240888,
    4356580,
    4473527,
    4590221
  ],