{
  "average_frame_build_time_millis": 2.5276546762589924,
  "90th_percentile_frame_build_time_millis": 3.054,
  "99th_percentile_frame_build_time_millis": 4.428,
  "worst_frame_build_time_millis": 8.191,
  "missed_frame_build_budget_count": 0,
  "average_frame_rasterizer_time_millis": 3.3997826086956535,
  "stddev_frame_rasterizer_time_millis": 0.2137448015122875,
  "90th_percentile_frame_rasterizer_time_millis": 3.742,
  "99th_percentile_frame_rasterizer_time_millis": 4.303,
  "worst_frame_rasterizer_time_millis": 4.607,
  "missed_frame_rasterizer_budget_count": 0,
  "frame_count": 139,
  "frame_rasterizer_count": 138,
  "new_gen_gc_count": 2,
  "old_gen_gc_count": 0,
  "frame_build_times": [
    2526,
    2524,
    2569,
    3054,
    2744,
    2561,
    2552,
    2769,
    2546,
    3042,
    2855,
    2467,
    2564,
    2690,
    2531,
    2995,
    2713,
    2528,
    2525,
    2706,
    2832,
    2871,
    2749,
    2846,
    2662,
    2712,
    2533,
    3227,
    2500,
    2470,
    2476,
    2654,
    2647,
    3084,
    2638,
    2534,
    2563,
    2573,
    2540,
    3135,
    2655,
    2372,
    2703,
    2635,
    2541,
    3233,
    2699,
    3401,
    964,
    8191,
    2187,
    4022,
    2464,
    4031,
    2625,
    4090,
    2523,
    4428,
    2439,
    3712,
    2185,
    3771,
    959,
    2633,
    921,
    2633,
    909,
    2660,
    916,
    2919,
    820,
    2474,
    941,
    2521,
    868,
    2933,
    793,
    2522,
    857,
    2433,
    868,
    3084,
    939,
    639,
    3517,
    2690,
    2537,
    2561,
    2961,
    2802,
    2456,
    2625,
    2988,
    2292,
    2475,
    2440,
    2319,
    2380,
    2279,
    2174,
    2319,
    2419,
    2586,
    2415,
    2254,
    2167,
    2792,
    2277,
    2530,
    2274,
    2381,
    2646,
    2466,
    2420,
    2411,
    2403,
    2480,
    2578,
    2498,
    2529,
    2989,
    2238,
    2455,
    2578,
    2461,
    2306,
    2398,
    2474,
    2440,
    2664,
    2498,
    2329,
    2442,
    2273,
    2480,
    2636,
    2669,
    3047,
    806
  ],
  "frame_rasterizer_times": [
    3209,
    3268,
    3076,
    3356,
    3587,
    3360,
    3321,
    3368,
    3119,
    3237,
    3448,
    3290,
    3467,
    3618,
    3204,
    3192,
    3330,
    3308,
    3166,
    3851,
    3659,
    2799,
    3539,
    3160,
    3184,
    3555,
    3117,
    3393,
    3090,
    3260,
    3156,
    3254,
    3116,
    3034,
    3505,
    3177,
    3167,
    3217,
    3050,
    3036,
    3564,
    3387,
    3263,
    3234,
    3058,
    3522,
    3372,
    3874,
    3824,
    3365,
    3446,
    3717,
    3231,
    3690,
    3720,
    3708,
    3680,
    4038,
    3659,
    4607,
    3551,
    3763,
    3144,
    3852,
    3291,
    3524,
    3339,
    3355,
    3567,
    3371,
    3406,
    3258,
    3318,
    3399,
    3963,
    3520,
    3273,
    3448,
    3131,
    3224,
    4303,
    3325,
    3095,
    3058,
    3587,
    3321,
    3512,
    3742,
    3276,
    3637,
    3304,
    3488,
    3765,
    3253,
    3277,
    3544,
    3387,
    3308,
    3460,
    3283,
    3390,
    3072,
    3614,
    3724,
    3468,
    3430,
    3136,
    3231,
    3338,
    3511,
    3863,
    3579,
    2992,
    3164,
    3235,
    3223,
    3810,
    3753,
    3088,
    3435,
    3234,
    3220,
    3680,
    3859,
    2943,
    3133,
    3398,
    3247,
    3720,
    3608,
    2967,
    3247,
    3235,
    3314,
    3647,
    3516,
    2913,
    3409
  ],
  "frame_begin_times": [
    0,
    16634,
    33230,
    49899,
    66597,
    83411,
    99990,
    116731,
    133232,
    150002,
    166558,
    183329,
    200293,
    216784,
    233381,
    249978,
    266892,
    283511,
    300154,
    317163,
    334507,
    350476,
    367168,
    383668,
    400727,
    417217,
    433689,
    450345,
    467058,
    483910,
    500105,
    517131,
    533874,
    550478,
    567229,
    584130,
    600663,
    617190,
    634027,
    650629,
    667426,
    684115,
    701008,
    717442,
    734259,
    750815,
    767596,
    784555,
    800971,
    817620,
    834194,
    851114,
    867667,
    884636,
    901091,
    917847,
    934426,
    951393,
    967790,
    984911,
    1000178,
    1017745,
    1034474,
    1051286,
    1067893,
    1085253,
    1101294,
    1118064,
    1134603,
    1151362,
    1168007,
    1185065,
    1201841,
    1218155,
    1234755,
    1251545,
    1268189,
    1284722,
    1301117,
    1318457,
    1335051,
    1351689,
    1368618,
    1385166,
    1401833,
    1418474,
    1435281,
    1451830,
    1468961,
    1485377,
    1502118,
    1518588,
    1535356,
    1552019,
    1568911,
    1585091,
    1602035,
    1618784,
    1635372,
    1652092,
    1668928,
    1685459,
    1702182,
    1719072,
    1735589,
    1752240,
    1769093,
    1786480,
    1802433,
    1819251,
    1835657,
    1852460,
    1869483,
    1885990,
    1902448,
    1919235,
    1935867,
    1952489,
    1969181,
    1985381,
    2002688,
    2019320,
    2035843,
    2052887,
    2069357,
    2086367,
    2102816,
    2119542,
    2136115,
    2152912,
    2169591,
    2185987,
    2202897,
    2219703,
    2236258,
    2253147,
    2269660,
    2286357,
    2303054
  ],
  "frame_rasterizer_begin_times": [
    0,
    16581,
    33173,
    49986,
    66760,
    83442,
    99983,
    116736,
    133176,
    150117,
    166716,
    183318,
    200257,
    216789,
    233331,
    250014,
    267028,
    283478,
    300181,
    317119,
    334712,
    350510,
    367234,
    383648,
    400764,
    417206,
    433689,
    450391,
    467017,
    483862,
    500035,
    517076,
    533920,
    550516,
    567278,
    584146,
    600608,
    617116,
    634002,
    650745,
    667475,
    684052,
    700955,
    717382,
    734264,
    751008,
    767646,
    784608,
    800461,
    821796,
    834728,
    851993,
    868120,
    885328,
    901538,
    918783,
    934960,
    952327,
    968232,
    985644,
    1000570,
    1018586,
    1034029,
    1051211,
    1067381,
    1085222,
    1100777,
    1117908,
    1134153,
    1151295,
    1167483,
    1184932,
    1201375,
    1218095,
    1234244,
    1251445,
    1267659,
    1284609,
    1300643,
    1318371,
    1334547,
    1351911,
    1368107,
    1384783,
    1401797,
    1418545,
    1435274,
    1451886,
    1468952,
    1485313,
    1502123,
    1518685,
    1535576,
    1552041,
    1568845,
    1585029,
    1602019,
    1618912,
    1635293,
    1652024,
    1668858,
    1685406,
    1702452,
    1719031,
    1735543,
    1752164,
    1769143,
    1786506,
    1802495,
    1819231,
    1835690,
    1852551,
    1869443,
    1886006,
    1902548,
    1919393,
    1935897,
    1952609,
    1969183,
    1985383,
    2003263,
    2019291,
    2035870,
    2053001,
    2069328,
    2086390,
    2102842,
    2119582,
    2136179,
    2153014,
    2169560,
    2186019,
    2202948,
    2219647,
    2236362,
    2253233,
    2269643,
    2286471
  ],
  "average_vsync_transitions_missed": 0.0,
  "90th_percentile_vsync_transitions_missed": 0.0,
  "99th_percentile_vsync_transitions_missed": 0.0,
  "average_vsync_frame_lag": 0.0,
  "90th_percentile_vsync_frame_lag": 0.0,
  "99th_percentile_vsync_frame_lag": 0.0,
  "average_layer_cache_count": 0.0,
  "90th_percentile_layer_cache_count": 0.0,
  "99th_percentile_layer_cache_count": 0.0,
  "average_frame_request_pending_latency": 15979.992753623188,
  "90th_percentile_frame_request_pending_latency": 16621.0,
  "99th_percentile_frame_request_pending_latency": 17043.0,
  "worst_layer_cache_count": 0.0,
  "average_layer_cache_memory": 0.0,
  "90th_percentile_layer_cache_memory": 0.0,
  "99th_percentile_layer_cache_memory": 0.0,
  "worst_layer_cache_memory": 0.0,
  "average_picture_cache_count": 0.0,
  "90th_percentile_picture_cache_count": 0.0,
  "99th_percentile_picture_cache_count": 0.0,
  "worst_picture_cache_count": 0.0,
  "average_picture_cache_memory": 0.0,