{
  "average_frame_build_time_millis": 2.483892857142858,
  "90th_percentile_frame_build_time_millis": 2.892,
  "99th_percentile_frame_build_time_millis": 3.979,
  "worst_frame_build_time_millis": 8.097,
  "missed_frame_build_budget_count": 0,
  "average_frame_rasterizer_time_millis": 3.4540072463768103,
  "stddev_frame_rasterizer_time_millis": 0.2395003150598613,
  "90th_percentile_frame_rasterizer_time_millis": 3.889,
  "99th_percentile_frame_rasterizer_time_millis": 4.173,
  "worst_frame_rasterizer_time_millis": 4.192,
  "missed_frame_rasterizer_budget_count": 0,
  "frame_count": 140,
  "frame_rasterizer_count": 138,
  "new_gen_gc_count": 2,
  "old_gen_gc_count": 0,
  "frame_build_times": [
    2564,
    2631,
    2521,
    2456,
    2473,
    2460,
    2427,
    2970,
    2794,
    2560,
    2540,
    2432,
    2526,
    2663,
    2549,
    2798,
    2758,
    2369,
    2550,
    2431,
    2484,
    2820,
    2680,
    2583,
    2568,
    2632,
    2472,
    2892,
    2801,
    2388,
    2534,
    2758,
    2525,
    2795,
    2470,
    2502,
    2611,
    2752,
    2528,
    2864,
    2619,
    2506,
    2649,
    2525,
    2592,
    2852,
    2409,
    2496,
    3578,
    781,
    8097,
    2308,
    3540,
    2559,
    3916,
    2694,
    3979,
    2475,
    3922,
    2539,
    3751,
    2383,
    3785,
    916,
    2394,
    856,
    2751,
    822,
    2492,
    902,
    2540,
    816,
    2616,
    801,
    2625,
    874,
    2470,
    943,
    2672,
    969,
    2452,
    782,
    2389,
    891,
    670,
    3098,
    2792,
    2436,
    2537,
    2602,
    2633,
    2735,
    2445,
    3466,
    2234,
    2357,
    2376,
    2326,
    2363,
    2380,
    2408,
    2275,
    2419,
    2485,
    2418,
    2415,
    2523,
    2429,
    2402,
    2384,
    2232,
    2437,
    2460,
    2926,
    2356,
    2275,
    2309,
    2297,
    2779,
    3699,
    2384,
    2243,
    2261,
    2270,
    2494,
    2940,
    2691,
    2303,
    2261,
    2411,
    2780,
    2536,
    2413,
    2416,
    2350,
    2445,
    2810,
    2506,
    2803,
    991
  ],
  "frame_rasterizer_times": [
    3614,
    3746,
    2946,
    3101,
    3222,
    3649,
    3793,
    3189,
    3110,
    3244,
    3210,
    3543,
    3762,
    3569,
    2933,
    3207,
    3272,
    3488,
    3220,
    3253,
    3006,
    3142,
    3570,
    3681,
    3516,
    3108,
    2795,
    3610,
    3056,
    3485,
    3528,
    3146,
    2929,
    3952,
    3678,
    3447,
    3473,
    3229,
    2839,
    3148,
    3889,
    3654,
    3230,
    3898,
    3055,
    3127,
    3744,
    3902,
    3250,
    3298,
    3471,
    3694,
    4173,
    3749,
    3980,
    3985,
    3458,
    3803,
    4192,
    3896,
    3889,
    3850,
    3246,
    3498,
    4017,
    3782,
    3327,
    3279,
    3032,
    3202,
    3938,
    3692,
    3543,
    3222,
    3013,
    3811,
    3536,
    3617,
    3505,
    3486,
    3114,
    3725,
    3744,
    3473,
    3225,
    3039,
    3413,
    3200,
    3778,
    3702,
    3661,
    3447,
    3051,
    3468,
    3326,
    3776,
    3400,
    3350,
    3125,
    3180,
    3521,
    3198,
    3892,
    3942,
    3383,
    3253,
    3320,
    3346,
    3264,
    3430,
    3188,
    3438,
    3388,
    3280,
    3324,
    3342,
    3531,
    3511,
    4161,
    3472,
    3392,
    3371,
    3456,
    3277,
    3439,
    3638,
    3392,
    3366,
    3399,
    3073,
    3675,
    3378,
    3334,
    3388,
    3657,
    3297,
    3676,
    3722
  ],
  "frame_begin_times": [
    0,
    16637,
    33532,
    49079,
    66759,
    83276,
    100003,
    116785,
    133283,
    149987,
    166848,
    183467,
    200042,
    217033,
    233662,
    250165,
    266880,
    283569,
    300241,
    316902,
    333843,
    350198,
    366936,
    383750,
    400327,
    417286,
    434179,
    450545,
    467194,
    483873,
    500537,
    517541,
    534046,
    550611,
    567443,
    584072,
    600727,
    617549,
    634389,
    651240,
    667505,
    684280,
    700987,
    717620,
    734581,
    751851,
    767651,
    784444,
    801199,
    817739,
    834357,
    850922,
    867847,
    884483,
    901236,
    917825,
    934836,
    951116,
    967923,
    984519,
    1001597,
    1018545,
    1034623,
    1051252,
    1068122,
    1084685,
    1101550,
    1118161,
    1134822,
    1151343,
    1168112,
    1184955,
    1201711,
    1218174,
    1234900,
    1251619,
    1268390,
    1285476,
    1301818,
    1318409,
    1335349,
    1351835,
    1368457,
    1385352,
    1401948,
    1418910,
    1435229,
    1451983,
    1468593,
    1484920,
    1502074,
    1518336,
    1535766,
    1552297,
    1568822,
    1585601,
    1602158,
    1618903,
    1635257,
    1652318,
    1668939,
    1685618,
    1702466,
    1719115,
    1735729,
    1752434,
    1769187,
    1785676,
    1802478,
    1819058,
    1835933,
    1852440,
    1868743,
    1885966,
    1902530,
    1919504,
    1935875,
    1952551,
    1969437,
    1986045,
    2002594,
    2019626,
    2036222,
    2052762,
    2069490,
    2086122,
    2102977,
    2119696,
    2136248,
    2153201,
    2169621,
    2186318,
    2203053,
    2219918,
    2236354,
    2253126,
    2269864,
    2286411,
    2303137,
    2320112
  ],
  "frame_rasterizer_begin_times": [
    0,
    16794,
    32346,
    50137,
    66594,
    83303,
    100161,
    116702,
    133315,
    150209,
    166753,
    183378,
    200416,
    216974,
    233492,
    250204,
    266876,
    283591,
    300178,
    317121,
    333478,
    350289,
    367062,
    383680,
    400662,
    417470,
    433936,
    450540,
    467139,
    483888,
    500902,
    517334,
    533905,
    550724,
    567350,
    584156,
    600905,
    617637,
    634611,
    650993,
    667557,
    684376,
    700879,
    717845,
    735136,
    750925,
    767690,
    784621,
    800543,
    821974,
    834952,
    851851,
    868297,
    885289,
    901499,
    918963,
    934962,
    951998,
    968346,
    985612,
    1002445,
    1018769,
    1034128,
    1051302,
    1067473,
    1084886,
    1100946,
    1118024,
    1134218,
    1151272,
    1167733,
    1184956,
    1200992,
    1218250,
    1234467,
    1251554,
    1268312,
    1285089,
    1301241,
    1318607,
    1334611,
    1351601,
    1368179,
    1384948,
    1402377,
    1418586,
    1435236,
    1451893,
    1468188,
    1485455,
    1501626,
    1519056,
    1535858,
    1552100,
    1568871,
    1585449,
    1602282,
    1618588,
    1635562,
    1652191,
    1668877,
    1685716,
    1702454,
    1719044,
    1735685,
    1752456,
    1768958,
    1785819,
    1802456,
    1819220,
    1835709,
    1852043,
    1869908,
    1885858,
    1902822,
    1919188,
    1935825,
    1952746,
    1969410,
    1985928,
    2002922,
    2019556,
    2036048,
    2052768,
    2069515,
    2086454,
    2102990,
    2119522,
    2136481,
    2152936,
    2169682,
    2186486,
    2203203,
    2219653,
    2236408,
    2253166,
    2269806,
    2286535
  ],
  "average_vsync_transitions_missed": 0.0,
  "90th_percentile_vsync_transitions_missed": 0.0,
  "99th_percentile_vsync_transitions_missed": 0.0,
  "average_vsync_frame_lag": 0.0,
  "90th_percentile_vsync_frame_lag": 0.0,
  "99th_percentile_vsync_frame_lag": 0.0,
  "average_layer_cache_count": 0.0,
  "90th_percentile_layer_cache_count": 0.0,
  "99th_percentile_layer_cache_count": 0.0,
  "average_frame_request_pending_latency": 16003.06474820144,
  "90th_percentile_frame_request_pending_latency": 16610.0,
  "99th_percentile_frame_request_pending_latency": 17073.0,
  "worst_layer_cache_count": 0.0,
  "average_layer_cache_memory": 0.0,
  "90th_percentile_layer_cache_memory": 0.0,
  "99th_percentile_layer_cache_memory": 0.0,
  "worst_layer_cache_memory": 0.0,
  "average_picture_cache_count": 0.0,
  "90th_percentile_picture_cache_count": 0.0,
  "99th_percentile_picture_cache_count": 0.0,
  "worst_picture_cache_count": 0.0,