{
  "average_frame_build_time_millis": 2.708805755395685,
  "90th_percentile_frame_build_time_millis": 3.177,
  "99th_percentile_frame_build_time_millis": 4.47,
  "worst_frame_build_time_millis": 8.704,
  "missed_frame_build_budget_count": 0,
  "average_frame_rasterizer_time_millis": 3.909471014492754,
  "stddev_frame_rasterizer_time_millis": 0.2737463768115941,
  "90th_percentile_frame_rasterizer_time_millis": 4.312,
  "99th_percentile_frame_rasterizer_time_millis": 4.691,
  "worst_frame_rasterizer_time_millis": 5.931,
  "missed_frame_rasterizer_budget_count": 0,
  "frame_count": 139,
  "frame_rasterizer_count": 138,
  "new_gen_gc_count": 2,
  "old_gen_gc_count": 0,
  "frame_build_times": [
    2766,
    2920,
    2707,
    2964,
    2907,
    2610,
    2699,
    2951,
    2821,
    3066,
    2902,
    2645,
    2686,
    2940,
    2776,
    3148,
    2772,
    2764,
    2816,
    2878,
    2745,
    3177,
    2970,
    2642,
    2732,
    2674,
    2837,
    3256,
    2922,
    2572,
    2827,
    2752,
    2788,
    2983,
    2805,
    2657,
    2910,
    2833,
    2721,
    3226,
    2890,
    2740,
    2785,
    2799,
    2696,
    3146,
    2954,
    3465,
    961,
    8704,
    2137,
    3855,
    2730,
    4237,
    2785,
    4270,
    2809,
    4470,
    2813,
    4014,
    2552,
    4034,
    946,
    2917,
    820,
    2737,
    913,
    3094,
    997,
    2989,
    864,
    2855,
    924,
    2847,
    853,
    3028,
    864,
    3522,
    889,
    3089,
    875,
    2979,
    895,
    747,
    2884,
    2738,
    2592,
    2852,
    3294,
    2651,
    2697,
    2703,
    3231,
    2643,
    2715,
    2890,
    2443,
    2786,
    2490,
    2389,
    2862,
    2447,
    2708,
    2810,
    2499,
    2568,
    2877,
    2697,
    2733,
    2833,
    3150,
    2709,
    2733,
    2729,
    2523,
    2435,
    2566,
    2871,
    2826,
    2857,
    2857,
    2426,
    2552,
    2922,
    2824,
    2496,
    2489,
    2472,
    2476,
    2922,
    2935,
    2558,
    2511,
    2500,
    2744,
    2560,
    3082,
    3654,
    856
  ],
  "frame_rasterizer_times": [
    3700,
    3991,
    3680,
    3327,
    3946,
    3657,
    3978,
    3817,
    3642,
    3300,
    4158,
    3610,
    3903,
    4311,
    4056,
    3456,
    4260,
    3891,
    4194,
    3970,
    4274,
    4199,
    3319,
    3653,
    4011,
    3715,
    4229,
    3280,
    4152,
    3670,
    4092,
    3834,
    3577,
    3374,
    4420,
    3830,
    4043,
    4181,
    3551,
    3497,
    4596,
    3913,
    3611,
    3942,
    3934,
    3667,
    4012,
    4353,
    4238,
    5931,
    2306,
    4176,
    4299,
    4369,
    4482,
    4505,
    4478,
    4691,
    4133,
    4216,
    4398,
    4524,
    3938,
    3907,
    4040,
    4020,
    3598,
    3603,
    3555,
    4031,
    4010,
    3715,
    3950,
    4080,
    3949,
    3939,
    3779,
    4122,
    3877,
    3841,
    3528,
    4324,
    3805,
    3885,
    3604,
    3928,
    3997,
    4006,
    3740,
    4312,
    4001,
    3966,
    4395,
    3821,
    3530,
    3848,
    3914,
    3541,
    3627,
    3909,
    3611,
    3813,
    4142,
    4564,
    3922,
    3881,
    3487,
    3479,
    3541,
    3761,
    4253,
    3994,
    3388,
    4187,
    3730,
    3840,
    4179,
    4161,
    3522,
    3434,
    3567,
    3803,
    3874,
    4140,
    3372,
    3974,
    3657,
    3771,
    3721,
    4123,
    3421,
    4290,
    3584,
    3869,
    4136,
    3842,
    3574,
    3743
  ],
  "frame_begin_times": [
    0,
    16478,
    33217,
    49513,
    66599,
    83321,
    100057,
    116768,
    133491,
    150169,
    166916,
    183483,
    200115,
    216817,
    233587,
    250234,
    266938,
    283694,
    300500,
    316980,
    333721,
    350534,
    367335,
    383688,
    400904,
    417151,
    433768,
    450672,
    467202,
    483892,
    501150,
    517327,
    533839,
    550570,
    567260,
    584036,
    600983,
    617324,
    634129,
    650788,
    667449,
    684544,
    701044,
    717532,
    734225,
    751114,
    767678,
    784526,
    801164,
    817942,
    837522,
    850929,
    867741,
    884672,
    901074,
    917812,
    934426,
    951324,
    967799,
    984659,
    1001221,
    1017926,
    1034505,
    1051353,
    1068059,
    1084861,
    1101605,
    1118228,
    1134795,
    1151600,
    1168367,
    1184936,
    1201709,
    1218370,
    1234889,
    1251695,
    1268357,
    1285220,
    1301732,
    1318480,
    1335016,
    1351943,
    1368474,
    1385382,
    1402879,
    1418721,
    1435248,
    1451955,
    1468875,
    1485262,
    1502073,
    1518594,
    1535392,
    1551956,
    1568939,
    1585546,
    1601684,
    1619071,
    1635525,
    1652505,
    1668978,
    1685712,
    1702559,
    1719098,
    1735727,
    1752446,
    1769079,
    1785691,
    1802608,
    1819146,
    1835835,
    1852714,
    1869530,
    1885941,
    1902630,
    1919545,
    1935932,
    1952805,
    1969231,
    1985954,
    2002785,
    2019458,
    2036180,
    2052801,
    2069445,
    2086389,
    2103077,
    2119494,
    2136156,
    2153020,
    2169731,
    2186253,
    2203079,
    2219642,
    2236578,
    2253048,
    2269796,
    2286431,
    2303390
  ],
  "frame_rasterizer_begin_times": [
    0,
    16490,
    33191,
    49503,
    66713,
    83320,
    100053,
    116804,
    133505,
    150246,
    167013,
    183485,
    200113,
    216816,
    233568,
    250290,
    266973,
    283700,
    300508,
    316975,
    333721,
    350597,
    367387,
    383667,
    400912,
    417139,
    433855,
    450741,
    467232,
    483873,
    501149,
    517301,
    533850,
    550605,
    567319,
    584029,
    600975,
    617297,
    634187,
    650923,
    667523,
    684585,
    701046,
    717525,
    734277,
    751216,
    767863,
    784593,
    800608,
    822594,
    838217,
    851699,
    868298,
    885539,
    901593,
    918854,
    935027,
    952300,
    968336,
    985514,
    1001756,
    1018932,
    1033957,
    1051246,
    1067499,
    1084739,
    1101149,
    1118294,
    1134407,
    1151523,
    1167834,
    1185059,
    1201168,
    1218384,
    1234336,
    1251569,
    1267845,
    1285186,
    1301244,
    1318503,
    1334509,
    1351956,
    1367949,
    1385059,
    1402923,
    1418867,
    1435245,
    1452188,
    1468867,
    1485238,
    1502154,
    1518712,
    1535651,
    1552153,
    1568932,
    1585535,
    1601674,
    1619085,
    1635511,
    1652462,
    1668950,
    1685658,
    1702619,
    1719123,
    1735719,
    1752525,
    1769112,
    1785679,
    1802700,
    1819181,
    1836350,
    1852805,
    1869524,
    1886032,
    1902696,
    1919597,
    1935958,
    1952948,
    1969280,
    1986111,
    2002858,
    2019490,
    2036208,
    2052892,
    2069501,
    2086461,
    2103112,
    2119496,
    2136224,
    2153199,
    2169764,
    2186373,
    2203156,
    2219696,
    2236636,
    2253086,
    2269921,
    2286621
  ],
  "average_vsync_transitions_missed": 0.0,
  "90th_percentile_vsync_transitions_missed": 0.0,
  "99th_percentile_vsync_transitions_missed": 0.0,
  "average_vsync_frame_lag": 0.0,
  "90th_percentile_vsync_frame_lag": 0.0,
  "99th_percentile_vsync_frame_lag": 0.0,
  "average_layer_cache_count": 0.0,
  "90th_percentile_layer_cache_count": 0.0,
  "99th_percentile_layer_cache_count": 0.0,
  "average_frame_request_pending_latency": 15939.04347826087,
  "90th_percentile_frame_request_pending_latency": 16581.0,
  "99th_percentile_frame_request_pending_latency": 17200.0,
  "worst_layer_cache_count": 0.0,
  "average_layer_cache_memory": 0.0,
  "90th_percentile_layer_cache_memory": 0.0,
  "99th_percentile_layer_cache_memory": 0.0,
  "worst_layer_cache_memory": 0.0,
  "average_picture_cache_count": 0.0,
  "90th_percentile_picture_cache_count": 0.0,
  "99th_percentile_picture_cache_count": 0.0,
  "worst_picture_cache_count": 0.0,
  "average_picture_cache_memory": 0.0,