{
  "average_frame_build_time_millis": 1.2514807692307695,
  "90th_percentile_frame_build_time_millis": 1.391,
  "99th_percentile_frame_build_time_millis": 7.236,
  "worst_frame_build_time_millis": 11.428,
  "missed_frame_build_budget_count": 0,
  "average_frame_rasterizer_time_millis": 14.665980694980693,
  "stddev_frame_rasterizer_time_millis": 1.607752388902969,
  "90th_percentile_frame_rasterizer_time_millis": 16.65,
  "99th_percentile_frame_rasterizer_time_millis": 18.019,
  "worst_frame_rasterizer_time_millis": 23.749,
  "missed_frame_rasterizer_budget_count": 65,
  "frame_count": 260,
  "frame_rasterizer_count": 259,
  "new_gen_gc_count": 2,
  "old_gen_gc_count": 0,
  "frame_build_times": [
    1331,
    1298,
    1317,
    1124,
    1349,
    1543,
    1318,
    922,
    1178,
    1215,
    869,
    1374,
    1220,
    1362,
    1010,
    1481,
    1026,
    2027,
    1015,
    719,
    679,
    725,
    881,
    864,
    888,
    560,
    11428,
    1319,
    1226,
    1228,
    1262,
    1154,
    1087,
    882,
    936,
    1660,
    1160,
    1209,
    849,
    551,
    1166,
    843,
    1099,
    747,
    1219,
    541,
    1324,
    672,
    1265,
    676,
    1340,
    648,
    1396,
    890,
    1009,
    496,
    1064,
    532,
    1229,
    732,
    6870,
    1220,
    1017,
    1495,
    1114,
    887,
    1190,
    1261,
    832,
    1194,
    981,
    1194,
    1205,
    1356,
    1345,
    1443,
    1312,
    1311,
    1185,
    971,
    1470,
    1574,
    1010,
    1332,
    1302,
    1210,
    1315,
    1204,
    978,
    1303,
    1417,
    1386,
    902,
    1365,
    892,
    1244,
    1015,
    764,
    701,
    746,
    490,
    620,
    789,
    601,
    10558,
    1334,
    1091,
    1152,
    1191,
    1263,
    1194,
    891,
    1001,
    931,
    1360,
    919,
    1126,
    641,
    1024,
    771,
    1118,
    907,
    1332,
    641,
    1370,
    644,
    1301,
    763,
    1352,
    723,
    1020,
    717,
    1310,
    870,
    1271,
    800,
    1264,
    482,
    7236,
    1204,
    1201,
    1059,
    852,
    986,
    1281,
    1118,
    1214,
    888,
    1223,
    1394,
    1479,
    1197,
    1232,
    1638,
    1139,
    944,
    1338,
    1077,
    782,
    839,
    497,
    794,
    1077,
    1277,
    1020,
    983,
    1049,
    1402,
    1185,
    1227,
    1100,
    1356,
    1154,
    1496,
    1232,
    689,
    723,
    508,
    1077,
    866,
    1233,
    759,
    8421,
    764,
    1670,
    893,
    1329,
    1395,
    1138,
    1168,
    1244,
    1368,
    1144,
    1015,
    1142,
    671,
    1289,
    609,
    1362,
    786,
    1102,
    722,
    1379,
    722,
    890,
    670,
    938,
    716,
    1227,
    510,
    1101,
    720,
    1287,
    820,
    1239,
    620,
    6981,
    1166,
    898,
    1137,
    1412,
    1353,
    1118,
    1115,
    1382,
    1225,
    1299,
    1206,
    1151,
    931,
    1127,
    1317,
    1156,
    1042,
    1244,
    1191,
    1421,
    1117,
    1279,
    1269,
    1253,
    1384,
    1391,
    1081,
    1088,
    1046,
    1399,
    1128,
    1287,
    1076,
    965,
    1360,
    821,
    844,
    930,
    682,
    707,
    711,
    820,
    1300
  ],
  "frame_rasterizer_times": [
    16246,
    15654,
    17116,
    15944,
    16642,
    14693,
    12303,
    11818,
    14268,
    15358,
    16380,
    16452,
    16903,
    16614,
    15257,
    14591,
    15037,
    14238,
    13639,
    14331,
    15933,
    17031,
    14422,
    15849,
    12177,
    11591,
    23749,
    16547,
    18019,
    17186,
    16451,
    13725,
    13628,
    12058,
    16594,
    12519,
    13428,
    14993,
    11346,
    13038,
    16186,
    10814,
    15274,
    15641,
    16124,
    14251,
    15069,
    15266,
    15770,
    14910,
    15291,
    15118,
    16089,
    11450,
    16545,
    14061,
    10774,
    12803,
    16549,
    14838,
    14249,
    14663,
    16141,
    14452,
    16675,
    15634,
    15771,
    14666,
    11567,
    13540,
    15366,
    15526,
    15402,
    16316,
    15543,
    15819,
    16296,
    15614,
    16219,
    15528,
    15515,
    16744,
    16645,
    15766,
    15738,
    15172,
    13107,
    13042,
    16791,
    16045,
    16450,
    16432,
    15074,
    17646,
    14949,
    15661,
    12475,
    12024,
    14003,
    16540,
    15476,
    16875,
    12271,
    11530,
    23346,
    16650,
    17771,
    17018,
    16099,
    13385,
    12780,
    12990,
    17515,
    13964,
    16719,
    13192,
    10603,
    13317,
    16365,
    13168,
    14328,
    15201,
    15265,
    15360,
    15823,
    13690,
    16976,
    16665,
    15499,
    15374,
    14884,
    15693,
    15415,
    14097,
    16194,
    15575,
    17865,
    13390,
    14797,
    14957,
    15424,
    11808,
    13428,
    15350,
    14905,
    15847,
    14706,
    11816,
    15665,
    15420,
    15272,
    15402,
    15677,
    14990,
    16521,
    16167,
    11215,
    10198,
    9812,
    10597,
    13215,
    15720,
    13341,
    14344,
    10906,
    11411,
    13780,
    14088,
    11873,
    11727,
    13618,
    11018,
    15565,
    15267,
    12263,
    16864,
    16680,
    15538,
    15547,
    16616,
    11608,
    13290,
    15165,
    17412,
    16657,
    13649,
    15880,
    11595,
    12563,
    12029,
    13914,
    12229,
    12513,
    12332,
    12440,
    14166,
    13437,
    15550,
    15479,
    10992,
    11191,
    12730,
    15730,
    9962,
    15331,
    11697,
    10776,
    12842,
    18269,
    13200,
    15477,
    14847,
    10865,
    12986,
    13289,
    15965,
    14372,
    12263,
    10957,
    12835,
    16605,
    15313,
    15084,
    16093,
    15140,
    15748,
    14738,
    16140,
    16828,
    12109,
    10845,
    13226,
    16427,
    15724,
    16002,
    15826,
    13888,
    15786,
    15803,
    16094,
    15855,
    16011,
    13837,
    14578,
    14190,
    15878,
    16069,
    13804,
    13093,
    11514,
    16317,
    17571,
    13228,
    15754,
    15608,
    14358,
    15266,
    16469,
    12106
  ],