{
  "average_frame_build_time_millis": 1.2948740458015267,
  "90th_percentile_frame_build_time_millis": 1.402,
  "99th_percentile_frame_build_time_millis": 9.374,
  "worst_frame_build_time_millis": 9.963,
  "missed_frame_build_budget_count": 0,
  "average_frame_rasterizer_time_millis": 13.721284615384613,
  "stddev_frame_rasterizer_time_millis": 1.0672075147928992,
  "90th_percentile_frame_rasterizer_time_millis": 15.199,
  "99th_percentile_frame_rasterizer_time_millis": 18.025,
  "worst_frame_rasterizer_time_millis": 20.777,
  "missed_frame_rasterizer_budget_count": 14,
  "frame_count": 262,
  "frame_rasterizer_count": 260,
  "new_gen_gc_count": 0,
  "old_gen_gc_count": 0,
  "frame_build_times": [
    1229,
    1274,
    1406,
    1513,
    1206,
    1202,
    1069,
    1374,
    1138,
    1153,
    1156,
    1056,
    1315,
    1567,
    1286,
    1310,
    1177,
    1137,
    1371,
    1234,
    1303,
    762,
    832,
    820,
    703,
    761,
    962,
    577,
    9963,
    1179,
    1318,
    1006,
    1111,
    1171,
    1265,
    1016,
    1282,
    1109,
    1263,
    1141,
    1467,
    715,
    1106,
    728,
    1176,
    662,
    1221,
    689,
    1215,
    809,
    1182,
    697,
    1232,
    709,
    1073,
    673,
    1282,
    690,
    1226,
    838,
    1084,
    711,
    6851,
    1131,
    1261,
    1153,
    1081,
    1015,
    1180,
    1114,
    1130,
    1038,
    1078,
    1206,
    1505,
    1078,
    1141,
    1176,
    1214,
    1425,
    1135,
    1237,
    1239,
    1348,
    1344,
    1226,
    1221,
    1326,
    1391,
    1384,
    1382,
    1116,
    1288,
    1382,
    1918,
    1106,
    1192,
    1171,
    1099,
    786,
    836,
    751,
    730,
    709,
    696,
    693,
    9480,
    1219,
    850,
    890,
    1186,
    1324,
    1220,
    1371,
    1288,
    1188,
    1315,
    1402,
    1358,
    779,
    1424,
    701,
    1203,
    787,
    1207,
    717,
    1196,
    796,
    1177,
    684,
    1202,
    724,
    1251,
    706,
    1313,
    708,
    1347,
    683,
    1262,
    741,
    9374,
    1439,
    946,
    1023,
    1078,
    1258,
    1174,
    1244,
    1172,
    1040,
    1143,
    1235,
    1169,
    1159,
    1819,
    1009,
    1307,
    1312,
    1154,
    1180,
    1262,
    1111,
    1134,
    1420,
    1323,
    1398,
    1170,
    1157,
    1133,
    1288,
    1259,
    1103,
    1120,
    1175,
    1375,
    1284,
    1119,
    837,
    761,
    727,
    908,
    785,
    782,
    575,
    9732,
    1752,
    1326,
    1277,
    1503,
    1175,
    1445,
    1038,
    1314,
    1146,
    1345,
    1174,
    1326,
    751,
    1448,
    734,
    1166,
    829,
    1401,
    804,
    1259,
    602,
    1014,
    643,
    1329,
    800,
    1173,
    725,
    1180,
    651,
    1659,
    632,
    1326,
    720,
    7509,
    1042,
    861,
    1044,
    1182,
    1181,
    1276,
    1177,
    1344,
    1221,
    1109,
    1183,
    1260,
    1271,
    1465,
    1106,
    1869,
    1224,
    1203,
    1363,
    1184,
    1219,
    1031,
    1218,
    1122,
    1294,
    1576,
    1141,
    1140,
    1173,
    1334,
    1024,
    1198,
    1202,
    1140,
    1205,
    1225,
    891,
    1469,
    712,
    788,
    713,
    796,
    648
  ],
  "frame_rasterizer_times": [
    13236,
    14901,
    12976,
    12902,
    15099,
    14314,
    15004,
    14470,
    15024,
    14188,
    13016,
    14962,
    14922,
    14089,
    14484,
    14540,
    14224,
    12922,
    12970,
    12375,
    12183,
    15275,
    15892,
    12659,
    11700,
    10099,
    9670,
    19991,
    17285,
    17176,
    18025,
    16402,
    14967,
    11897,
    12006,
    13687,
    12782,
    12768,
    12778,
    13972,
    12983,
    11445,
    13338,
    13041,
    13061,
    13992,
    12811,
    12236,
    13248,
    13501,
    13001,
    13495,
    12484,
    11883,
    13466,
    13170,
    12496,
    12956,
    11693,
    11542,
    13486,
    13258,
    15245,
    13443,
    13287,
    12148,
    11949,
    13171,
    13155,
    13179,
    13117,
    13596,
    12556,
    13052,
    13905,
    13258,
    14312,
    13888,
    14722,
    13247,
    15049,
    12926,
    12730,
    15535,
    13583,
    12331,
    12253,
    14034,
    13470,
    14931,
    15139,
    13193,
    13151,
    13805,
    14661,
    14508,
    14961,
    13391,
    15222,
    15774,
    15288,
    14723,
    15016,
    10432,
    10187,
    20777,
    16716,
    17786,
    17301,
    15598,
    14717,
    12003,
    11880,
    14380,
    13419,
    13549,
    13954,
    13273,
    14163,
    12494,
    12712,
    13228,
    12859,
    12950,
    13746,
    13043,
    13298,
    10183,
    13064,
    13803,
    14415,
    13521,
    13020,
    11148,
    13531,
    13791,
    13543,
    13443,
    13596,
    12429,
    11122,
    14467,
    14144,
    13532,
    13195,
    13958,
    12926,
    14758,
    13033,
    13555,
    14086,
    13161,
    13083,
    14237,
    13397,
    14768,
    14203,
    13471,
    13397,
    15061,
    14323,
    13209,
    14329,
    13870,
    13922,
    13211,
    12542,
    13166,
    15074,
    13936,
    15194,
    14759,
    14191,
    13065,
    13399,
    13570,
    15343,
    15481,
    14138,
    13123,
    15659,
    10527,
    9709,
    20106,
    17845,
    17862,
    17173,
    16324,
    13766,
    12626,
    13018,
    12148,
    12754,
    13928,
    12308,
    14158,
    13605,
    12707,
    13214,
    13385,
    11990,
    13346,
    12929,
    13590,
    12898,
    10697,
    13311,
    14165,
    13463,
    13090,
    13532,
    14430,
    13207,
    12789,
    12624,
    13549,
    14971,
    13715,
    13383,
    14117,
    13804,
    13658,
    12734,
    13414,
    14798,
    14396,
    13716,
    13794,
    13107,
    13064,
    13266,
    15198,
    14773,
    13354,
    14458,
    13859,
    11498,
    14437,
    13962,
    14973,
    14294,
    13233,
    12943,
    13424,
    12602,
    15199,
    15262,
    13345,
    12204,
    14687,
    14029,
    12986,
    14411,
    14298,
    13682,
    13118,
    15075,
    13639,
    14841,
    10708
  ],