{
  "average_frame_build_time_millis": 1.228809160305343,
  "90th_percentile_frame_build_time_millis": 1.298,
  "99th_percentile_frame_build_time_millis": 6.515,
  "worst_frame_build_time_millis": 9.845,
  "missed_frame_build_budget_count": 0,
  "average_frame_rasterizer_time_millis": 13.84253281853282,
  "stddev_frame_rasterizer_time_millis": 0.9498146419999701,
  "90th_percentile_frame_rasterizer_time_millis": 14.959,
  "99th_percentile_frame_rasterizer_time_millis": 18.443,
  "worst_frame_rasterizer_time_millis": 21.618,
  "missed_frame_rasterizer_budget_count": 14,
  "frame_count": 262,
  "frame_rasterizer_count": 259,
  "new_gen_gc_count": 0,
  "old_gen_gc_count": 0,
  "frame_build_times": [
    1107,
    2006,
    1201,
    1146,
    1148,
    1136,
    1090,
    1292,
    1295,
    1289,
    1136,
    1063,
    1088,
    1145,
    1237,
    1142,
    1146,
    1077,
    1180,
    1202,
    1054,
    721,
    737,
    767,
    747,
    783,
    718,
    634,
    9845,
    1170,
    1180,
    1095,
    1162,
    1208,
    987,
    800,
    1170,
    1051,
    1118,
    654,
    1209,
    725,
    1296,
    918,
    1171,
    667,
    1203,
    713,
    1298,
    782,
    1147,
    682,
    1036,
    712,
    1353,
    714,
    1196,
    643,
    1217,
    818,
    1293,
    734,
    6515,
    1116,
    1182,
    1259,
    1057,
    1150,
    1171,
    1104,
    1146,
    1241,
    1099,
    1218,
    1178,
    1048,
    1258,
    1273,
    1192,
    1228,
    1167,
    1209,
    1225,
    1480,
    1288,
    1250,
    1213,
    1093,
    1199,
    1121,
    1259,
    1292,
    1234,
    1638,
    1252,
    1131,
    1229,
    1290,
    995,
    795,
    788,
    687,
    851,
    817,
    686,
    627,
    9427,
    1393,
    1197,
    1132,
    1361,
    1302,
    1277,
    1070,
    1140,
    1142,
    1362,
    1142,
    1239,
    740,
    1204,
    683,
    1247,
    841,
    1251,
    676,
    1213,
    760,
    1203,
    781,
    1200,
    674,
    1249,
    744,
    1208,
    672,
    1231,
    666,
    1146,
    730,
    6487,
    1236,
    1094,
    1083,
    1103,
    1265,
    1328,
    1121,
    1045,
    1089,
    1112,
    1390,
    1386,
    1094,
    1067,
    1075,
    1258,
    1358,
    1238,
    1198,
    1078,
    1280,
    1202,
    1208,
    1166,
    1219,
    1152,
    1147,
    1103,
    1231,
    1151,
    1132,
    1023,
    1089,
    1437,
    1136,
    1226,
    713,
    672,
    772,
    688,
    803,
    785,
    625,
    8275,
    1161,
    1167,
    864,
    1142,
    945,
    1330,
    1324,
    1361,
    1130,
    1266,
    656,
    1053,
    608,
    1329,
    704,
    1264,
    737,
    1066,
    648,
    1348,
    746,
    1155,
    626,
    1057,
    728,
    1281,
    652,
    1150,
    710,
    999,
    654,
    1186,
    733,
    6440,
    1148,
    1154,
    1247,
    1148,
    1168,
    1085,
    1086,
    1151,
    1210,
    1110,
    1083,
    1218,
    1106,
    1101,
    1137,
    1165,
    1088,
    1221,
    1079,
    1151,
    1087,
    1288,
    1137,
    1180,
    1210,
    1222,
    1151,
    1023,
    1115,
    1112,
    1114,
    1388,
    1145,
    1150,
    1158,
    1049,
    806,
    1501,
    819,
    743,
    794,
    913,
    619
  ],
  "frame_rasterizer_times": [
    13314,
    12027,
    13695,
    12907,
    14634,
    14072,
    16459,
    14436,
    13601,
    13183,
    14233,
    14352,
    14954,
    14823,
    13766,
    11732,
    12190,
    14359,
    15318,
    15177,
    14638,
    14450,
    14103,
    13823,
    10385,
    9621,
    20210,
    17521,
    17155,
    17766,
    16211,
    13617,
    12708,
    12446,
    14294,
    11655,
    12110,
    13452,
    13661,
    13730,
    13702,
    14365,
    13467,
    13678,
    13120,
    13371,
    13235,
    14298,
    13888,
    13702,
    12193,
    13153,
    13151,
    13235,
    13991,
    12751,
    12405,
    13157,
    12906,
    14093,
    13069,
    13962,
    13594,
    13329,
    13158,
    13244,
    12889,
    14264,
    14749,
    13270,
    12971,
    14221,
    12952,
    13345,
    14045,
    14424,
    14870,
    14787,
    13486,
    13480,
    14334,
    14240,
    14745,
    13351,
    14396,
    14268,
    14975,
    14501,
    15214,
    15021,
    13113,
    13215,
    13563,
    13712,
    14206,
    14439,
    13511,
    14327,
    14117,
    14931,
    14382,
    14911,
    10395,
    9915,
    21618,
    17643,
    17105,
    19004,
    15051,
    13879,
    12955,
    13055,
    13432,
    12739,
    13904,
    12545,
    12800,
    13020,
    13166,
    13490,
    13220,
    13311,
    13017,
    13297,
    13858,
    14281,
    14126,
    14629,
    13625,
    13335,
    13521,
    13098,
    12910,
    13219,
    13759,
    13489,
    13333,
    13208,
    13086,
    14767,
    13353,
    14444,
    14140,
    13025,
    13655,
    14688,
    14682,
    14638,
    14871,
    13281,
    14009,
    13659,
    14281,
    14188,
    13879,
    14660,
    13960,
    13798,
    13534,
    14644,
    14505,
    14124,
    12741,
    14466,
    14959,
    15155,
    14046,
    14516,
    13736,
    13802,
    13456,
    14039,
    12221,
    14239,
    13970,
    14753,
    14805,
    13916,
    11889,
    9728,
    10458,
    9741,
    18443,
    17400,
    16778,
    17331,
    14959,
    13115,
    12700,
    14086,
    14149,
    13201,
    13042,
    12964,
    11808,
    13691,
    13223,
    13425,
    13704,
    12518,
    11849,
    12499,
    14097,
    13220,
    13747,
    12761,
    12359,
    13380,
    13214,
    13994,
    13239,
    11366,
    10484,
    11312,
    13045,
    13476,
    13013,
    13684,
    13523,
    13359,
    14002,
    13525,
    12579,
    14413,
    14338,
    13363,
    13279,
    13295,
    13183,
    14229,
    14583,
    13600,
    14944,
    14457,
    15030,
    14145,
    13911,
    15123,
    14918,
    14943,
    13967,
    13855,
    14344,
    13826,
    14433,
    14801,
    13733,
    14206,
    15038,
    13370,
    13491,
    14536,
    14538,
    14641,
    15201,
    15335,
    13721,
    14051,
    10422
  ],