{
  "average_frame_build_time_millis": 3.080507142857144,
  "90th_percentile_frame_build_time_millis": 5.219,
  "99th_percentile_frame_build_time_millis": 9.164,
  "worst_frame_build_time_millis": 11.24,
  "missed_frame_build_budget_count": 0,
  "average_frame_rasterizer_time_millis": 9.114398550724635,
  "stddev_frame_rasterizer_time_millis": 1.0141090107120356,
  "90th_percentile_frame_rasterizer_time_millis": 10.502,
  "99th_percentile_frame_rasterizer_time_millis": 11.788,
  "worst_frame_rasterizer_time_millis": 12.454,
  "missed_frame_rasterizer_budget_count": 0,
  "frame_count": 140,
  "frame_rasterizer_count": 138,
  "new_gen_gc_count": 2,
  "old_gen_gc_count": 0,
  "frame_build_times": [
    2734,
    2618,
    2499,
    2730,
    2782,
    2960,
    9164,
    2846,
    2882,
    2966,
    2834,
    3024,
    3013,
    2851,
    2844,
    3014,
    3085,
    2864,
    2938,
    2946,
    2876,
    3009,
    2821,
    2865,
    2771,
    2869,
    3033,
    2905,
    6484,
    2802,
    2747,
    2765,
    2985,
    2907,
    2925,
    2899,
    2873,
    2908,
    3083,
    2918,
    3002,
    2873,
    2805,
    3052,
    2818,
    3008,
    2908,
    2855,
    3615,
    1002,
    11240,
    4651,
    6609,
    5219,
    7819,
    5372,
    6797,
    5454,
    6734,
    5859,
    6616,
    5333,
    6848,
    1185,
    2852,
    1115,
    2918,
    943,
    2959,
    1133,
    3652,
    1271,
    2848,
    954,
    2800,
    1150,
    2656,
    962,
    2832,
    1082,
    2835,
    1079,
    2837,
    1055,
    853,
    2669,
    2789,
    2727,
    2595,
    2605,
    2830,
    6746,
    2672,
    2617,
    2630,
    2677,
    2983,
    2684,
    2742,
    2580,
    2757,
    3023,
    2759,
    2876,
    2605,
    2797,
    2689,
    2691,
    2737,
    2695,
    2655,
    2848,
    2576,
    2817,
    2769,
    2736,
    2867,
    2749,
    2721,
    2702,
    2770,
    2928,
    3338,
    2426,
    2563,
    2531,
    2690,
    2596,
    2805,
    2487,
    2611,
    2674,
    2666,
    2519,
    2503,
    2452,
    2693,
    2697,
    3046,
    1162
  ],
  "frame_rasterizer_times": [
    8319,
    8341,
    8243,
    8542,
    8553,
    3332,
    8261,
    8364,
    9171,
    8234,
    9373,
    8578,
    8245,
    9177,
    8784,
    8889,
    8938,
    9276,
    8375,
    9208,
    8417,
    8273,
    9283,
    8184,
    8377,
    8049,
    8996,
    5030,
    8068,
    9057,
    9096,
    8141,
    8048,
    8137,
    9473,
    9338,
    9213,
    7823,
    8180,
    7827,
    8990,
    8283,
    8326,
    7677,
    9217,
    8611,
    8077,
    9123,
    8770,
    3986,
    6490,
    7227,
    6791,
    6260,
    6931,
    7087,
    6980,
    7078,
    7892,
    6869,
    6559,
    6771,
    11679,
    9178,
    10955,
    9450,
    10129,
    9845,
    10336,
    9138,
    11341,
    10996,
    10741,
    10063,
    9808,
    9490,
    9804,
    9703,
    12454,
    9806,
    9906,
    9934,
    10902,
    10724,
    9376,
    10594,
    9221,
    9368,
    9475,
    9944,
    6750,
    9616,
    10509,
    10599,
    10272,
    9718,
    9751,
    9422,
    9933,
    11788,
    9761,
    10005,
    10217,
    10109,
    9862,
    9737,
    9919,
    9566,
    9122,
    9311,
    9245,
    9017,
    9378,
    10253,
    9819,
    10292,
    10138,
    10066,
    10062,
    10347,
    11597,
    10244,
    10502,
    10024,
    10177,
    9705,
    9630,
    10463,
    9560,
    9754,
    9999,
    9630,
    9325,
    9081,
    10216,
    9849,
    10642,
    9237
  ],
  "frame_begin_times": [
    0,
    16857,
    33503,
    50304,
    66815,
    83106,
    100154,
    116819,
    133543,
    150464,
    167992,
    183558,
    199919,
    217049,
    233789,
    250527,
    266510,
    283800,
    299467,
    317138,
    333846,
    350450,
    367234,
    383958,
    400718,
    417584,
    434194,
    450799,
    467526,
    484045,
    500828,
    517509,
    534118,
    550854,
    567504,
    583161,
    600601,
    617552,
    634578,
    651006,
    667758,
    684212,
    701019,
    717716,
    735446,
    751219,
    767724,
    784650,
    801163,
    817903,
    834375,
    850198,
    867936,
    884792,
    900955,
    918038,
    934756,
    951305,
    967529,
    983849,
    1001576,
    1018321,
    1034883,
    1050494,
    1068403,
    1084483,
    1101745,
    1118482,
    1134763,
    1151733,
    1168471,
    1184732,
    1201169,
    1218369,
    1235105,
    1251843,
    1268635,
    1285397,
    1302345,
    1317625,
    1335361,
    1352087,
    1368245,
    1385097,
    1402240,
    1418901,
    1435100,
    1452205,
    1469004,
    1485544,
    1502448,
    1518924,
    1535505,
    1552448,
    1568960,
    1585081,
    1602448,
    1618926,
    1635617,
    1652532,
    1668020,
    1685189,
    1702565,
    1719199,
    1735990,
    1752079,
    1769244,
    1785467,
    1802706,
    1819333,
    1836003,
    1852924,
    1869572,
    1886190,
    1902755,
    1919411,
    1935768,
    1952913,
    1969457,
    1986470,
    2002843,
    2018641,
    2036269,
    2053230,
    2069665,
    2086608,
    2103150,
    2119681,
    2135404,
    2153240,
    2169851,
    2186628,
    2203208,
    2219865,
    2236742,
    2253213,
    2270129,
    2286138,
    2303323,
    2320077
  ],
  "frame_rasterizer_begin_times": [
    0,
    16559,
    33359,
    49901,
    66394,
    88881,
    99896,
    116645,
    133564,
    151119,
    166765,
    183214,
    200151,
    216877,
    233632,
    249680,
    266964,
    282700,
    300231,
    316930,
    333557,
    350364,
    367112,
    383871,
    400687,
    417303,
    433901,
    453798,
    467233,
    483937,
    500597,
    517241,
    534007,
    550682,
    566254,
    583781,
    600700,
    617811,
    634111,
    651068,
    667387,
    684142,
    700850,
    718523,
    734407,
    750917,
    767764,
    784342,
    800418,
    824336,
    836092,
    854184,
    871004,
    887503,
    904243,
    920936,
    937718,
    954023,
    969807,
    987977,
    1004130,
    1021157,
    1033067,
    1051488,
    1067046,
    1084820,
    1100958,
    1117891,
    1134234,
    1151884,
    1167252,
    1184287,
    1200883,
    1218207,
    1234425,
    1251736,
    1267921,
    1285333,
    1300207,
    1318432,
    1334717,
    1351430,
    1367701,
    1385010,
    1401957,
    1418261,
    1435411,
    1452098,
    1468649,
    1485491,
    1505242,
    1518644,
    1535532,
    1552037,
    1568286,
    1585559,
    1602006,
    1618806,
    1635589,
    1651261,
    1668439,
    1685644,
    1702392,
    1719117,
    1735363,
    1752369,
    1768609,
    1785791,
    1802509,
    1819177,
    1836078,
    1852671,
    1869296,
    1885903,
    1902601,
    1919137,
    1936030,
    1952594,
    1969538,
    1985996,
    2001817,
    2019832,
    2036338,
    2052779,
    2069702,
    2086261,
    2102884,
    2118688,
    2136325,
    2152995,
    2169695,
    2186345,
    2203046,
    2219853,
    2236304,
    2253263,
    2269345,
    2286596
  ],
  "average_vsync_transitions_missed": 0.0,
  "90th_percentile_vsync_transitions_missed": 0.0,
  "99th_percentile_vsync_transitions_missed": 0.0,
  "average_vsync_frame_lag": 0.0,
  "90th_percentile_vsync_frame_lag": 0.0,
  "99th_percentile_vsync_frame_lag": 0.0,
  "average_layer_cache_count": 0.0,
  "90th_percentile_layer_cache_count": 0.0,
  "99th_percentile_layer_cache_count": 0.0,
  "average_frame_request_pending_latency": 15814.388489208633,
  "90th_percentile_frame_request_pending_latency": 16713.0,
  "99th_percentile_frame_request_pending_latency": 17392.0,
  "worst_layer_cache_count": 0.0,
  "average_layer_cache_memory": 0.0,
  "90th_percentile_layer_cache_memory": 0.0,
  "99th_percentile_layer_cache_memory": 0.0,
  "worst_layer_cache_memory": 0.0,
  "average_picture_cache_count": 0.0,
  "90th_percentile_picture_cache_count": 0.0,
  "99th_percentile_picture_cache_count": 0.0,