{
  "average_frame_build_time_millis": 3.1540357142857136,
  "90th_percentile_frame_build_time_millis": 4.427,
  "99th_percentile_frame_build_time_millis": 8.317,
  "worst_frame_build_time_millis": 10.599,
  "missed_frame_build_budget_count": 0,
  "average_frame_rasterizer_time_millis": 9.451565217391302,
  "stddev_frame_rasterizer_time_millis": 0.8838746061751737,
  "90th_percentile_frame_rasterizer_time_millis": 10.634,
  "99th_percentile_frame_rasterizer_time_millis": 11.244,
  "worst_frame_rasterizer_time_millis": 12.095,
  "missed_frame_rasterizer_budget_count": 0,
  "frame_count": 140,
  "frame_rasterizer_count": 138,
  "new_gen_gc_count": 2,
  "old_gen_gc_count": 0,
  "frame_build_times": [
    3173,
    3038,
    2644,
    3078,
    2665,
    2710,
    8317,
    2964,
    2925,
    2909,
    2769,
    2947,
    2812,
    3121,
    2898,
    2601,
    2764,
    2911,
    3383,
    3162,
    2868,
    2883,
    2792,
    2913,
    2887,
    2891,
    3172,
    2835,
    6254,
    2927,
    2889,
    2942,
    2865,
    2854,
    3308,
    3175,
    2945,
    3040,
    2999,
    2910,
    3070,
    2982,
    3532,
    3132,
    2802,
    2871,
    3104,
    2959,
    4427,
    971,
    10599,
    3717,
    5905,
    4752,
    6427,
    4649,
    6197,
    4589,
    6595,
    4752,
    4971,
    3287,
    5187,
    928,
    3128,
    1201,
    3386,
    1035,
    3193,
    1050,
    4357,
    1406,
    3136,
    1099,
    2995,
    1009,
    3235,
    1180,
    3026,
    1152,
    3379,
    1013,
    3227,
    1174,
    1036,
    3132,
    3236,
    3128,
    3329,
    2929,
    2945,
    5939,
    2678,
    2892,
    3076,
    3396,
    2920,
    2974,
    2972,
    2957,
    3145,
    3004,
    2960,
    3065,
    3143,
    3031,
    3148,
    3113,
    2474,
    3070,
    3047,
    3288,
    3180,
    3034,
    3195,
    3348,
    2899,
    3045,
    3073,
    3092,
    3061,
    3009,
    3378,
    2999,
    3032,
    2884,
    2199,
    2878,
    3125,
    3006,
    2735,
    3044,
    2873,
    2979,
    3098,
    2907,
    3029,
    2871,
    3611,
    1028
  ],
  "frame_rasterizer_times": [
    8769,
    9478,
    9637,
    9580,
    8978,
    3796,
    8613,
    9072,
    9214,
    9810,
    9227,
    9000,
    9273,
    9053,
    8222,
    8801,
    9250,
    9172,
    9941,
    9170,
    9139,
    9485,
    9211,
    8991,
    9276,
    9294,
    9036,
    5623,
    9424,
    9147,
    8840,
    9172,
    9175,
    8737,
    10276,
    8846,
    9166,
    9125,
    9041,
    9003,
    9217,
    9571,
    9163,
    8865,
    8228,
    9288,
    9090,
    9324,
    8152,
    3449,
    7906,
    5960,
    6297,
    6507,
    7080,
    6822,
    7195,
    7429,
    7917,
    8632,
    9487,
    7633,
    9239,
    9849,
    10370,
    9140,
    10677,
    9052,
    9722,
    10813,
    10408,
    9483,
    11244,
    9454,
    10293,
    10314,
    10634,
    10189,
    10859,
    10726,
    11230,
    10395,
    10698,
    10472,
    10313,
    11069,
    10099,
    10730,
    10224,
    10283,
    7166,
    10476,
    10830,
    10170,
    10162,
    10235,
    10288,
    10049,
    10203,
    10772,
    10420,
    10333,
    10293,
    10150,
    10328,
    10058,
    10256,
    12095,
    10060,
    10211,
    10348,
    10056,
    9838,
    10965,
    9935,
    9724,
    9995,
    9983,
    10100,
    10235,
    9775,
    9603,
    10039,
    10006,
    10130,
    10629,
    10011,
    10013,
    10185,
    9050,
    10087,
    10084,
    8998,
    10863,
    10216,
    9805,
    9865,
    9969
  ],
  "frame_begin_times": [
    0,
    17105,
    33752,
    50082,
    67121,
    83822,
    100882,
    117577,
    133991,
    150640,
    167005,
    184215,
    200700,
    217357,
    234330,
    251854,
    267426,
    284269,
    300892,
    317009,
    334289,
    350688,
    367049,
    384410,
    401080,
    417644,
    433950,
    451525,
    467773,
    484558,
    501411,
    518027,
    534527,
    550748,
    567694,
    583662,
    601281,
    618009,
    634575,
    651393,
    668088,
    684768,
    700817,
    718078,
    735276,
    752504,
    768131,
    784913,
    801351,
    818730,
    834966,
    851030,
    868725,
    885511,
    901623,
    918249,
    935118,
    951705,
    968197,
    985388,
    1001252,
    1017861,
    1035538,
    1052369,
    1068206,
    1085155,
    1101756,
    1118751,
    1135787,
    1152693,
    1168541,
    1185532,
    1202160,
    1218367,
    1235772,
    1252474,
    1268901,
    1285528,
    1302311,
    1319016,
    1335169,
    1352075,
    1369016,
    1385638,
    1402461,
    1419221,
    1435219,
    1452405,
    1468656,
    1485819,
    1502525,
    1519135,
    1535942,
    1552243,
    1569412,
    1586031,
    1602785,
    1619475,
    1636227,
    1652950,
    1668797,
    1686124,
    1702874,
    1719613,
    1736245,
    1752857,
    1769809,
    1786224,
    1802241,
    1819743,
    1836835,
    1853249,
    1869689,
    1886761,
    1902278,
    1919950,
    1937514,
    1953386,
    1970018,
    1986652,
    2003288,
    2020200,
    2037227,
    2053397,
    2070000,
    2086749,
    2102941,
    2120139,
    2136763,
    2153441,
    2170401,
    2186766,
    2203526,
    2220409,
    2236590,
    2253514,
    2270339,
    2287198,
    2303740,
    2320646
  ],
  "frame_rasterizer_begin_times": [
    0,
    16251,
    32797,
    49573,
    66299,
    88288,
    100262,
    116558,
    133140,
    149422,
    166690,
    183095,
    199862,
    216864,
    234178,
    249996,
    266703,
    283408,
    299530,
    316797,
    333349,
    349815,
    366840,
    383582,
    400150,
    416745,
    433969,
    453018,
    467000,
    483928,
    500613,
    516966,
    533642,
    550168,
    566039,
    583744,
    600510,
    617076,
    633913,
    650605,
    667212,
    683698,
    700581,
    717680,
    734853,
    750657,
    767397,
    783933,
    800791,
    823748,
    835221,
    853687,
    870180,
    886694,
    902931,
    920008,
    936356,
    953473,
    970120,
    985175,
    1001525,
    1019837,
    1035321,
    1050746,
    1067048,
    1084588,
    1100662,
    1118146,
    1134731,
    1151439,
    1167658,
    1184750,
    1200321,
    1218185,
    1234519,
    1251291,
    1267662,
    1284760,
    1300837,
    1317647,
    1333954,
    1351460,
    1367819,
    1384714,
    1401661,
    1417686,
    1434890,
    1451407,
    1468472,
    1485067,
    1504147,
    1518404,
    1534988,
    1551976,
    1568595,
    1585230,
    1601908,
    1618652,
    1635356,
    1651566,
    1668667,
    1685303,
    1702083,
    1718691,
    1735327,
    1752365,
    1768739,
    1784573,
    1802250,
    1819303,
    1835738,
    1852413,
    1869271,
    1884872,
    1902413,
    1919887,
    1935838,
    1952569,
    1969113,
    1985744,
    2002616,
    2019871,
    2035968,
    2052575,
    2069233,
    2085460,
    2102606,
    2119350,
    2135972,
    2152914,
    2169398,
    2186006,
    2203470,
    2219150,
    2236011,
    2252987,
    2269604,
    2286262
  ],
  "average_vsync_transitions_missed": 0.0,
  "90th_percentile_vsync_transitions_missed": 0.0,
  "99th_percentile_vsync_transitions_missed": 0.0,
  "average_vsync_frame_lag": 0.0,
  "90th_percentile_vsync_frame_lag": 0.0,
  "99th_percentile_vsync_frame_lag": 0.0,
  "average_layer_cache_count": 0.0,
  "90th_percentile_layer_cache_count": 0.0,
  "99th_percentile_layer_cache_count": 0.0,
  "average_frame_request_pending_latency": 15776.15107913669,
  "90th_percentile_frame_request_pending_latency": 16759.0,
  "99th_percentile_frame_request_pending_latency": 17353.0,
  "worst_layer_cache_count": 0.0,
  "average_layer_cache_memory": 0.0,
  "90th_percentile_layer_cache_memory": 0.0,
  "99th_percentile_layer_cache_memory": 0.0,
  "worst_layer_cache_memory": 0.0,
  "average_picture_cache_count": 0.0,
  "90th_percentile_picture_cache_count": 0.0,