{
  "average_frame_build_time_millis": 2.927892857142858,
  "90th_percentile_frame_build_time_millis": 4.595,
  "99th_percentile_frame_build_time_millis": 8.168,
  "worst_frame_build_time_millis": 10.659,
  "missed_frame_build_budget_count": 0,
  "average_frame_rasterizer_time_millis": 9.106275362318842,
  "stddev_frame_rasterizer_time_millis": 0.9493579080025205,
  "90th_percentile_frame_rasterizer_time_millis": 10.579,
  "99th_percentile_frame_rasterizer_time_millis": 11.518,
  "worst_frame_rasterizer_time_millis": 11.848,
  "missed_frame_rasterizer_budget_count": 0,
  "frame_count": 140,
  "frame_rasterizer_count": 138,
  "new_gen_gc_count": 2,
  "old_gen_gc_count": 0,
  "frame_build_times": [
    2598,
    2722,
    2469,
    3040,
    2484,
    2545,
    8168,
    2603,
    2694,
    2732,
    2771,
    2918,
    2718,
    2687,
    2672,
    2826,
    2885,
    2828,
    2893,
    2724,
    2754,
    2962,
    2719,
    2791,
    2755,
    2703,
    2850,
    2884,
    5956,
    2807,
    2719,
    2682,
    2987,
    2791,
    2902,
    3015,
    2828,
    2741,
    2914,
    2939,
    2811,
    2843,
    2761,
    2813,
    2877,
    2948,
    2797,
    2731,
    3626,
    1024,
    10659,
    4340,
    5816,
    4741,
    6875,
    5006,
    6235,
    4870,
    6137,
    4595,
    6559,
    4880,
    6144,
    1084,
    2831,
    971,
    2792,
    992,
    2917,
    1081,
    3673,
    1239,
    2600,
    930,
    2812,
    1094,
    2596,
    1020,
    2668,
    971,
    2855,
    1103,
    2645,
    984,
    889,
    2733,
    2764,
    2721,
    2759,
    2523,
    2560,
    6272,
    2569,
    2878,
    2513,
    2430,
    2514,
    2586,
    2809,
    2703,
    2676,
    2553,
    2609,
    2723,
    2749,
    2461,
    2657,
    2601,
    2728,
    2526,
    2466,
    2817,
    2585,
    2601,
    2568,
    2767,
    2638,
    2757,
    2594,
    2638,
    2573,
    2836,
    3106,
    2295,
    2384,
    2408,
    2504,
    2410,
    2404,
    2463,
    2374,
    2598,
    2417,
    2556,
    2594,
    2378,
    2522,
    2602,
    2906,
    1016
  ],
  "frame_rasterizer_times": [
    4637,
    9478,
    7807,
    9181,
    8480,
    4194,
    9382,
    8326,
    10153,
    8863,
    8899,
    8282,
    9237,
    8445,
    8290,
    9301,
    8735,
    8777,
    8367,
    8631,
    9313,
    8968,
    9437,
    8961,
    8705,
    8167,
    9204,
    5643,
    8161,
    9288,
    8895,
    8725,
    8360,
    8258,
    10250,
    9755,
    9004,
    8434,
    9152,
    8245,
    8181,
    9058,
    8240,
    8477,
    8277,
    9034,
    8192,
    8233,
    8717,
    3612,
    6346,
    6615,
    6733,
    7143,
    6570,
    6570,
    6661,
    7058,
    8768,
    7096,
    6559,
    7658,
    10520,
    8745,
    10604,
    9706,
    10579,
    9592,
    10572,
    8824,
    10856,
    10544,
    10810,
    9743,
    11518,
    10702,
    10824,
    9337,
    11848,
    10435,
    10721,
    10153,
    10920,
    10881,
    9510,
    10712,
    9089,
    9746,
    9703,
    9855,
    8060,
    9438,
    11406,
    9476,
    9332,
    9489,
    10306,
    9532,
    9745,
    10909,
    9846,
    9960,
    9968,
    10004,
    9139,
    9748,
    10115,
    9720,
    9153,
    10121,
    10149,
    9685,
    9308,
    9442,
    10516,
    9534,
    9621,
    9363,
    9370,
    10359,
    10673,
    9252,
    9877,
    9886,
    9263,
    9344,
    9173,
    9035,
    9303,
    9079,
    9684,
    9362,
    9344,
    10546,
    8670,
    9458,
    9673,
    8993
  ],
  "frame_begin_times": [
    0,
    20483,
    33238,
    50370,
    67041,
    83482,
    100124,
    116862,
    133609,
    149442,
    166854,
    183081,
    200351,
    216986,
    233585,
    250414,
    267028,
    283847,
    299953,
    317158,
    333887,
    350604,
    367247,
    383843,
    400747,
    416975,
    434225,
    450670,
    467377,
    484063,
    500726,
    517338,
    533656,
    550838,
    567553,
    583182,
    599916,
    617474,
    634106,
    650965,
    667656,
    684439,
    701137,
    717720,
    734564,
    751114,
    767901,
    784573,
    801177,
    817919,
    834651,
    850753,
    868032,
    884612,
    901339,
    918240,
    934791,
    951369,
    967648,
    983911,
    1001437,
    1018246,
    1034832,
    1051530,
    1068821,
    1084910,
    1101144,
    1118390,
    1134677,
    1151720,
    1168311,
    1185024,
    1200840,
    1218566,
    1234630,
    1251248,
    1268491,
    1284713,
    1301881,
    1318633,
    1334760,
    1351908,
    1368281,
    1385388,
    1402131,
    1418697,
    1434881,
    1452828,
    1468354,
    1485533,
    1502234,
    1518807,
    1535545,
    1551272,
    1569002,
    1585749,
    1602526,
    1618974,
    1635683,
    1651916,
    1668590,
    1685804,
    1701912,
    1719141,
    1735249,
    1752768,
    1768767,
    1785049,
    1802606,
    1819314,
    1836059,
    1852857,
    1868946,
    1886052,
    1902783,
    1919033,
    1936119,
    1952278,
    1969345,
    1986314,
    2002833,
    2018600,
    2035859,
    2053453,
    2069639,
    2086475,
    2103086,
    2119798,
    2136589,
    2153188,
    2169856,
    2186555,
    2203332,
    2219878,
    2236063,
    2254255,
    2270117,
    2286241,
    2303331,
    2319893
  ],
  "frame_rasterizer_begin_times": [
    0,
    12655,
    30150,
    46415,
    62935,
    84391,
    96243,
    113076,
    128924,
    146285,
    162653,
    179828,
    196448,
    213005,
    229853,
    246546,
    263343,
    279499,
    296602,
    313334,
    330038,
    346648,
    363325,
    380260,
    396417,
    413585,
    430117,
    449669,
    463637,
    480139,
    496802,
    513225,
    530287,
    547106,
    562631,
    579454,
    596961,
    613559,
    630422,
    647160,
    663932,
    680604,
    697189,
    714042,
    730610,
    747375,
    764024,
    780651,
    796822,
    820455,
    832629,
    849959,
    866271,
    883327,
    899986,
    916845,
    933307,
    949673,
    965652,
    983445,
    1000286,
    1016831,
    1030421,
    1048242,
    1063808,
    1080612,
    1097322,
    1114119,
    1130617,
    1148119,
    1164001,
    1180304,
    1197465,
    1214128,
    1230187,
    1247873,
    1263621,
    1281346,
    1297494,
    1314311,
    1330862,
    1347777,
    1364296,
    1381265,
    1398130,
    1414379,
    1432235,
    1447963,
    1464933,
    1481638,
    1500740,
    1514990,
    1530898,
    1548476,
    1565173,
    1581909,
    1598358,
    1615442,
    1631558,
    1648067,
    1665218,
    1681392,
    1698616,
    1714682,
    1732161,
    1748253,
    1764583,
    1782062,
    1798781,
    1815519,
    1832382,
    1848449,
    1865500,
    1882193,
    1898522,
    1915693,
    1931973,
    1948812,
    1965734,
    1982300,
    1998141,
    2015618,
    2032820,
    2049065,
    2065917,
    2082515,
    2099280,
    2116050,
    2132628,
    2149324,
    2166020,
    2182780,
    2199429,
    2215738,
    2233656,
    2249574,
    2265758,
    2282941
  ],
  "average_vsync_transitions_missed": 0.0,
  "90th_percentile_vsync_transitions_missed": 0.0,
  "99th_percentile_vsync_transitions_missed": 0.0,
  "average_vsync_frame_lag": 0.0,
  "90th_percentile_vsync_frame_lag": 0.0,
  "99th_percentile_vsync_frame_lag": 0.0,
  "average_layer_cache_count": 0.0,
  "90th_percentile_layer_cache_count": 0.0,
  "99th_percentile_layer_cache_count": 0.0,
  "average_frame_request_pending_latency": 15845.546762589927,
  "90th_percentile_frame_request_pending_latency": 16802.0,
  "99th_percentile_frame_request_pending_latency": 17795.0,
  "worst_layer_cache_count": 0.0,
  "average_layer_cache_memory": 0.0,
  "90th_percentile_layer_cache_memory": 0.0,
  "99th_percentile_layer_cache_memory": 0.0,
  "worst_layer_cache_memory": 0.0,
  "average_picture_cache_count": 0.0,
  "90th_percentile_picture_cache_count": 0.0,
  "99th_percentile_picture_cache_count": 0.0,