{
  "average_frame_build_time_millis": 3.2934696969696984,
  "90th_percentile_frame_build_time_millis": 9.572,
  "99th_percentile_frame_build_time_millis": 27.02,
  "worst_frame_build_time_millis": 28.049,
  "missed_frame_build_budget_count": 5,
  "average_frame_rasterizer_time_millis": 17.747076142131977,
  "stddev_frame_rasterizer_time_millis": 8.061684454636813,
  "90th_percentile_frame_rasterizer_time_millis": 28.998,
  "99th_percentile_frame_rasterizer_time_millis": 39.247,
  "worst_frame_rasterizer_time_millis": 46.299,
  "missed_frame_rasterizer_budget_count": 104,
  "frame_count": 198,
  "frame_rasterizer_count": 197,
  "new_gen_gc_count": 18,
  "old_gen_gc_count": 4,
  "frame_build_times": [
    586,
    608,
    706,
    587,
    732,
    25663,
    11846,
    1496,
    1103,
    1564,
    2783,
    1973,
    2464,
    2946,
    2318,
    2603,
    2000,
    10545,
    1442,
    661,
    633,
    1247,
    646,
    534,
    511,
    506,
    552,
    15329,
    6142,
    1825,
    1505,
    2343,
    2858,
    2333,
    2768,
    1235,
    1534,
    1537,
    9581,
    793,
    704,
    838,
    705,
    737,
    763,
    27863,
    13166,
    1335,
    1221,
    1672,
    2643,
    2928,
    2087,
    1546,
    4922,
    1293,
    8123,
    1187,
    843,
    1058,
    506,
    508,
    547,
    580,
    594,
    15148,
    8819,
    2231,
    2393,
    2413,
    2932,
    2074,
    1954,
    2344,
    1881,
    1775,
    10335,
    720,
    672,
    673,
    682,
    777,
    813,
    708,
    27020,
    12332,
    1338,
    1299,
    2255,
    2634,
    2609,
    1996,
    2091,
    2420,
    1578,
    9456,
    1165,
    807,
    1032,
    568,
    518,
    512,
    617,
    14492,
    8880,
    1901,
    1919,
    1598,
    2071,
    1820,
    2556,
    2074,
    2012,
    2172,
    9503,
    695,
    713,
    641,
    747,
    745,
    26902,
    11365,
    1682,
    1039,
    1534,
    1929,
    1972,
    2327,
    2016,
    2342,
    1846,
    2355,
    10296,
    1359,
    717,
    756,
    1068,
    545,
    516,
    529,
    512,
    565,
    15087,
    5984,
    1969,
    1815,
    3653,
    1495,
    2065,
    1614,
    2349,
    1932,
    9572,
    661,
    769,
    695,
    964,
    725,
    28049,
    12401,
    1358,
    1100,
    1670,
    1903,
    2492,
    3042,
    2668,
    2437,
    2520,
    9377,
    1276,
    677,
    653,
    1017,
    553,
    726,
    602,
    534,
    565,
    14580,
    8855,
    2258,
    2201,
    1667,
    2961,
    2509,
    1806,
    1877,
    1776,
    2355,
    9917,
    766,
    767,
    532,
    614,
    628,
    654,
    706
  ],
  "frame_rasterizer_times": [
    13583,
    13638,
    13674,
    14449,
    10198,
    6148,
    6126,
    20194,
    39247,
    23151,
    29079,
    28555,
    24390,
    24403,
    24188,
    24271,
    23246,
    24423,
    8693,
    8446,
    7165,
    6952,
    6868,
    7040,
    6960,
    6920,
    6887,
    13892,
    17906,
    24706,
    24545,
    24211,
    25415,
    24498,
    24221,
    24411,
    22418,
    12949,
    9508,
    9425,
    9298,
    10426,
    10275,
    10735,
    10612,
    10847,
    9634,
    25088,
    30467,
    35245,
    31928,
    39489,
    26212,
    36129,
    24194,
    23370,
    24502,
    8495,
    7029,
    6798,
    7055,
    7040,
    6937,
    7217,
    6903,
    14806,
    14455,
    24780,
    24187,
    23935,
    24456,
    24666,
    24609,
    24190,
    22109,
    12625,
    15180,
    16328,
    16552,
    17078,
    16268,
    16460,
    17689,
    9762,
    9063,
    9347,
    24867,
    30649,
    35016,
    30214,
    31586,
    27777,
    28294,
    23695,
    23979,
    25653,
    6996,
    7773,
    7205,
    6968,
    6822,
    7110,
    6886,
    15409,
    18931,
    24146,
    24874,
    24274,
    23813,
    24221,
    25286,
    24203,
    22334,
    12520,
    9479,
    9370,
    9093,
    8507,
    9470,
    10390,
    7201,
    8200,
    22785,
    30265,
    30159,
    28698,
    28998,
    24570,
    23817,
    24529,
    24287,
    23302,
    25058,
    7003,
    7212,
    7015,
    7056,
    6983,
    7038,
    6856,
    6863,
    6907,
    13387,
    14931,
    46299,
    10593,
    30166,
    35525,
    25923,
    23926,
    23872,
    12250,
    9582,
    9387,
    9370,
    10702,
    9738,
    10417,
    9032,
    10373,
    23452,
    30695,
    35256,
    32205,
    31310,
    28919,
    26355,
    24329,
    23213,
    24977,
    7145,
    8229,
    8109,
    7003,
    6865,
    6977,
    7036,
    7118,
    6879,
    15056,
    14791,
    24702,
    24626,
    24092,
    24103,
    24172,
    24742,
    24042,
    22262,
    12558,
    18077,
    12437,
    17628,
    16600,
    16687,
    16739,
    17234
  ],
  "frame_begin_times": [
    0,
    17879,
    34077,
    51075,
    168862,
    184861,
    216863,
    234364,
    251244,
    268022,
    301267,
    334509,
    351493,
    384617,
    401555,
    434652,
    451885,
    484751,
    501610,
    534786,
    552053,
    584888,
    601089,
    618355,
    635258,
    651812,
    668371,
    685073,
    718593,
    734891,
    751765,
    768587,
    801939,
    818261,
    851867,
    868050,
    901994,
    918491,
    951481,
    969126,
    985936,
    1002133,
    1018968,
    1035607,
    1153704,
    1169900,
    1202546,
    1218265,
    1235897,
    1252432,
    1285975,
    1319252,
    1352104,
    1385257,
    1419254,
    1452460,
    1486381,
    1502620,
    1536737,
    1569516,
    1586289,
    1603256,
    1619749,
    1636512,
    1653187,
    1669887,
    1703547,
    1719455,
    1736619,
    1753305,
    1786803,
    1803351,
    1836459,
    1853337,
    1886756,
    1903278,
    1920042,
    1937070,
    1954195,
    1970539,
    1986793,
    2004169,
    2020779,
    2137023,
    2154936,
    2186515,
    2202950,
    2220753,
    2237326,
    2270689,
    2303445,
    2337082,
    2370704,
    2387523,
    2420475,
    2454218,
    2470756,
    2504676,
    2554280,
    2571227,
    2587998,
    2604501,
    2621173,
    2637875,
    2671658,
    2687448,
    2704595,
    2737605,
    2756188,
    2788659,
    2804855,
    2821338,
    2854859,
    2871641,
    2905215,
    2921576,
    2938128,
    2955510,
    2972094,
    3091793,
    3106067,
    3137701,
    3154448,
    3171898,
    3188619,
    3221969,
    3255894,
    3272043,
    3305360,
    3322303,
    3355831,
    3372167,
    3405710,
    3422392,
    3456017,
    3473626,
    3505855,
    3522399,
    3539238,
    3555821,
    3572656,
    3589205,
    3605968,
    3639302,
    3655473,
    3672672,
    3706170,
    3722373,
    3755453,
    3789094,
    3822827,
    3839374,
    3873216,
    3889859,
    3906530,
    3923048,
    3939886,
    4057825,
    4074190,
    4106554,
    4122350,
    4140331,
    4156497,
    4189878,
    4222776,
    4256931,
    4290293,
    4323594,
    4340307,
    4373656,
    4389917,
    4423815,
    4440386,
    4473867,
    4490480,
    4507368,
    4523839,
    4540500,
    4557283,
    4574083,
    4607669,
    4623650,
    4640632,
    4657430,
    4690964,
    4707375,
    4740621,
    4757728,
    4790781,
    4807919,
    4824351,
    4840773,
    4857013,
    4874061,
    4891316,
    4908020,
    4924637,
    5041136
  ],