{
  "average_frame_build_time_millis": 3.1736984924623104,
  "90th_percentile_frame_build_time_millis": 9.338,
  "99th_percentile_frame_build_time_millis": 25.839,
  "worst_frame_build_time_millis": 27.329,
  "missed_frame_build_budget_count": 5,
  "average_frame_rasterizer_time_millis": 17.710383838383848,
  "stddev_frame_rasterizer_time_millis": 7.77563167023773,
  "90th_percentile_frame_rasterizer_time_millis": 29.124,
  "99th_percentile_frame_rasterizer_time_millis": 34.659,
  "worst_frame_rasterizer_time_millis": 35.31,
  "missed_frame_rasterizer_budget_count": 95,
  "frame_count": 199,
  "frame_rasterizer_count": 198,
  "new_gen_gc_count": 10,
  "old_gen_gc_count": 2,
  "frame_build_times": [
    857,
    845,
    790,
    579,
    680,
    685,
    731,
    25839,
    11334,
    1406,
    1085,
    1614,
    1819,
    1825,
    2395,
    1937,
    2201,
    1753,
    1985,
    9781,
    1423,
    738,
    673,
    1002,
    632,
    552,
    543,
    571,
    632,
    14818,
    5635,
    2015,
    1375,
    2287,
    1690,
    1946,
    1952,
    1751,
    2213,
    1355,
    8059,
    482,
    567,
    834,
    701,
    824,
    680,
    744,
    27329,
    12977,
    1410,
    1117,
    1664,
    1684,
    2613,
    1828,
    1825,
    2154,
    2297,
    9284,
    1205,
    763,
    694,
    1000,
    595,
    503,
    548,
    747,
    552,
    15034,
    8868,
    2183,
    2347,
    2245,
    2740,
    2542,
    1789,
    1954,
    1749,
    2563,
    9954,
    889,
    587,
    685,
    760,
    719,
    642,
    785,
    27081,
    12239,
    1361,
    1251,
    1212,
    1761,
    2505,
    1812,
    1930,
    2125,
    2003,
    9338,
    1270,
    737,
    724,
    1092,
    1054,
    522,
    647,
    525,
    565,
    14426,
    8892,
    1994,
    1830,
    1533,
    2867,
    2375,
    1413,
    1420,
    1778,
    2047,
    9545,
    591,
    458,
    584,
    664,
    728,
    783,
    640,
    25649,
    12558,
    1634,
    1335,
    1241,
    1859,
    2668,
    1809,
    2382,
    2464,
    1656,
    11632,
    1287,
    702,
    996,
    606,
    654,
    547,
    502,
    15061,
    5826,
    2568,
    1199,
    1942,
    1779,
    2366,
    2021,
    1982,
    2339,
    2628,
    8958,
    608,
    412,
    518,
    711,
    741,
    669,
    2434,
    25584,
    11321,
    1461,
    1086,
    1762,
    2038,
    2276,
    2415,
    1776,
    2258,
    2165,
    1747,
    12395,
    1167,
    708,
    1002,
    494,
    581,
    516,
    552,
    15081,
    9031,
    2211,
    1969,
    1784,
    2067,
    2324,
    1855,
    1721,
    1382,
    5654,
    524,
    735
  ],
  "frame_rasterizer_times": [
    9812,
    10803,
    14581,
    13992,
    13600,
    14409,
    10416,
    7669,
    6027,
    21635,
    31227,
    30135,
    28208,
    29124,
    24077,
    24291,
    23914,
    23593,
    23791,
    24764,
    7057,
    7438,
    7123,
    7236,
    7152,
    7121,
    7095,
    7066,
    6989,
    13687,
    14777,
    24564,
    23047,
    24882,
    24224,
    23912,
    24768,
    24866,
    22153,
    18775,
    11084,
    9485,
    10413,
    14080,
    14103,
    14821,
    14843,
    10613,
    10731,
    10667,
    23128,
    30604,
    34659,
    31882,
    31612,
    28071,
    27788,
    24223,
    23140,
    24051,
    8321,
    7708,
    7259,
    7251,
    7242,
    7142,
    7265,
    7205,
    7155,
    15098,
    14686,
    24777,
    24027,
    23492,
    24489,
    23903,
    23982,
    24714,
    22241,
    12842,
    11385,
    11687,
    13019,
    12999,
    14781,
    13552,
    15149,
    10575,
    9200,
    8843,
    24026,
    29937,
    35310,
    32703,
    31349,
    29115,
    29150,
    24405,
    23431,
    23692,
    8855,
    7367,
    7162,
    7065,
    7157,
    7088,
    7091,
    7128,
    7216,
    15605,
    15243,
    24671,
    24273,
    23898,
    23552,
    24842,
    24483,
    24035,
    22156,
    13308,
    11465,
    9925,
    13228,
    11337,
    12667,
    12943,
    13997,
    10513,
    6561,
    7211,
    22774,
    30654,
    35034,
    32646,
    31877,
    29675,
    26096,
    23978,
    23254,
    24926,
    7380,
    7314,
    7286,
    7116,
    6995,
    7176,
    7117,
    14482,
    12875,
    24335,
    24486,
    23867,
    24156,
    23762,
    24606,
    24673,
    22389,
    18076,
    11390,
    9915,
    11250,
    14039,
    14840,
    13037,
    14728,
    10308,
    7379,
    6764,
    20869,
    30472,
    29652,
    28945,
    30315,
    27970,
    24387,
    24267,
    23678,
    23827,
    24385,
    15490,
    6858,
    7320,
    7192,
    7068,
    7247,
    7145,
    15098,
    14718,
    24525,
    24179,
    23137,
    24976,
    26811,
    27427,
    31212,
    26713,
    21502,
    9469
  ],
  "frame_begin_times": [
    0,
    17281,
    33656,
    50456,
    67387,
    83872,
    204179,
    218203,
    250275,
    267025,
    284232,
    301297,
    334393,
    367086,
    384459,
    417677,
    434811,
    467769,
    484637,
    518116,
    534800,
    568604,
    585031,
    618336,
    634378,
    651823,
    668236,
    684961,
    701695,
    718395,
    751612,
    767840,
    784348,
    802529,
    835096,
    851306,
    868619,
    902797,
    918732,
    951681,
    968518,
    985319,
    1001490,
    1019088,
    1035877,
    1051644,
    1068661,
    1187147,
    1202976,
    1235246,
    1251454,
    1268975,
    1285627,
    1319003,
    1352498,
    1385679,
    1419317,
    1452760,
    1469454,
    1502657,
    1519107,
    1553115,
    1570013,
    1602655,
    1619516,
    1636289,
    1652918,
    1669745,
    1686369,
    1703270,
    1736638,
    1752713,
    1769880,
    1785951,
    1819836,
    1836546,
    1869810,
    1886667,
    1919768,
    1936660,
    1953361,
    1969524,
    1987136,
    2003451,
    2020018,
    2036846,
    2052773,
    2172466,
    2187684,
    2219398,
    2236191,
    2253897,
    2270222,
    2303771,
    2336506,
    2370423,
    2403991,
    2437324,
    2453999,
    2487213,
    2503655,
    2538102,
    2555706,
    2587573,
    2604376,
    2621076,
    2637681,
    2654358,
    2671175,
    2687961,
    2721463,
    2737458,
    2754423,
    2770663,
    2804609,
    2821285,
    2854842,
    2871172,
    2904481,
    2921360,
    2938818,
    2955058,
    2971194,
    2988387,
    3004731,
    3022160,
    3038566,
    3154846,
    3173451,
    3204514,
    3220909,
    3238793,
    3255460,
    3288407,
    3321942,
    3355254,
    3388753,
    3405937,
    3438692,
    3472228,
    3488875,
    3522925,
    3572180,
    3589002,
    3605803,
    3622391,
    3639241,
    3655721,
    3689386,
    3705365,
    3722596,
    3739268,
    3773391,
    3789515,
    3806100,
    3839521,
    3856089,
    3889403,
    3906257,
    3922331,
    3939392,
    3956564,
    3972518,
    3989584,
    4006160,
    4125408,
    4140711,
    4172389,
    4189903,
    4206618,
    4222933,
    4256423,
    4272961,
    4306749,
    4339904,
    4373388,
    4389750,
    4423370,
    4440126,
    4474010,
    4490350,
    4540367,
    4556957,
    4573880,
    4590584,
    4607230,
    4623895,
    4657383,
    4673578,
    4690729,
    4707283,
    4740772,
    4757627,
    4790525,
    4807097,
    4840054,
    4873450,
    4991053,
    5108031
  ],