{
  "average_frame_build_time_millis": 3.383256410256412,
  "90th_percentile_frame_build_time_millis": 9.937,
  "99th_percentile_frame_build_time_millis": 28.363,
  "worst_frame_build_time_millis": 29.865,
  "missed_frame_build_budget_count": 10,
  "average_frame_rasterizer_time_millis": 18.241239583333343,
  "stddev_frame_rasterizer_time_millis": 7.734387478298611,
  "90th_percentile_frame_rasterizer_time_millis": 29.741,
  "99th_percentile_frame_rasterizer_time_millis": 35.474,
  "worst_frame_rasterizer_time_millis": 38.224,
  "missed_frame_rasterizer_budget_count": 101,
  "frame_count": 195,
  "frame_rasterizer_count": 192,
  "new_gen_gc_count": 8,
  "old_gen_gc_count": 0,
  "frame_build_times": [
    720,
    771,
    660,
    677,
    744,
    26919,
    12452,
    1447,
    1222,
    1341,
    2302,
    2788,
    1974,
    2020,
    1676,
    1811,
    8205,
    1049,
    527,
    789,
    1207,
    569,
    581,
    543,
    559,
    16209,
    9329,
    2369,
    2369,
    1477,
    2682,
    2062,
    2591,
    1773,
    2169,
    1968,
    9802,
    803,
    646,
    784,
    712,
    736,
    29865,
    12646,
    1852,
    1419,
    1661,
    2664,
    2681,
    2383,
    1963,
    1977,
    1714,
    9950,
    1001,
    730,
    733,
    1099,
    527,
    526,
    510,
    594,
    617,
    16498,
    8556,
    1995,
    1842,
    2152,
    2905,
    2044,
    1945,
    1971,
    1740,
    1990,
    10699,
    610,
    551,
    586,
    898,
    773,
    663,
    651,
    27660,
    13342,
    1246,
    1129,
    1565,
    1772,
    2386,
    2021,
    1946,
    2019,
    1858,
    1911,
    7898,
    1211,
    1063,
    548,
    539,
    512,
    622,
    16258,
    6460,
    1985,
    2423,
    1964,
    1648,
    1716,
    1877,
    2144,
    1717,
    1617,
    8553,
    680,
    511,
    657,
    661,
    724,
    668,
    852,
    28363,
    13609,
    1443,
    1152,
    1714,
    2734,
    2267,
    2548,
    2475,
    1743,
    2406,
    8567,
    1022,
    745,
    1196,
    546,
    510,
    514,
    535,
    542,
    16269,
    9937,
    2362,
    2234,
    1532,
    2757,
    2611,
    2123,
    1474,
    2771,
    2345,
    10183,
    718,
    686,
    783,
    681,
    725,
    28702,
    12888,
    1166,
    1465,
    1641,
    2701,
    2661,
    2032,
    1953,
    1993,
    2361,
    8861,
    1122,
    789,
    724,
    1046,
    544,
    536,
    508,
    690,
    530,
    16309,
    8975,
    1541,
    1750,
    2049,
    1942,
    2028,
    2884,
    2086,
    1806,
    2405,
    10223,
    685,
    630,
    673,
    707,
    729
  ],
  "frame_rasterizer_times": [
    11793,
    12331,
    12235,
    8044,
    7319,
    23766,
    30272,
    35034,
    31769,
    30703,
    29175,
    27967,
    24029,
    23450,
    25940,
    7488,
    8080,
    12714,
    8007,
    8153,
    8260,
    8027,
    8023,
    16227,
    17337,
    24572,
    24323,
    23918,
    23993,
    24063,
    23984,
    24373,
    22241,
    11688,
    11636,
    11582,
    9431,
    11328,
    11402,
    12336,
    8856,
    9495,
    23925,
    29741,
    35474,
    32333,
    31961,
    29302,
    28337,
    24186,
    23234,
    24640,
    8086,
    8653,
    8193,
    8097,
    8126,
    7993,
    8162,
    8244,
    8134,
    17379,
    16275,
    24285,
    24327,
    23897,
    23091,
    24868,
    24679,
    23958,
    21907,
    13260,
    10538,
    10555,
    12310,
    15735,
    14654,
    16060,
    14567,
    12195,
    7843,
    10998,
    20999,
    30468,
    34828,
    31476,
    32612,
    28992,
    25982,
    23715,
    24081,
    25125,
    22521,
    8185,
    8201,
    8134,
    8176,
    8140,
    7993,
    14873,
    17704,
    24597,
    23880,
    24032,
    24304,
    23723,
    24651,
    23855,
    21874,
    13026,
    13311,
    10094,
    10177,
    13577,
    15869,
    15806,
    15776,
    12103,
    10886,
    11597,
    23712,
    30292,
    34830,
    38224,
    33124,
    29854,
    27093,
    26909,
    23840,
    25637,
    8065,
    8178,
    7957,
    7949,
    7987,
    7876,
    7864,
    7980,
    17927,
    17907,
    24126,
    24384,
    24189,
    23912,
    24003,
    24003,
    24800,
    21301,
    13146,
    11668,
    11120,
    9153,
    11144,
    12159,
    12258,
    8026,
    8462,
    23891,
    29570,
    35897,
    32458,
    31802,
    29598,
    27612,
    24299,
    23224,
    24680,
    8033,
    8311,
    8130,
    8209,
    8078,
    8035,
    8053,
    8113,
    8215,
    17301,
    17806,
    25489,
    23973,
    23813,
    23620,
    24409,
    24045,
    24677,
    25732,
    11887,
    11473,
    9148,
    10273,
    14616,
    15880
  ],
  "frame_begin_times": [
    0,
    15580,
    33015,
    48662,
    167292,
    183536,
    215478,
    232126,
    249910,
    266204,
    299063,
    332877,
    366341,
    400325,
    416742,
    449642,
    483005,
    499925,
    516096,
    533394,
    583662,
    600375,
    616561,
    633607,
    650412,
    667028,
    700608,
    716634,
    733638,
    767385,
    783936,
    799936,
    833974,
    850374,
    883452,
    900433,
    934380,
    951196,
    967675,
    983985,
    1001079,
    1120925,
    1134553,
    1167094,
    1183794,
    1201783,
    1217700,
    1251098,
    1284462,
    1317813,
    1351081,
    1384634,
    1401094,
    1434558,
    1451116,
    1485251,
    1502031,
    1534853,
    1551637,
    1568328,
    1584647,
    1601830,
    1618551,
    1635113,
    1668492,
    1684697,
    1701721,
    1717737,
    1751843,
    1768481,
    1801834,
    1818631,
    1851742,
    1868616,
    1885272,
    1901916,
    1919124,
    1935780,
    1951970,
    1968506,
    1985340,
    2103548,
    2119606,
    2151417,
    2168231,
    2184809,
    2202190,
    2235576,
    2268479,
    2302344,
    2335928,
    2353358,
    2385844,
    2403223,
    2436074,
    2469625,
    2519508,
    2536365,
    2553392,
    2569660,
    2586378,
    2603161,
    2636660,
    2652588,
    2670198,
    2685666,
    2719737,
    2736574,
    2769759,
    2786099,
    2819732,
    2836614,
    2853282,
    2870094,
    2886640,
    2904012,
    2920589,
    2936924,
    2953641,
    3071111,
    3087674,
    3120776,
    3136153,
    3153742,
    3170652,
    3203741,
    3236550,
    3287478,
    3320868,
    3337315,
    3371034,
    3403985,
    3420627,
    3455118,
    3487620,
    3504274,
    3520785,
    3537485,
    3554196,
    3570873,
    3587786,
    3621428,
    3637406,
    3654373,
    3688204,
    3704684,
    3721301,
    3755586,
    3771273,
    3804834,
    3821474,
    3854606,
    3871827,
    3888719,
    3905900,
    3921450,
    4039751,
    4055746,
    4088062,
    4104155,
    4121898,
    4138982,
    4171843,
    4205160,
    4238435,
    4271962,
    4305364,
    4322159,
    4355445,
    4371659,
    4406267,
    4423204,
    4455699,
    4472700,
    4489171,
    4505326,
    4522550,
    4539153,
    4555869,
    4589429,
    4605350,
    4622501,
    4655518,
    4672668,
    4689296,
    4722508,
    4738695,
    4772625,
    4789406,
    4822066,
    4839525,
    4856101,
    4872851,
    4890146,
    5008772
  ],