{
  "average_frame_build_time_millis": 3.186761658031089,
  "90th_percentile_frame_build_time_millis": 4.046,
  "99th_percentile_frame_build_time_millis": 8.021,
  "worst_frame_build_time_millis": 10.429,
  "missed_frame_build_budget_count": 0,
  "average_frame_rasterizer_time_millis": 11.751421052631583,
  "stddev_frame_rasterizer_time_millis": 3.229163434903047,
  "90th_percentile_frame_rasterizer_time_millis": 16.499,
  "99th_percentile_frame_rasterizer_time_millis": 23.055,
  "worst_frame_rasterizer_time_millis": 27.078,
  "missed_frame_rasterizer_budget_count": 25,
  "frame_count": 193,
  "frame_rasterizer_count": 190,
  "new_gen_gc_count": 4,
  "old_gen_gc_count": 0,
  "frame_build_times": [
    3808,
    2851,
    3792,
    3728,
    3986,
    3407,
    3564,
    3919,
    3246,
    3881,
    4077,
    2993,
    3923,
    3700,
    3806,
    3430,
    3434,
    3212,
    3385,
    3061,
    3487,
    3644,
    3705,
    925,
    3702,
    820,
    3405,
    658,
    3690,
    766,
    3616,
    659,
    8021,
    3511,
    3277,
    3528,
    3503,
    4255,
    3606,
    3539,
    3503,
    3523,
    3589,
    4198,
    3505,
    3619,
    3697,
    3541,
    3540,
    3526,
    3902,
    3713,
    4046,
    3622,
    3471,
    3552,
    3600,
    675,
    681,
    658,
    835,
    528,
    565,
    530,
    6819,
    2733,
    2868,
    3438,
    4230,
    4298,
    3041,
    3512,
    3925,
    4607,
    4143,
    4593,
    4087,
    3799,
    3859,
    3765,
    3787,
    3692,
    3752,
    3693,
    2994,
    3618,
    3512,
    3455,
    466,
    3790,
    731,
    3517,
    657,
    3701,
    608,
    3433,
    676,
    7619,
    3633,
    3454,
    3646,
    3999,
    3451,
    3868,
    3660,
    3544,
    3651,
    3455,
    3071,
    3136,
    3722,
    3591,
    3519,
    3157,
    3178,
    3885,
    3574,
    3627,
    3443,
    3607,
    3534,
    3051,
    623,
    623,
    651,
    755,
    544,
    507,
    549,
    10429,
    3446,
    2595,
    2814,
    3222,
    3971,
    3662,
    3543,
    3478,
    3963,
    3969,
    3740,
    3679,
    3652,
    3920,
    3421,
    3526,
    2503,
    2529,
    3725,
    3606,
    3604,
    3648,
    743,
    3580,
    1064,
    3594,
    759,
    3517,
    639,
    3568,
    625,
    8093,
    3660,
    3781,
    3892,
    3622,
    4071,
    3529,
    3565,
    4049,
    3765,
    3945,
    3553,
    4332,
    3615,
    4086,
    4119,
    3946,
    3754,
    3939,
    3463,
    3963,
    3537,
    3625,
    3583,
    3547,
    773,
    878,
    940,
    749,
    546,
    575,
    551
  ],
  "frame_rasterizer_times": [
    21358,
    19526,
    18113,
    17180,
    15854,
    15684,
    15912,
    15009,
    15412,
    15954,
    14033,
    13822,
    12412,
    12113,
    10702,
    11490,
    10134,
    10473,
    8981,
    8721,
    8584,
    8745,
    8506,
    8658,
    8719,
    8639,
    8592,
    8723,
    8405,
    8429,
    9872,
    8814,
    8965,
    8791,
    8531,
    8176,
    8859,
    8645,
    8669,
    8646,
    8959,
    8263,
    8704,
    8499,
    8632,
    8865,
    8803,
    7468,
    8569,
    8553,
    9561,
    8902,
    8934,
    8511,
    7565,
    11508,
    11141,
    11604,
    9505,
    7349,
    7477,
    7516,
    19482,
    22317,
    27078,
    21518,
    17762,
    17561,
    15337,
    16944,
    15437,
    16678,
    15753,
    15685,
    16499,
    15554,
    16419,
    15654,
    15969,
    16212,
    15931,
    15885,
    16365,
    15527,
    15970,
    16381,
    15448,
    15498,
    16083,
    14533,
    15572,
    14169,
    15061,
    12546,
    13983,
    12137,
    10937,
    11355,
    11680,
    10048,
    11426,
    10891,
    10474,
    10829,
    10325,
    10988,
    9714,
    10476,
    10662,
    10828,
    9703,
    9286,
    10191,
    10897,
    11277,
    12611,
    10792,
    10596,
    10698,
    10017,
    12181,
    11238,
    12184,
    9816,
    7506,
    7184,
    7965,
    23055,
    21804,
    26561,
    21719,
    19326,
    18368,
    16715,
    15982,
    15473,
    14811,
    14696,
    13673,
    13752,
    13018,
    13293,
    12429,
    11063,
    12338,
    10414,
    10403,
    8691,
    8744,
    8576,
    8664,
    8697,
    8677,
    8497,
    8547,
    8615,
    8723,
    8595,
    8808,
    8736,
    8653,
    8462,
    8550,
    8754,
    8703,
    8587,
    8666,
    8514,
    8661,
    8378,
    8581,
    8492,
    8675,
    8556,
    8494,
    8524,
    8591,
    8722,
    8625,
    8305,
    8895,
    8690,
    8761,
    7591,
    11359,
    11963,
    12088,
    9595,
    7416,
    7994
  ],
  "frame_begin_times": [
    0,
    17125,
    33831,
    67674,
    84416,
    118008,
    134924,
    151855,
    167128,
    184568,
    201473,
    218104,
    234707,
    251121,
    267522,
    284735,
    301495,
    318254,
    334796,
    350707,
    368341,
    384805,
    401629,
    418317,
    435085,
    452832,
    468179,
    485013,
    501966,
    518427,
    535402,
    551860,
    568233,
    585271,
    601998,
    618696,
    635339,
    652621,
    668655,
    685387,
    702202,
    718867,
    735483,
    752625,
    769250,
    785536,
    802338,
    818835,
    835726,
    852148,
    868579,
    885686,
    902699,
    919500,
    935929,
    952603,
    969167,
    986049,
    1002591,
    1019254,
    1137736,
    1252550,
    1368530,
    1486144,
    1504143,
    1520100,
    1535836,
    1552970,
    1586807,
    1603163,
    1619702,
    1637158,
    1653018,
    1669913,
    1686493,
    1703444,
    1720029,
    1736726,
    1753506,
    1770290,
    1786658,
    1803990,
    1820447,
    1836269,
    1853751,
    1870759,
    1887141,
    1903949,
    1920398,
    1937229,
    1953956,
    1970874,
    1987375,
    2003813,
    2020041,
    2037363,
    2053034,
    2070720,
    2087605,
    2103246,
    2119955,
    2137635,
    2153297,
    2170409,
    2187903,
    2204355,
    2220949,
    2236579,
    2254267,
    2270531,
    2287973,
    2304359,
    2321001,
    2337760,
    2354478,
    2370635,
    2387978,
    2403635,
    2421186,
    2437976,
    2454522,
    2470653,
    2488155,
    2504676,
    2521092,
    2639245,
    2754562,
    2871459,
    2988163,
    3006040,
    3020860,
    3038275,
    3054463,
    3088313,
    3105240,
    3122823,
    3155050,
    3172227,
    3188812,
    3205106,
    3222999,
    3238937,
    3256046,
    3271821,
    3288886,
    3305701,
    3321752,
    3340034,
    3355662,
    3372450,
    3389214,
    3405840,
    3423435,
    3439295,
    3455925,
    3472530,
    3489317,
    3506042,
    3522730,
    3539540,
    3556538,
    3572861,
    3589436,
    3606534,
    3623947,
    3639765,
    3656308,
    3672950,
    3689748,
    3706402,
    3723123,
    3740044,
    3757105,
    3772667,
    3789832,
    3806505,
    3823087,
    3840300,
    3857166,
    3873226,
    3889968,
    3906609,
    3923297,
    3940182,
    3956728,
    3973365,
    3990369,
    4006770,
    4023536,
    4141251,
    4256762,
    4373574,
    4490339
  ],