{
  "average_frame_build_time_millis": 3.1522319587628873,
  "90th_percentile_frame_build_time_millis": 4.161,
  "99th_percentile_frame_build_time_millis": 7.769,
  "worst_frame_build_time_millis": 10.422,
  "missed_frame_build_budget_count": 0,
  "average_frame_rasterizer_time_millis": 10.984520833333328,
  "stddev_frame_rasterizer_time_millis": 3.679313151041663,
  "90th_percentile_frame_rasterizer_time_millis": 16.46,
  "99th_percentile_frame_rasterizer_time_millis": 26.88,
  "worst_frame_rasterizer_time_millis": 27.637,
  "missed_frame_rasterizer_budget_count": 25,
  "frame_count": 194,
  "frame_rasterizer_count": 192,
  "new_gen_gc_count": 4,
  "old_gen_gc_count": 0,
  "frame_build_times": [
    3621,
    2610,
    3715,
    3439,
    3998,
    3449,
    3999,
    3881,
    3716,
    3984,
    3751,
    3245,
    3320,
    3351,
    3105,
    3462,
    3046,
    2941,
    3065,
    3245,
    3308,
    3225,
    3040,
    517,
    2994,
    618,
    3151,
    679,
    3188,
    613,
    3199,
    624,
    7543,
    3222,
    3151,
    3331,
    3260,
    3299,
    3251,
    3394,
    3170,
    3210,
    3686,
    3217,
    3189,
    3468,
    3136,
    3287,
    3355,
    3269,
    3294,
    3138,
    3345,
    3242,
    3243,
    3314,
    3156,
    731,
    680,
    687,
    827,
    519,
    681,
    679,
    10422,
    4240,
    3864,
    2228,
    3830,
    3475,
    3680,
    3416,
    3518,
    3306,
    3589,
    3479,
    3963,
    4295,
    3782,
    3737,
    3647,
    2800,
    3517,
    3589,
    3564,
    3992,
    4112,
    567,
    3837,
    795,
    4052,
    697,
    4065,
    776,
    4138,
    649,
    3905,
    890,
    7769,
    3969,
    3765,
    4072,
    4320,
    4258,
    4184,
    3937,
    4036,
    4237,
    4183,
    4223,
    4328,
    4269,
    4155,
    4289,
    4196,
    4033,
    4117,
    4054,
    4241,
    4161,
    4236,
    4031,
    4003,
    789,
    600,
    657,
    859,
    557,
    492,
    553,
    10144,
    3509,
    2850,
    3273,
    3005,
    2978,
    3177,
    3314,
    3499,
    3679,
    3557,
    3197,
    3388,
    3705,
    3465,
    3199,
    3428,
    3439,
    3441,
    3619,
    3685,
    3615,
    3637,
    764,
    3502,
    552,
    3469,
    819,
    3484,
    626,
    3488,
    587,
    7526,
    3710,
    2911,
    2922,
    3554,
    3886,
    3429,
    3658,
    3652,
    3650,
    3699,
    3741,
    3619,
    3541,
    3639,
    3682,
    3550,
    3725,
    3749,
    3882,
    3619,
    3234,
    3530,
    3815,
    3525,
    727,
    734,
    809,
    743,
    574,
    588,
    754
  ],
  "frame_rasterizer_times": [
    26880,
    22069,
    17456,
    18007,
    15387,
    16268,
    15503,
    16310,
    15059,
    16460,
    15483,
    16193,
    15573,
    15838,
    16035,
    15788,
    15697,
    16553,
    15014,
    15658,
    15299,
    14633,
    15519,
    13956,
    14386,
    10939,
    11764,
    10295,
    10918,
    9560,
    11898,
    11393,
    9521,
    10112,
    10335,
    9260,
    10020,
    9558,
    9564,
    9553,
    9769,
    9703,
    9558,
    9629,
    9593,
    9877,
    10326,
    9534,
    9803,
    9728,
    9512,
    9873,
    9767,
    9922,
    9996,
    8835,
    10501,
    11378,
    11315,
    8537,
    6081,
    7209,
    6988,
    22896,
    25554,
    27199,
    20915,
    19128,
    18928,
    16943,
    15848,
    15476,
    15663,
    15569,
    15864,
    15530,
    14449,
    14297,
    13817,
    13405,
    12451,
    11027,
    9930,
    9450,
    7658,
    7483,
    7643,
    7341,
    7370,
    7435,
    7908,
    7315,
    7443,
    7424,
    7958,
    7321,
    7735,
    7518,
    7446,
    7858,
    7392,
    7282,
    7390,
    7246,
    7638,
    7532,
    7541,
    7442,
    7320,
    7510,
    7330,
    7457,
    7434,
    7339,
    7442,
    7564,
    7343,
    7478,
    7444,
    7312,
    7393,
    6184,
    11418,
    12235,
    11442,
    8311,
    6450,
    6535,
    7751,
    22441,
    21485,
    27637,
    21144,
    20027,
    18338,
    16558,
    16059,
    15043,
    14658,
    15143,
    13642,
    12647,
    13158,
    10791,
    10948,
    9106,
    8248,
    8035,
    7521,
    7506,
    7516,
    7445,
    7647,
    7302,
    8913,
    7358,
    7773,
    7381,
    7885,
    7339,
    8935,
    7362,
    7818,
    8016,
    6732,
    7314,
    7231,
    7252,
    7522,
    7330,
    7495,
    7370,
    7421,
    7258,
    7360,
    7386,
    7451,
    7405,
    7301,
    7248,
    7592,
    7331,
    6320,
    7349,
    7473,
    6413,
    11595,
    11389,
    11356,
    8628,
    6076,
    7107
  ],
  "frame_begin_times": [
    0,
    17191,
    34479,
    67633,
    84098,
    100320,
    117570,
    135206,
    150999,
    167739,
    184606,
    201061,
    217734,
    234999,
    250889,
    268197,
    284946,
    301547,
    318183,
    335095,
    351630,
    368178,
    385173,
    401783,
    417991,
    434356,
    451664,
    467849,
    484532,
    501740,
    518648,
    535245,
    551353,
    568624,
    584681,
    601935,
    618961,
    634952,
    651963,
    668612,
    685339,
    702124,
    718969,
    736459,
    752148,
    768771,
    785552,
    802157,
    818688,
    835638,
    852233,
    869216,
    885674,
    902462,
    919176,
    935772,
    952434,
    969486,
    985864,
    1002697,
    1120340,
    1235711,
    1353838,
    1469919,
    1487552,
    1502262,
    1520811,
    1552228,
    1569420,
    1603359,
    1620289,
    1637145,
    1653863,
    1670179,
    1686853,
    1703362,
    1720081,
    1736860,
    1753700,
    1769862,
    1785871,
    1803319,
    1820294,
    1836854,
    1852656,
    1870421,
    1887079,
    1903474,
    1920953,
    1937554,
    1953899,
    1970587,
    1987273,
    2003841,
    2021138,
    2037204,
    2054099,
    2071035,
    2087449,
    2104279,
    2120725,
    2137546,
    2154027,
    2171050,
    2187721,
    2204849,
    2220417,
    2237592,
    2254265,
    2271112,
    2287631,
    2304180,
    2320966,
    2337881,
    2354354,
    2372593,
    2388247,
    2404553,
    2421099,
    2437777,
    2454562,
    2471168,
    2488176,
    2504848,
    2521030,
    2538000,
    2656347,
    2771151,
    2887997,
    3004845,
    3022566,
    3037615,
    3054829,
    3071456,
    3104853,
    3121755,
    3141607,
    3171722,
    3188473,
    3205637,
    3222013,
    3239111,
    3254974,
    3271187,
    3288771,
    3305558,
    3322383,
    3339961,
    3355857,
    3372386,
    3388350,
    3405957,
    3422827,
    3439287,
    3456196,
    3471730,
    3489795,
    3505922,
    3523171,
    3539383,
    3556170,
    3571808,
    3590057,
    3606336,
    3622358,
    3638843,
    3656323,
    3672177,
    3690513,
    3706548,
    3723115,
    3739614,
    3756353,
    3772386,
    3790950,
    3806638,
    3823132,
    3839865,
    3856407,
    3873459,
    3889610,
    3906669,
    3923380,
    3939567,
    3956650,
    3973001,
    3991047,
    4006991,
    4023687,
    4040276,
    4160313,
    4273162,
    4391923,
    4507533
  ],