{
  "average_frame_build_time_millis": 3.2178556701030923,
  "90th_percentile_frame_build_time_millis": 4.192,
  "99th_percentile_frame_build_time_millis": 8.358,
  "worst_frame_build_time_millis": 10.396,
  "missed_frame_build_budget_count": 0,
  "average_frame_rasterizer_time_millis": 10.814140624999995,
  "stddev_frame_rasterizer_time_millis": 3.3476087239583343,
  "90th_percentile_frame_rasterizer_time_millis": 16.051,
  "99th_percentile_frame_rasterizer_time_millis": 27.218,
  "worst_frame_rasterizer_time_millis": 29.92,
  "missed_frame_rasterizer_budget_count": 21,
  "frame_count": 194,
  "frame_rasterizer_count": 192,
  "new_gen_gc_count": 6,
  "old_gen_gc_count": 0,
  "frame_build_times": [
    3584,
    4877,
    2356,
    3111,
    3449,
    3303,
    3293,
    3197,
    3234,
    3085,
    3325,
    3390,
    3608,
    3583,
    2505,
    3369,
    3374,
    3434,
    3467,
    3225,
    2890,
    3738,
    836,
    3636,
    644,
    3700,
    737,
    3784,
    595,
    3600,
    682,
    3771,
    1142,
    7013,
    3466,
    3699,
    3707,
    3552,
    4312,
    4182,
    3781,
    3765,
    3580,
    3585,
    4165,
    3562,
    3908,
    3855,
    3701,
    3652,
    3504,
    3625,
    3949,
    3680,
    3972,
    3866,
    3629,
    3585,
    787,
    808,
    827,
    719,
    511,
    490,
    496,
    10396,
    3999,
    2130,
    3161,
    3437,
    3960,
    4306,
    3579,
    2945,
    3740,
    3728,
    4173,
    4197,
    3895,
    3801,
    3662,
    3878,
    3663,
    4046,
    3907,
    2887,
    4079,
    3927,
    4081,
    601,
    3977,
    653,
    4217,
    780,
    4243,
    950,
    4112,
    567,
    8358,
    3679,
    2827,
    3225,
    4176,
    3913,
    4185,
    4143,
    4275,
    4190,
    4192,
    3054,
    4307,
    4327,
    4127,
    4427,
    4357,
    3121,
    4309,
    4157,
    4145,
    4195,
    4085,
    2867,
    4313,
    938,
    763,
    709,
    713,
    521,
    499,
    523,
    8592,
    3622,
    2620,
    3001,
    3228,
    4150,
    3822,
    3631,
    3491,
    3586,
    3384,
    3385,
    3402,
    2391,
    3571,
    3439,
    3364,
    3619,
    3337,
    3321,
    3942,
    3630,
    3597,
    680,
    3869,
    593,
    3702,
    801,
    4153,
    617,
    2318,
    515,
    8258,
    2608,
    4045,
    3506,
    3590,
    4042,
    3612,
    3691,
    3701,
    3661,
    3954,
    3600,
    4169,
    3535,
    3668,
    3548,
    3305,
    3746,
    3551,
    3641,
    4059,
    3649,
    3924,
    3676,
    3829,
    744,
    810,
    672,
    778,
    544,
    499,
    522
  ],
  "frame_rasterizer_times": [
    27218,
    20702,
    19606,
    18282,
    17440,
    15729,
    15835,
    15965,
    15573,
    15825,
    16053,
    14519,
    13877,
    14902,
    14208,
    13559,
    12646,
    11915,
    11587,
    10423,
    9690,
    10442,
    8081,
    7934,
    8064,
    8784,
    7886,
    8474,
    7717,
    8120,
    7858,
    7352,
    7254,
    8076,
    7853,
    7876,
    8009,
    8084,
    8172,
    8142,
    8030,
    7799,
    7798,
    7834,
    7928,
    7976,
    7867,
    7866,
    7974,
    7967,
    7886,
    7804,
    7977,
    7934,
    7994,
    7961,
    6938,
    11704,
    13270,
    11416,
    8853,
    6646,
    6914,
    6852,
    23376,
    21457,
    27226,
    21559,
    19263,
    18172,
    16574,
    16051,
    16004,
    14595,
    15855,
    15159,
    14547,
    14509,
    14636,
    13455,
    14081,
    13400,
    12434,
    11928,
    12167,
    10126,
    10774,
    9541,
    11938,
    8523,
    10543,
    8154,
    8464,
    7928,
    8256,
    7976,
    8034,
    8698,
    7942,
    10076,
    9643,
    8216,
    7558,
    8173,
    8011,
    7997,
    8075,
    7961,
    7031,
    8083,
    8241,
    7929,
    8111,
    8243,
    8068,
    8042,
    7960,
    7956,
    7958,
    8014,
    8117,
    6990,
    11896,
    11395,
    11456,
    8984,
    6802,
    7201,
    6539,
    11797,
    22634,
    29920,
    24492,
    19396,
    18182,
    17155,
    14685,
    14522,
    14508,
    13902,
    13947,
    13630,
    12556,
    12165,
    12013,
    10106,
    10286,
    9202,
    9538,
    8263,
    8094,
    8033,
    8019,
    7977,
    9152,
    8309,
    12067,
    9076,
    10826,
    10937,
    10293,
    8580,
    9487,
    8183,
    7864,
    8007,
    8295,
    7868,
    7939,
    8069,
    7838,
    7853,
    8096,
    8287,
    7934,
    8562,
    8167,
    8369,
    8153,
    7929,
    8095,
    7848,
    7992,
    8153,
    7953,
    6870,
    11231,
    11203,
    10522,
    8948,
    6881,
    6466
  ],
  "frame_begin_times": [
    0,
    18993,
    50679,
    67370,
    101344,
    117971,
    134703,
    151520,
    168594,
    183733,
    201312,
    218233,
    235027,
    251710,
    267664,
    284228,
    300984,
    317762,
    334444,
    350574,
    368330,
    384428,
    401644,
    418771,
    435451,
    451654,
    468227,
    485051,
    501717,
    518820,
    535193,
    551948,
    568650,
    585176,
    601987,
    619130,
    635553,
    651549,
    668630,
    685249,
    702152,
    718647,
    735278,
    752005,
    768658,
    785306,
    802175,
    819107,
    836100,
    852294,
    869010,
    885622,
    902279,
    919054,
    935652,
    951952,
    969320,
    985836,
    1002597,
    1018668,
    1036076,
    1153889,
    1269140,
    1385799,
    1502626,
    1520636,
    1535748,
    1552598,
    1569270,
    1602857,
    1619887,
    1653340,
    1670110,
    1686476,
    1703417,
    1720070,
    1736807,
    1753708,
    1770507,
    1787005,
    1803940,
    1819656,
    1836479,
    1853620,
    1869478,
    1886778,
    1903784,
    1920425,
    1937285,
    1952948,
    1970673,
    1986667,
    2003674,
    2020206,
    2037319,
    2054005,
    2070624,
    2087260,
    2103526,
    2122861,
    2137318,
    2153949,
    2170856,
    2187425,
    2204273,
    2220850,
    2237546,
    2254374,
    2270585,
    2287450,
    2304312,
    2321052,
    2337854,
    2355032,
    2371107,
    2387562,
    2404462,
    2421271,
    2437779,
    2454572,
    2471150,
    2487697,
    2504838,
    2521347,
    2538082,
    2554961,
    2672254,
    2787947,
    2904880,
    3021659,
    3038929,
    3054674,
    3072281,
    3089088,
    3122054,
    3138546,
    3155261,
    3189350,
    3205852,
    3222390,
    3239017,
    3255163,
    3271561,
    3289007,
    3305674,
    3321708,
    3339195,
    3355776,
    3372540,
    3388316,
    3405927,
    3422659,
    3439329,
    3455987,
    3472592,
    3489391,
    3506036,
    3523000,
    3539696,
    3556039,
    3571894,
    3589142,
    3605992,
    3622024,
    3639632,
    3656338,
    3672939,
    3689296,
    3706487,
    3723238,
    3739653,
    3756352,
    3773351,
    3789575,
    3806468,
    3823151,
    3839804,
    3855484,
    3873041,
    3889914,
    3906754,
    3922414,
    3939969,
    3956621,
    3973649,
    3990070,
    4007016,
    4023805,
    4040339,
    4057166,
    4174732,
    4290318,
    4406887,
    4523666
  ],