{
  "average_frame_build_time_millis": 2.6402714285714275,
  "90th_percentile_frame_build_time_millis": 2.991,
  "99th_percentile_frame_build_time_millis": 4.434,
  "worst_frame_build_time_millis": 8.871,
  "missed_frame_build_budget_count": 0,
  "average_frame_rasterizer_time_millis": 3.890627737226278,
  "stddev_frame_rasterizer_time_millis": 0.23468730353242054,
  "90th_percentile_frame_rasterizer_time_millis": 4.353,
  "99th_percentile_frame_rasterizer_time_millis": 4.668,
  "worst_frame_rasterizer_time_millis": 4.711,
  "missed_frame_rasterizer_budget_count": 0,
  "frame_count": 140,
  "frame_rasterizer_count": 137,
  "new_gen_gc_count": 0,
  "old_gen_gc_count": 0,
  "frame_build_times": [
    2825,
    2535,
    2886,
    2577,
    2751,
    2531,
    2718,
    2622,
    2875,
    2573,
    2874,
    2473,
    2678,
    2597,
    2908,
    2633,
    2487,
    2681,
    2731,
    2579,
    2965,
    2506,
    2771,
    2584,
    2895,
    2584,
    2921,
    2510,
    2800,
    2591,
    2700,
    2720,
    2820,
    2539,
    2543,
    2844,
    2903,
    2647,
    2934,
    2466,
    2693,
    2634,
    2585,
    2703,
    3065,
    2545,
    2487,
    2891,
    3313,
    983,
    8871,
    2193,
    4122,
    2950,
    4434,
    2882,
    4392,
    2748,
    4219,
    2883,
    4160,
    2574,
    4141,
    899,
    2688,
    831,
    3076,
    902,
    2837,
    827,
    2989,
    862,
    3128,
    884,
    2833,
    886,
    2950,
    902,
    2784,
    882,
    2943,
    857,
    3025,
    874,
    998,
    2849,
    2807,
    2892,
    2970,
    3025,
    2776,
    2586,
    2852,
    3930,
    2469,
    2474,
    2802,
    2470,
    2325,
    2458,
    2867,
    2672,
    2683,
    2376,
    2820,
    2756,
    2464,
    2834,
    2621,
    2553,
    2370,
    2718,
    2515,
    2467,
    2720,
    2478,
    2617,
    2751,
    2803,
    2838,
    2434,
    2850,
    2347,
    2842,
    2662,
    2424,
    2542,
    2991,
    2681,
    2807,
    2633,
    2546,
    2555,
    2486,
    2591,
    2721,
    2514,
    2543,
    2886,
    873
  ],
  "frame_rasterizer_times": [
    3434,
    3615,
    3985,
    3759,
    4103,
    3756,
    3374,
    3826,
    3919,
    3867,
    3967,
    3855,
    3383,
    3715,
    3698,
    4004,
    3813,
    3645,
    3358,
    3856,
    3492,
    3722,
    3745,
    3644,
    3284,
    3951,
    3719,
    3709,
    4143,
    3772,
    3232,
    3712,
    3841,
    3790,
    4131,
    4187,
    3211,
    3676,
    3968,
    3914,
    4295,
    3785,
    3262,
    3737,
    3739,
    3467,
    4711,
    4605,
    3852,
    4183,
    4256,
    4475,
    4565,
    4525,
    4531,
    4427,
    4353,
    4650,
    4561,
    4533,
    4507,
    3922,
    4484,
    3960,
    3929,
    3697,
    3524,
    3953,
    3721,
    3975,
    3850,
    3916,
    3740,
    3871,
    3917,
    3968,
    4105,
    4165,
    3578,
    3899,
    3853,
    3889,
    3619,
    3732,
    3633,
    4018,
    3856,
    3913,
    4206,
    4512,
    3772,
    3727,
    4055,
    4066,
    3986,
    3861,
    3773,
    3662,
    3674,
    3697,
    4283,
    3987,
    3682,
    3833,
    4051,
    3614,
    3564,
    3739,
    3988,
    3634,
    3913,
    4054,
    3642,
    3911,
    4069,
    3585,
    3911,
    3755,
    3911,
    3818,
    3883,
    3595,
    3665,
    4142,
    3559,
    4138,
    3976,
    3551,
    3749,
    3933,
    3617,
    3833,
    4027,
    3464,
    3935,
    3865,
    4668
  ],
  "frame_begin_times": [
    0,
    15892,
    33329,
    49936,
    66660,
    83279,
    100163,
    116562,
    133411,
    149973,
    166734,
    183431,
    200115,
    216383,
    233626,
    250137,
    266775,
    283509,
    300520,
    316888,
    334014,
    351141,
    366986,
    383782,
    400074,
    417218,
    433944,
    450663,
    467061,
    484134,
    500484,
    517217,
    534151,
    550577,
    567187,
    584174,
    600982,
    618331,
    634008,
    650730,
    667359,
    684289,
    700921,
    717446,
    733871,
    751029,
    767519,
    784454,
    801390,
    817607,
    834307,
    850973,
    867750,
    884159,
    901123,
    917749,
    934456,
    951050,
    967776,
    984456,
    1001318,
    1017950,
    1034549,
    1051220,
    1068278,
    1084735,
    1101335,
    1118101,
    1135007,
    1151365,
    1168249,
    1184795,
    1201822,
    1219035,
    1234872,
    1251514,
    1268361,
    1284929,
    1301315,
    1318287,
    1335161,
    1352559,
    1368418,
    1385038,
    1402146,
    1419376,
    1435115,
    1451846,
    1468495,
    1485182,
    1501868,
    1518943,
    1535272,
    1552050,
    1568722,
    1585416,
    1602069,
    1618903,
    1635400,
    1652270,
    1668730,
    1685377,
    1702367,
    1719014,
    1735493,
    1752416,
    1768852,
    1785588,
    1802611,
    1819058,
    1835753,
    1852430,
    1869227,
    1885773,
    1902675,
    1919342,
    1936009,
    1952614,
    1969264,
    1985891,
    2002662,
    2019338,
    2036063,
    2052755,
    2069433,
    2085998,
    2102898,
    2119904,
    2137235,
    2152831,
    2169573,
    2186315,
    2203074,
    2219572,
    2236527,
    2253054,
    2269684,
    2286365,
    2303318,
    2320047
  ],
  "frame_rasterizer_begin_times": [
    0,
    16665,
    33339,
    49957,
    66839,
    83268,
    100110,
    116713,
    133430,
    150101,
    166823,
    183079,
    200407,
    216954,
    233487,
    250187,
    267241,
    283581,
    300835,
    317818,
    333686,
    350460,
    366994,
    383915,
    400695,
    417399,
    433734,
    450819,
    467131,
    483908,
    500888,
    517311,
    533864,
    550858,
    567663,
    585103,
    600823,
    617432,
    634023,
    650998,
    667601,
    684160,
    700667,
    717773,
    734182,
    751135,
    768115,
    783823,
    805402,
    818269,
    835362,
    851528,
    868894,
    885191,
    902124,
    918397,
    935366,
    951831,
    969105,
    985434,
    1002160,
    1017415,
    1034945,
    1050930,
    1068025,
    1084298,
    1101700,
    1117564,
    1134936,
    1150984,
    1168687,
    1185231,
    1201551,
    1217710,
    1235040,
    1251117,
    1268061,
    1284539,
    1301793,
    1318761,
    1335139,
    1351250,
    1368808,
    1386057,
    1401792,
    1418542,
    1435150,
    1451885,
    1468710,
    1485642,
    1501917,
    1518968,
    1535436,
    1552109,
    1568886,
    1585605,
    1602104,
    1618872,
    1635422,
    1652049,
    1669233,
    1685734,
    1702149,
    1719094,
    1735534,
    1752309,
    1769352,
    1785739,
    1802433,
    1819108,
    1835936,
    1852528,
    1869395,
    1886036,
    1902758,
    1919304,
    1936000,
    1952697,
    1969400,
    1986523,
    2002744,
    2019526,
    2036154,
    2052776,
    2069637,
    2086670,
    2104033,
    2119579,
    2136422,
    2153111,
    2169777,
    2186269,
    2203256,
    2219766,
    2236439,
    2253219,
    2270095
  ],
  "average_vsync_transitions_missed": 0.0,
  "90th_percentile_vsync_transitions_missed": 0.0,
  "99th_percentile_vsync_transitions_missed": 0.0,
  "average_vsync_frame_lag": 0.0,
  "90th_percentile_vsync_frame_lag": 0.0,
  "99th_percentile_vsync_frame_lag": 0.0,
  "average_layer_cache_count": 0.0,
  "90th_percentile_layer_cache_count": 0.0,
  "99th_percentile_layer_cache_count": 0.0,
  "average_frame_request_pending_latency": 15981.877697841726,
  "90th_percentile_frame_request_pending_latency": 16652.0,
  "99th_percentile_frame_request_pending_latency": 17041.0,
  "worst_layer_cache_count": 0.0,
  "average_layer_cache_memory": 0.0,
  "90th_percentile_layer_cache_memory": 0.0,
  "99th_percentile_layer_cache_memory": 0.0,
  "worst_layer_cache_memory": 0.0,
  "average_picture_cache_count": 0.0,
  "90th_percentile_picture_cache_count": 0.0,
  "99th_percentile_picture_cache_count": 0.0,
  "worst_picture_cache_count": 0.0,
  "average_picture_cache_memory": 0.0,