{
  "average_frame_build_time_millis": 2.6090142857142853,
  "90th_percentile_frame_build_time_millis": 3.02,
  "99th_percentile_frame_build_time_millis": 4.394,
  "worst_frame_build_time_millis": 8.545,
  "missed_frame_build_budget_count": 0,
  "average_frame_rasterizer_time_millis": 3.7780724637681162,
  "stddev_frame_rasterizer_time_millis": 0.24356017643352235,
  "90th_percentile_frame_rasterizer_time_millis": 4.222,
  "99th_percentile_frame_rasterizer_time_millis": 4.504,
  "worst_frame_rasterizer_time_millis": 4.941,
  "missed_frame_rasterizer_budget_count": 0,
  "frame_count": 140,
  "frame_rasterizer_count": 138,
  "new_gen_gc_count": 2,
  "old_gen_gc_count": 0,
  "frame_build_times": [
    2789,
    2616,
    2469,
    2828,
    2725,
    2652,
    2616,
    2482,
    2482,
    3051,
    2504,
    2557,
    3278,
    3229,
    2629,
    2915,
    2700,
    2640,
    2532,
    2514,
    2534,
    2979,
    2677,
    2534,
    2529,
    2571,
    2752,
    2804,
    2841,
    2815,
    2551,
    2470,
    2645,
    2785,
    2702,
    2552,
    2499,
    2711,
    2557,
    2839,
    2700,
    2648,
    2553,
    2594,
    2736,
    2800,
    2569,
    2765,
    3315,
    832,
    8545,
    2416,
    4097,
    2768,
    4161,
    2864,
    4273,
    2862,
    4252,
    2797,
    4394,
    2674,
    3978,
    921,
    2525,
    847,
    2753,
    808,
    2689,
    881,
    2827,
    922,
    2947,
    997,
    2702,
    892,
    2576,
    923,
    3114,
    826,
    2687,
    987,
    2542,
    1658,
    787,
    2999,
    2984,
    2516,
    2865,
    3012,
    2814,
    2910,
    2613,
    3498,
    2302,
    2352,
    2518,
    2398,
    2350,
    2414,
    2642,
    2473,
    2509,
    2408,
    2727,
    2720,
    2485,
    2749,
    2655,
    2500,
    3717,
    2374,
    2532,
    2415,
    2541,
    2466,
    2528,
    2476,
    2698,
    2784,
    2510,
    3020,
    2448,
    2508,
    2376,
    2696,
    2546,
    2744,
    2716,
    2414,
    2673,
    2413,
    2576,
    2467,
    2381,
    2729,
    2740,
    2513,
    2969,
    920
  ],
  "frame_rasterizer_times": [
    3654,
    3574,
    3359,
    3537,
    4941,
    3430,
    4007,
    3940,
    3711,
    3931,
    3527,
    3518,
    3767,
    3978,
    3404,
    3588,
    3494,
    3814,
    3613,
    4013,
    3295,
    4222,
    3672,
    3563,
    3839,
    4494,
    3411,
    4219,
    3533,
    3627,
    3444,
    3569,
    3363,
    3761,
    3732,
    3559,
    3694,
    3537,
    3431,
    3539,
    3727,
    4192,
    3519,
    3598,
    3445,
    4047,
    3400,
    4000,
    4309,
    3717,
    3955,
    4159,
    4143,
    4049,
    4337,
    4504,
    4373,
    4310,
    4343,
    4185,
    4260,
    4311,
    3519,
    3796,
    3899,
    3755,
    3888,
    3809,
    3519,
    3546,
    3799,
    3535,
    4000,
    3903,
    3469,
    3744,
    3496,
    3506,
    3753,
    4108,
    3477,
    3806,
    3825,
    3552,
    3529,
    3676,
    3882,
    3715,
    4042,
    3591,
    4073,
    3840,
    3687,
    3678,
    3899,
    4036,
    3869,
    3984,
    3452,
    3500,
    3595,
    3493,
    4316,
    4396,
    3568,
    3479,
    3505,
    3483,
    3876,
    4251,
    4021,
    3539,
    3709,
    3779,
    3783,
    4035,
    3534,
    3576,
    3600,
    3703,
    4285,
    3788,
    3398,
    3911,
    3291,
    3716,
    3476,
    3426,
    3754,
    3934,
    3690,
    3636,
    3748,
    3785,
    3613,
    3341,
    3797,
    4200
  ],
  "frame_begin_times": [
    0,
    16686,
    33293,
    50328,
    66839,
    83399,
    99244,
    116850,
    133511,
    150142,
    167082,
    182656,
    200119,
    217013,
    233751,
    250422,
    267233,
    283760,
    300554,
    316867,
    334135,
    350584,
    367156,
    383883,
    400734,
    417831,
    434103,
    450724,
    467252,
    483971,
    500795,
    517647,
    534074,
    550733,
    567490,
    584216,
    600775,
    617867,
    634367,
    650910,
    667649,
    684499,
    701013,
    718128,
    735236,
    751178,
    767909,
    784540,
    801279,
    818247,
    834162,
    851177,
    868114,
    884620,
    901246,
    918053,
    934647,
    951209,
    967911,
    984559,
    1001328,
    1017923,
    1034629,
    1051435,
    1068269,
    1084773,
    1101715,
    1118383,
    1135037,
    1151576,
    1168451,
    1185088,
    1201413,
    1218008,
    1235181,
    1251758,
    1268636,
    1285124,
    1302004,
    1318432,
    1335354,
    1351796,
    1368661,
    1385226,
    1402471,
    1418663,
    1435337,
    1452061,
    1468674,
    1485422,
    1502179,
    1518716,
    1535513,
    1552105,
    1569034,
    1585731,
    1602238,
    1619117,
    1635635,
    1652711,
    1669015,
    1685936,
    1702518,
    1719038,
    1735835,
    1752467,
    1769126,
    1786002,
    1802978,
    1820024,
    1835855,
    1852608,
    1869271,
    1886073,
    1902689,
    1919460,
    1936023,
    1952732,
    1969424,
    1986227,
    2002790,
    2019504,
    2036306,
    2052895,
    2069784,
    2086428,
    2102901,
    2120656,
    2136406,
    2153158,
    2169846,
    2186454,
    2203087,
    2219974,
    2236531,
    2253097,
    2270071,
    2286618,
    2303419,
    2319970
  ],
  "frame_rasterizer_begin_times": [
    0,
    16566,
    33618,
    50166,
    66762,
    82654,
    100190,
    116844,
    133482,
    150396,
    165970,
    183684,
    200355,
    217074,
    233744,
    250607,
    267195,
    283924,
    300192,
    317450,
    333907,
    350472,
    367244,
    384081,
    401112,
    417410,
    434014,
    450607,
    467332,
    484105,
    500938,
    517382,
    534052,
    550952,
    567545,
    584084,
    601175,
    617671,
    634229,
    651078,
    667811,
    684369,
    701459,
    718583,
    734481,
    751248,
    767861,
    784615,
    801065,
    822171,
    835165,
    852422,
    868651,
    885486,
    902027,
    918942,
    935288,
    952296,
    968540,
    985546,
    1001918,
    1018876,
    1034249,
    1051591,
    1067586,
    1085027,
    1101196,
    1118319,
    1134396,
    1151764,
    1167899,
    1184770,
    1200857,
    1218477,
    1234627,
    1251955,
    1267947,
    1285362,
    1301251,
    1318694,
    1334656,
    1351962,
    1368049,
    1385547,
    1401969,
    1418614,
    1435400,
    1451982,
    1468742,
    1485503,
    1502058,
    1518879,
    1535747,
    1552383,
    1569032,
    1585549,
    1602458,
    1618972,
    1636016,
    1652283,
    1669218,
    1685855,
    1702321,
    1719322,
    1735763,
    1752490,
    1769309,
    1786282,
    1803480,
    1819227,
    1835932,
    1852620,
    1869417,
    1886002,
    1902926,
    1919499,
    1936068,
    1952783,
    1969619,
    1986152,
    2003321,
    2019678,
    2036227,
    2053155,
    2069772,
    2086297,
    2104025,
    2119727,
    2136538,
    2153199,
    2169798,
    2186607,
    2203384,
    2219843,
    2236428,
    2253425,
    2269962,
    2286904
  ],
  "average_vsync_transitions_missed": 0.0,
  "90th_percentile_vsync_transitions_missed": 0.0,
  "99th_percentile_vsync_transitions_missed": 0.0,
  "average_vsync_frame_lag": 0.0,
  "90th_percentile_vsync_frame_lag": 0.0,
  "99th_percentile_vsync_frame_lag": 0.0,
  "average_layer_cache_count": 0.0,
  "90th_percentile_layer_cache_count": 0.0,
  "99th_percentile_layer_cache_count": 0.0,
  "average_frame_request_pending_latency": 15980.589928057554,
  "90th_percentile_frame_request_pending_latency": 16598.0,
  "99th_percentile_frame_request_pending_latency": 17318.0,
  "worst_layer_cache_count": 0.0,
  "average_layer_cache_memory": 0.0,
  "90th_percentile_layer_cache_memory": 0.0,
  "99th_percentile_layer_cache_memory": 0.0,
  "worst_layer_cache_memory": 0.0,
  "average_picture_cache_count": 0.0,
  "90th_percentile_picture_cache_count": 0.0,
  "99th_percentile_picture_cache_count": 0.0,
  "worst_picture_cache_count": 0.0,