{
  "average_frame_build_time_millis": 2.4945357142857136,
  "90th_percentile_frame_build_time_millis": 2.906,
  "99th_percentile_frame_build_time_millis": 4.394,
  "worst_frame_build_time_millis": 8.43,
  "missed_frame_build_budget_count": 0,
  "average_frame_rasterizer_time_millis": 3.6114420289855076,
  "stddev_frame_rasterizer_time_millis": 0.20215185885318218,
  "90th_percentile_frame_rasterizer_time_millis": 4.048,
  "99th_percentile_frame_rasterizer_time_millis": 4.274,
  "worst_frame_rasterizer_time_millis": 4.395,
  "missed_frame_rasterizer_budget_count": 0,
  "frame_count": 140,
  "frame_rasterizer_count": 138,
  "new_gen_gc_count": 0,
  "old_gen_gc_count": 0,
  "frame_build_times": [
    2660,
    2542,
    2703,
    2504,
    2375,
    2434,
    2529,
    2479,
    2908,
    2445,
    2730,
    2393,
    2655,
    2481,
    2926,
    2408,
    2921,
    2372,
    2504,
    2516,
    2776,
    2496,
    2409,
    3293,
    2487,
    2409,
    2860,
    2519,
    2786,
    2523,
    2421,
    2449,
    2904,
    2387,
    2493,
    2500,
    2553,
    2490,
    2703,
    2470,
    2479,
    2494,
    2656,
    2530,
    2796,
    2379,
    2425,
    2536,
    3232,
    1033,
    8430,
    2119,
    3770,
    2723,
    4394,
    2673,
    4137,
    2752,
    4081,
    2712,
    3865,
    2415,
    3992,
    791,
    2627,
    815,
    2710,
    955,
    2734,
    809,
    2739,
    803,
    2810,
    832,
    2705,
    805,
    2879,
    785,
    2750,
    801,
    2729,
    819,
    2635,
    841,
    918,
    2747,
    2693,
    2771,
    2796,
    2906,
    2485,
    2420,
    2411,
    3396,
    2358,
    2289,
    2476,
    2212,
    2449,
    2322,
    2328,
    2405,
    3599,
    2312,
    2359,
    2454,
    2339,
    2365,
    2384,
    2418,
    2281,
    2490,
    2484,
    2416,
    2361,
    2747,
    2438,
    2664,
    2354,
    2476,
    2442,
    2220,
    2336,
    2752,
    2450,
    2441,
    2355,
    2431,
    2390,
    2505,
    2354,
    2284,
    2440,
    2467,
    2400,
    2662,
    2405,
    2442,
    2881,
    845
  ],
  "frame_rasterizer_times": [
    3394,
    3206,
    3422,
    3488,
    3696,
    3681,
    3828,
    3149,
    3306,
    3321,
    3375,
    3690,
    3518,
    3180,
    3668,
    3460,
    3390,
    3702,
    3515,
    3206,
    3711,
    3407,
    3896,
    3519,
    3500,
    3256,
    3520,
    3861,
    3418,
    3540,
    3457,
    3088,
    3440,
    3555,
    3540,
    3575,
    3431,
    3216,
    3694,
    3493,
    4136,
    3695,
    3316,
    3377,
    3374,
    3570,
    3492,
    4060,
    4395,
    3610,
    3836,
    3901,
    4008,
    4069,
    4274,
    4074,
    4127,
    4098,
    4145,
    4108,
    4266,
    4066,
    3533,
    3933,
    3650,
    3604,
    3576,
    3421,
    3476,
    3357,
    3673,
    3488,
    3676,
    3389,
    3759,
    3475,
    3736,
    4048,
    3541,
    3389,
    3386,
    3762,
    3393,
    3386,
    3651,
    3502,
    3511,
    3379,
    3346,
    4097,
    3836,
    3826,
    3567,
    3795,
    3565,
    3768,
    3843,
    3400,
    3559,
    3575,
    3334,
    3626,
    3772,
    3768,
    3654,
    3721,
    3642,
    3373,
    3723,
    3742,
    3471,
    3539,
    3585,
    3568,
    3781,
    3655,
    3438,
    3774,
    3243,
    3638,
    3636,
    3516,
    3408,
    3487,
    3895,
    3286,
    3404,
    3599,
    3213,
    3465,
    4154,
    3592,
    3557,
    3614,
    3224,
    3687,
    3658,
    3757
  ],
  "frame_begin_times": [
    0,
    16122,
    32770,
    49506,
    66189,
    82830,
    100108,
    117022,
    132854,
    149567,
    166220,
    182857,
    199920,
    216518,
    233035,
    249726,
    265469,
    283050,
    298954,
    316590,
    333221,
    349950,
    366763,
    383480,
    400059,
    416773,
    433469,
    450062,
    466838,
    483582,
    500331,
    516931,
    533485,
    550210,
    566910,
    583822,
    600359,
    616779,
    633622,
    650353,
    667050,
    683929,
    700599,
    717039,
    733700,
    750426,
    767095,
    783901,
    800216,
    817326,
    834122,
    850509,
    867404,
    884023,
    900592,
    917262,
    934066,
    950601,
    967412,
    984057,
    1001042,
    1018311,
    1034075,
    1050651,
    1067599,
    1084179,
    1101040,
    1117524,
    1134413,
    1151039,
    1168101,
    1184535,
    1200872,
    1217895,
    1234462,
    1251366,
    1267950,
    1284686,
    1301311,
    1317977,
    1334838,
    1351323,
    1367949,
    1384697,
    1401726,
    1418262,
    1434693,
    1451655,
    1468103,
    1484752,
    1502117,
    1518164,
    1534835,
    1551741,
    1568310,
    1585039,
    1601193,
    1618328,
    1635078,
    1651682,
    1668479,
    1685152,
    1701764,
    1718486,
    1735258,
    1751785,
    1768453,
    1785336,
    1802213,
    1818520,
    1835418,
    1852004,
    1868670,
    1885520,
    1902248,
    1918715,
    1935494,
    1952171,
    1968859,
    1985433,
    2001972,
    2019289,
    2035620,
    2052296,
    2069093,
    2085646,
    2102335,
    2119096,
    2135975,
    2152361,
    2169126,
    2186446,
    2202467,
    2219158,
    2235885,
    2252557,
    2269340,
    2285705,
    2302068,
    2319568
  ],
  "frame_rasterizer_begin_times": [
    0,
    16591,
    33463,
    49997,
    66667,
    83955,
    100834,
    116858,
    133437,
    150081,
    166695,
    183764,
    200363,
    217039,
    233604,
    249974,
    266885,
    282824,
    300482,
    317177,
    333877,
    350592,
    367303,
    383897,
    400600,
    417408,
    434007,
    450667,
    467402,
    484124,
    500734,
    517350,
    534062,
    550808,
    567637,
    584205,
    600584,
    617494,
    634177,
    650884,
    667757,
    684459,
    701041,
    717637,
    734272,
    750927,
    767791,
    784123,
    800668,
    822008,
    834917,
    852143,
    868468,
    885584,
    901775,
    918784,
    935021,
    952138,
    968538,
    985897,
    1002837,
    1018783,
    1034019,
    1051434,
    1067566,
    1085034,
    1101009,
    1118238,
    1134420,
    1151922,
    1167884,
    1184716,
    1201263,
    1218284,
    1234730,
    1251776,
    1268023,
    1285358,
    1301328,
    1318651,
    1334698,
    1351793,
    1368063,
    1385514,
    1402082,
    1418505,
    1435490,
    1451929,
    1468597,
    1486000,
    1501999,
    1518637,
    1535880,
    1552153,
    1568919,
    1585184,
    1602156,
    1618945,
    1635468,
    1652309,
    1669020,
    1685751,
    1702295,
    1719099,
    1735619,
    1752325,
    1769248,
    1786091,
    1802322,
    1819250,
    1835855,
    1852527,
    1869532,
    1886113,
    1903050,
    1919384,
    1936028,
    1952716,
    1969387,
    1985932,
    2003148,
    2019473,
    2036212,
    2053058,
    2069565,
    2086189,
    2102904,
    2119844,
    2136284,
    2153036,
    2170301,
    2186317,
    2203000,
    2219719,
    2236416,
    2253278,
    2269662,
    2286031
  ],
  "average_vsync_transitions_missed": 0.0,
  "90th_percentile_vsync_transitions_missed": 0.0,
  "99th_percentile_vsync_transitions_missed": 0.0,
  "average_vsync_frame_lag": 0.0,
  "90th_percentile_vsync_frame_lag": 0.0,
  "99th_percentile_vsync_frame_lag": 0.0,
  "average_layer_cache_count": 0.0,
  "90th_percentile_layer_cache_count": 0.0,
  "99th_percentile_layer_cache_count": 0.0,
  "average_frame_request_pending_latency": 15995.187050359713,
  "90th_percentile_frame_request_pending_latency": 16594.0,
  "99th_percentile_frame_request_pending_latency": 17255.0,
  "worst_layer_cache_count": 0.0,
  "average_layer_cache_memory": 0.0,
  "90th_percentile_layer_cache_memory": 0.0,
  "99th_percentile_layer_cache_memory": 0.0,
  "worst_layer_cache_memory": 0.0,
  "average_picture_cache_count": 0.0,
  "90th_percentile_picture_cache_count": 0.0,
  "99th_percentile_picture_cache_count": 0.0,
  "worst_picture_cache_count": 0.0,