{
  "average_frame_build_time_millis": 3.5233811881188113,
  "90th_percentile_frame_build_time_millis": 9.614,
  "99th_percentile_frame_build_time_millis": 24.573,
  "worst_frame_build_time_millis": 25.605,
  "missed_frame_build_budget_count": 5,
  "average_frame_rasterizer_time_millis": 19.492545454545464,
  "stddev_frame_rasterizer_time_millis": 5.735515151515151,
  "90th_percentile_frame_rasterizer_time_millis": 28.069,
  "99th_percentile_frame_rasterizer_time_millis": 36.186,
  "worst_frame_rasterizer_time_millis": 36.731,
  "missed_frame_rasterizer_budget_count": 129,
  "frame_count": 202,
  "frame_rasterizer_count": 198,
  "new_gen_gc_count": 6,
  "old_gen_gc_count": 2,
  "frame_build_times": [
    10180,
    2900,
    2170,
    2162,
    2462,
    2188,
    1824,
    1741,
    1485,
    9199,
    654,
    722,
    733,
    1984,
    1943,
    1878,
    1837,
    2214,
    2499,
    2042,
    1880,
    2027,
    24573,
    11886,
    1803,
    1852,
    2013,
    2220,
    2276,
    3000,
    2709,
    1830,
    1988,
    1805,
    12248,
    2281,
    1405,
    1633,
    1820,
    1911,
    1936,
    1965,
    1930,
    1872,
    2062,
    15143,
    7894,
    2019,
    1600,
    2787,
    2195,
    2650,
    2575,
    1584,
    1902,
    9198,
    647,
    874,
    650,
    1859,
    2093,
    1871,
    1985,
    2194,
    2504,
    1834,
    1914,
    2176,
    25588,
    11803,
    1853,
    2386,
    2869,
    2273,
    2205,
    2915,
    2572,
    1836,
    1779,
    2714,
    11745,
    2216,
    1767,
    1973,
    2070,
    1882,
    1892,
    1893,
    1990,
    2170,
    15028,
    8371,
    2825,
    2261,
    2509,
    2508,
    2062,
    2815,
    2473,
    1545,
    9614,
    506,
    577,
    772,
    1941,
    1954,
    1929,
    1941,
    1987,
    2449,
    1875,
    1950,
    2131,
    24296,
    13982,
    2337,
    1960,
    2279,
    2267,
    2321,
    3360,
    2695,
    2367,
    1287,
    1965,
    11813,
    2414,
    2137,
    2264,
    1972,
    2136,
    1906,
    1963,
    1942,
    2329,
    16389,
    10491,
    3141,
    2338,
    2443,
    2271,
    2242,
    2386,
    1683,
    1491,
    9401,
    649,
    557,
    601,
    1863,
    2347,
    1918,
    1987,
    1868,
    2328,
    1856,
    1942,
    2097,
    25605,
    12079,
    1957,
    2247,
    2656,
    7024,
    2355,
    2388,
    2370,
    1685,
    11526,
    2544,
    1828,
    2166,
    2130,
    2185,
    1907,
    1916,
    1927,
    2048,
    1937,
    15057,
    10289,
    3016,
    2359,
    2731,
    2255,
    2325,
    2994,
    1866,
    1546,
    10055,
    569,
    463,
    683,
    1871,
    2196,
    2090,
    2036,
    1909,
    2242,
    1931,
    1949,
    2226
  ],
  "frame_rasterizer_times": [
    28523,
    27764,
    28161,
    27983,
    27377,
    16960,
    14724,
    7784,
    9066,
    9061,
    9297,
    7395,
    18130,
    21384,
    20513,
    21179,
    20541,
    20504,
    20927,
    20572,
    17099,
    19491,
    22240,
    24057,
    25719,
    26609,
    28071,
    28069,
    17139,
    36186,
    22270,
    22530,
    21660,
    16171,
    15781,
    15753,
    15895,
    15850,
    15741,
    15917,
    15654,
    16201,
    14898,
    16098,
    8792,
    26422,
    28037,
    27553,
    28465,
    28039,
    27132,
    16975,
    13186,
    7613,
    9014,
    9841,
    8101,
    7065,
    17999,
    21531,
    20594,
    21682,
    19085,
    21624,
    20692,
    20409,
    17151,
    19147,
    22231,
    24178,
    25656,
    26413,
    28239,
    28048,
    17268,
    36262,
    21482,
    23454,
    21522,
    15500,
    15664,
    15372,
    16252,
    16198,
    15515,
    15360,
    16625,
    14912,
    16324,
    8661,
    26267,
    28549,
    28146,
    28196,
    28373,
    26759,
    27739,
    13079,
    11463,
    9728,
    8860,
    10421,
    10336,
    18713,
    21021,
    21220,
    20834,
    19477,
    21595,
    20768,
    20836,
    17726,
    17895,
    22768,
    23006,
    25966,
    28301,
    28010,
    27846,
    17469,
    36183,
    21927,
    22956,
    21602,
    15174,
    13621,
    14469,
    14260,
    15374,
    13547,
    14283,
    14438,
    14394,
    8397,
    7906,
    27324,
    28286,
    28227,
    27925,
    27923,
    27603,
    16569,
    13809,
    7789,
    9262,
    9001,
    7658,
    7509,
    18089,
    21572,
    20670,
    21579,
    19055,
    21699,
    20791,
    20440,
    16779,
    20741,
    27928,
    29818,
    36010,
    32355,
    27609,
    17696,
    36731,
    21737,
    19195,
    6802,
    15891,
    15888,
    15280,
    14733,
    14501,
    14611,
    14119,
    14150,
    14168,
    9609,
    8246,
    27580,
    28375,
    27997,
    28012,
    28034,
    27594,
    27095,
    12952,
    10995,
    10251,
    10645,
    10439,
    9412,
    18088,
    21633,
    20787,
    20811,
    19736,
    21584
  ],
  "frame_begin_times": [
    0,
    15744,
    32284,
    49040,
    82972,
    116412,
    132789,
    166152,
    200189,
    217936,
    233433,
    250042,
    266841,
    283442,
    300361,
    317023,
    332396,
    349735,
    366660,
    384123,
    417064,
    432675,
    450498,
    482796,
    500541,
    516340,
    533560,
    567735,
    600435,
    617499,
    650630,
    667141,
    700718,
    734050,
    767508,
    782826,
    800189,
    817523,
    833973,
    850329,
    866991,
    883786,
    901277,
    917282,
    933610,
    951376,
    984299,
    1000345,
    1017835,
    1034295,
    1068137,
    1085151,
    1117652,
    1150999,
    1184875,
    1201810,
    1218156,
    1234446,
    1251846,
    1268743,
    1285002,
    1301540,
    1318392,
    1334544,
    1351253,
    1385006,
    1402175,
    1417927,
    1434840,
    1467954,
    1484140,
    1502164,
    1518623,
    1552290,
    1568567,
    1601812,
    1635306,
    1668405,
    1685308,
    1718225,
    1751773,
    1767667,
    1785018,
    1802333,
    1818811,
    1835136,
    1852423,
    1868612,
    1885751,
    1902387,
    1919246,
    1952523,
    1969514,
    1985037,
    2003687,
    2035859,
    2069459,
    2085685,
    2119104,
    2152280,
    2169059,
    2185263,
    2202876,
    2219541,
    2236311,
    2252561,
    2269859,
    2286276,
    2303458,
    2319380,
    2353349,
    2370771,
    2386595,
    2402947,
    2436069,
    2452315,
    2470500,
    2504189,
    2520122,
    2537086,
    2570144,
    2602987,
    2636422,
    2653154,
    2686684,
    2720263,
    2735877,
    2770454,
    2786454,
    2803265,
    2819936,
    2837441,
    2853549,
    2870112,
    2886579,
    2903556,
    2937508,
    2953560,
    2970654,
    2987032,
    3020421,
    3054015,
    3070374,
    3103978,
    3137791,
    3154929,
    3170849,
    3187728,
    3205248,
    3221054,
    3237859,
    3253918,
    3271120,
    3288353,
    3304358,
    3337449,
    3354429,
    3371162,
    3387691,
    3420356,
    3437355,
    3458764,
    3487362,
    3521609,
    3554011,
    3588172,
    3621086,
    3637875,
    3688331,
    3704862,
    3721137,
    3738293,
    3755364,
    3771340,
    3788926,
    3805249,
    3821655,
    3838236,
    3854686,
    3871243,
    3905384,
    3921334,
    3938698,
    3955223,
    3988492,
    4022410,
    4038523,
    4072064,
    4105670,
    4121837,
    4138178,
    4155684,
    4172487,
    4189331,
    4205840,
    4222450,
    4239071,
    4255866,
    4272284,
    4305267,
    4322482,
    4338827
  ],