{
  "average_frame_build_time_millis": 3.538417910447761,
  "90th_percentile_frame_build_time_millis": 9.862,
  "99th_percentile_frame_build_time_millis": 24.229,
  "worst_frame_build_time_millis": 25.384,
  "missed_frame_build_budget_count": 6,
  "average_frame_rasterizer_time_millis": 19.53916161616163,
  "stddev_frame_rasterizer_time_millis": 5.711342107948165,
  "90th_percentile_frame_rasterizer_time_millis": 28.134,
  "99th_percentile_frame_rasterizer_time_millis": 36.163,
  "worst_frame_rasterizer_time_millis": 36.617,
  "missed_frame_rasterizer_budget_count": 126,
  "frame_count": 201,
  "frame_rasterizer_count": 198,
  "new_gen_gc_count": 4,
  "old_gen_gc_count": 0,
  "frame_build_times": [
    2194,
    16757,
    9862,
    2943,
    2277,
    2518,
    2348,
    2159,
    3213,
    1821,
    1417,
    9704,
    590,
    477,
    635,
    1819,
    2142,
    1862,
    1883,
    1856,
    1994,
    1933,
    1961,
    1978,
    24229,
    11564,
    1961,
    1620,
    2160,
    2289,
    2300,
    3202,
    2428,
    1607,
    1853,
    11203,
    2354,
    1824,
    1861,
    1778,
    1747,
    2121,
    1927,
    2006,
    2020,
    2033,
    15126,
    10512,
    2901,
    2220,
    2913,
    2060,
    2233,
    2810,
    1806,
    1403,
    8752,
    597,
    678,
    621,
    1885,
    1907,
    2029,
    1847,
    1815,
    2440,
    1869,
    1849,
    2253,
    24924,
    11856,
    2023,
    2096,
    2183,
    2326,
    2351,
    3115,
    2539,
    1701,
    1756,
    11039,
    2166,
    1903,
    1640,
    1785,
    1931,
    1887,
    2522,
    1921,
    1957,
    2074,
    16604,
    7583,
    2566,
    2022,
    2372,
    2118,
    2264,
    2627,
    1520,
    1844,
    9404,
    1602,
    1892,
    2077,
    2473,
    1917,
    1799,
    1986,
    2302,
    1872,
    1763,
    23291,
    11848,
    1936,
    2097,
    2277,
    2223,
    2327,
    2933,
    1882,
    1094,
    1758,
    1830,
    11162,
    2610,
    1845,
    1818,
    1993,
    1909,
    2067,
    1829,
    1802,
    1785,
    15851,
    10190,
    2644,
    2336,
    2295,
    2501,
    2139,
    2791,
    1826,
    1849,
    9792,
    707,
    605,
    1631,
    1914,
    1928,
    1787,
    1962,
    2313,
    1849,
    1758,
    1966,
    25384,
    11305,
    2078,
    2135,
    2334,
    2333,
    2427,
    2829,
    2459,
    2488,
    2276,
    1946,
    11498,
    2038,
    2017,
    1884,
    1990,
    1855,
    2093,
    1992,
    2019,
    1799,
    14285,
    10702,
    2951,
    2137,
    2637,
    2511,
    2249,
    3157,
    1866,
    1543,
    8922,
    614,
    665,
    618,
    1841,
    1938,
    1837,
    1794,
    1838,
    1989,
    1930,
    1913,
    1898
  ],
  "frame_rasterizer_times": [
    8329,
    8124,
    27814,
    27722,
    29007,
    28140,
    27779,
    27376,
    27451,
    12836,
    11657,
    9355,
    8992,
    10687,
    10544,
    18875,
    20903,
    20853,
    21702,
    19023,
    20841,
    21718,
    20320,
    18078,
    19340,
    22891,
    24249,
    25363,
    27798,
    28138,
    27340,
    7547,
    36617,
    21811,
    20995,
    8294,
    15031,
    15590,
    15759,
    15652,
    15117,
    14610,
    14371,
    14214,
    14589,
    9146,
    7906,
    27052,
    28569,
    27890,
    28016,
    28145,
    27884,
    26729,
    12844,
    11293,
    10231,
    11691,
    11105,
    9624,
    18637,
    21556,
    20365,
    21196,
    20349,
    21677,
    20925,
    20363,
    18568,
    20290,
    21844,
    25067,
    25309,
    28134,
    28469,
    27002,
    18262,
    36384,
    22646,
    21681,
    6846,
    15885,
    15704,
    16370,
    14773,
    15499,
    14053,
    13923,
    14094,
    14342,
    8726,
    6633,
    23508,
    28703,
    28107,
    27969,
    27534,
    28170,
    26961,
    12887,
    12741,
    6658,
    10617,
    15634,
    19625,
    20926,
    20727,
    21065,
    20105,
    21328,
    20267,
    16393,
    17596,
    21963,
    25034,
    25587,
    26425,
    28167,
    4820,
    32614,
    22608,
    22892,
    19954,
    18910,
    15741,
    15283,
    16335,
    15356,
    16192,
    15228,
    15333,
    16108,
    15353,
    13670,
    8233,
    28455,
    28236,
    28329,
    27847,
    27991,
    27918,
    29995,
    10799,
    8280,
    9645,
    10393,
    9591,
    18775,
    21425,
    20713,
    20224,
    20324,
    21497,
    20827,
    20873,
    17329,
    20552,
    22257,
    23981,
    25529,
    26708,
    28052,
    27807,
    16490,
    36163,
    21792,
    22849,
    21663,
    15640,
    15646,
    15727,
    15430,
    15989,
    16005,
    15872,
    15411,
    15574,
    16347,
    8932,
    28477,
    28381,
    27680,
    27803,
    28242,
    27432,
    27161,
    12920,
    11572,
    9777,
    11342,
    9692,
    9019,
    18126,
    21462,
    20509,
    21269,
    19771,
    21771
  ],
  "frame_begin_times": [
    0,
    16951,
    51007,
    66692,
    84063,
    100277,
    134072,
    167372,
    183268,
    217389,
    250783,
    267182,
    284147,
    301043,
    317330,
    334572,
    351154,
    367786,
    384389,
    401343,
    417911,
    451402,
    467863,
    484009,
    501138,
    534515,
    550261,
    567506,
    601534,
    617374,
    651387,
    667796,
    701978,
    734606,
    750719,
    801882,
    817923,
    834665,
    852663,
    868357,
    885150,
    902135,
    918739,
    935285,
    951534,
    968037,
    984910,
    1018492,
    1034796,
    1052030,
    1068389,
    1102705,
    1135338,
    1151810,
    1185151,
    1218901,
    1234997,
    1251845,
    1268085,
    1285370,
    1302426,
    1318718,
    1335214,
    1352448,
    1369597,
    1385699,
    1418887,
    1435859,
    1452207,
    1469138,
    1502609,
    1518416,
    1535535,
    1569773,
    1587141,
    1619703,
    1635897,
    1668927,
    1701956,
    1719182,
    1769334,
    1785629,
    1802570,
    1820951,
    1836445,
    1853245,
    1869803,
    1886839,
    1903370,
    1919487,
    1936276,
    1953130,
    1986572,
    2002857,
    2020089,
    2036283,
    2070018,
    2086128,
    2119847,
    2153845,
    2170653,
    2203354,
    2270199,
    2287526,
    2303368,
    2320195,
    2336746,
    2353750,
    2370378,
    2386929,
    2420646,
    2437572,
    2453963,
    2486354,
    2503878,
    2520210,
    2538100,
    2571269,
    2586836,
    2620536,
    2654205,
    2687296,
    2720557,
    2737051,
    2771187,
    2787366,
    2805008,
    2822260,
    2838027,
    2854474,
    2871468,
    2887763,
    2904743,
    2921441,
    2937268,
    2972282,
    2986912,
    3004780,
    3021073,
    3054498,
    3089136,
    3104096,
    3138020,
    3171736,
    3205224,
    3221291,
    3238168,
    3254874,
    3271971,
    3288337,
    3305136,
    3321422,
    3338402,
    3372891,
    3388967,
    3405305,
    3421983,
    3454494,
    3472307,
    3488330,
    3505812,
    3538320,
    3571975,
    3588949,
    3622648,
    3655322,
    3672527,
    3705676,
    3739247,
    3754676,
    3771936,
    3788857,
    3805675,
    3822396,
    3838938,
    3855962,
    3872418,
    3889386,
    3905701,
    3939538,
    3955363,
    3972976,
    3989310,
    4022504,
    4056332,
    4073002,
    4106250,
    4139676,
    4157220,
    4172979,
    4189443,
    4206956,
    4223366,
    4240004,
    4257005,
    4273353,
    4290251,
    4306594,
    4340035,
    4356274,
    4373796
  ],