{
  "average_frame_build_time_millis": 3.5138366336633657,
  "90th_percentile_frame_build_time_millis": 9.583,
  "99th_percentile_frame_build_time_millis": 24.272,
  "worst_frame_build_time_millis": 26.363,
  "missed_frame_build_budget_count": 6,
  "average_frame_rasterizer_time_millis": 19.913828282828284,
  "stddev_frame_rasterizer_time_millis": 5.484545760636667,
  "90th_percentile_frame_rasterizer_time_millis": 28.318,
  "99th_percentile_frame_rasterizer_time_millis": 36.107,
  "worst_frame_rasterizer_time_millis": 36.328,
  "missed_frame_rasterizer_budget_count": 131,
  "frame_count": 202,
  "frame_rasterizer_count": 198,
  "new_gen_gc_count": 6,
  "old_gen_gc_count": 0,
  "frame_build_times": [
    7698,
    2642,
    1634,
    2562,
    2606,
    2289,
    2624,
    2603,
    1613,
    8526,
    585,
    564,
    595,
    2104,
    2310,
    2314,
    1963,
    2197,
    2554,
    2428,
    1868,
    22997,
    12405,
    1994,
    1703,
    2237,
    2405,
    2275,
    2483,
    2922,
    2647,
    2239,
    2393,
    10971,
    2275,
    2049,
    1843,
    1918,
    1923,
    2108,
    2028,
    2062,
    2056,
    1945,
    16009,
    8453,
    2403,
    1954,
    2604,
    2372,
    2225,
    2603,
    1745,
    1701,
    9509,
    742,
    741,
    718,
    1974,
    2072,
    1880,
    2047,
    2374,
    2478,
    2197,
    2000,
    2063,
    26363,
    12182,
    2133,
    1477,
    2317,
    2431,
    2215,
    3272,
    2868,
    1733,
    1793,
    10847,
    2506,
    1807,
    1841,
    1831,
    1913,
    1877,
    1877,
    1824,
    2076,
    1976,
    15645,
    10393,
    2813,
    2210,
    2970,
    3193,
    2240,
    3512,
    2031,
    1572,
    10243,
    758,
    402,
    537,
    2205,
    2295,
    2246,
    1929,
    2547,
    2575,
    1993,
    1876,
    24910,
    11872,
    1742,
    2024,
    1831,
    2299,
    2569,
    2356,
    2605,
    1798,
    2170,
    2000,
    11596,
    2282,
    2012,
    2087,
    2046,
    1986,
    2060,
    1852,
    2118,
    1953,
    2027,
    15607,
    9439,
    2965,
    2239,
    3004,
    3027,
    2323,
    1560,
    2524,
    1576,
    9583,
    652,
    680,
    686,
    1874,
    2207,
    1862,
    1994,
    2250,
    2553,
    2314,
    1881,
    2039,
    24272,
    11413,
    2003,
    2014,
    2490,
    2664,
    2279,
    3474,
    2985,
    1571,
    1548,
    11259,
    2513,
    2004,
    1877,
    1901,
    1855,
    1881,
    1951,
    2119,
    2086,
    1931,
    16253,
    9677,
    2953,
    1717,
    2542,
    2728,
    2269,
    2250,
    1733,
    1542,
    9819,
    557,
    509,
    688,
    1911,
    2043,
    1846,
    2020,
    2300,
    2590,
    2301,
    1882,
    2176
  ],
  "frame_rasterizer_times": [
    28501,
    28197,
    28054,
    28527,
    27248,
    27820,
    12981,
    13927,
    15491,
    16563,
    17519,
    16869,
    26863,
    21204,
    20671,
    20594,
    20724,
    20327,
    21118,
    14249,
    14850,
    22474,
    23940,
    26092,
    26958,
    27630,
    29055,
    16177,
    36107,
    22787,
    22274,
    20093,
    15809,
    15978,
    15191,
    16984,
    15258,
    16637,
    15134,
    15967,
    15829,
    16078,
    14843,
    8079,
    25277,
    29188,
    27917,
    28403,
    28200,
    28185,
    15753,
    13875,
    7794,
    8991,
    8264,
    8272,
    7806,
    18264,
    21783,
    20895,
    21254,
    20062,
    20880,
    21376,
    22108,
    17403,
    21371,
    22156,
    24160,
    26006,
    27685,
    28299,
    28592,
    14383,
    36328,
    21578,
    23330,
    8209,
    15246,
    16243,
    15966,
    15455,
    16900,
    16447,
    14673,
    15696,
    15605,
    10546,
    9439,
    28707,
    28615,
    28145,
    28195,
    28387,
    27834,
    27218,
    12848,
    14582,
    16196,
    17283,
    15174,
    17628,
    27556,
    20360,
    20296,
    20893,
    20602,
    21744,
    20112,
    14286,
    15537,
    22359,
    24539,
    25811,
    26878,
    28318,
    28197,
    17062,
    36320,
    22134,
    22675,
    20128,
    15779,
    16112,
    15911,
    16147,
    15534,
    16525,
    14964,
    16168,
    16282,
    15672,
    15394,
    9215,
    28189,
    28435,
    28161,
    28378,
    28666,
    27689,
    17407,
    12672,
    10725,
    9183,
    8114,
    8969,
    7813,
    18011,
    21770,
    20797,
    20569,
    21511,
    20178,
    21479,
    20522,
    17778,
    20144,
    21980,
    24738,
    25484,
    28374,
    28468,
    28414,
    13958,
    35996,
    22288,
    22767,
    6788,
    16993,
    14913,
    15800,
    15976,
    15805,
    15695,
    15708,
    15036,
    14613,
    9101,
    9252,
    28249,
    28642,
    28108,
    28093,
    28233,
    28056,
    27160,
    12804,
    10762,
    10597,
    9124,
    10915,
    9687,
    18875,
    20951,
    20917,
    20565,
    21399,
    20238
  ],
  "frame_begin_times": [
    0,
    16681,
    33390,
    50018,
    83279,
    117117,
    134381,
    166710,
    200460,
    217176,
    234064,
    251201,
    267749,
    283918,
    300575,
    317435,
    350763,
    367173,
    383761,
    401046,
    434231,
    450812,
    484014,
    500122,
    517446,
    533870,
    567576,
    583432,
    617326,
    651248,
    667600,
    701133,
    734214,
    768020,
    783312,
    800671,
    818153,
    835495,
    851656,
    868124,
    884398,
    901415,
    917676,
    935739,
    951976,
    984904,
    1001523,
    1018237,
    1035001,
    1068253,
    1101777,
    1118163,
    1151635,
    1185406,
    1201992,
    1218600,
    1235384,
    1251963,
    1268778,
    1285364,
    1302115,
    1318835,
    1335364,
    1352108,
    1384989,
    1401608,
    1419395,
    1435531,
    1468458,
    1484428,
    1501788,
    1536019,
    1551891,
    1585706,
    1601160,
    1635476,
    1668793,
    1702631,
    1736247,
    1751724,
    1768523,
    1787074,
    1802837,
    1819135,
    1835883,
    1852797,
    1869994,
    1886626,
    1903136,
    1919558,
    1952897,
    1968921,
    1986368,
    2002930,
    2036085,
    2070088,
    2086398,
    2119607,
    2153544,
    2169652,
    2185741,
    2203418,
    2220096,
    2236214,
    2252933,
    2270229,
    2304043,
    2319632,
    2336589,
    2369865,
    2386800,
    2403311,
    2436828,
    2452613,
    2469353,
    2486886,
    2520222,
    2536661,
    2570197,
    2604166,
    2620294,
    2653281,
    2687156,
    2720247,
    2736171,
    2753164,
    2770477,
    2786883,
    2803666,
    2821113,
    2837805,
    2853805,
    2871213,
    2887766,
    2904446,
    2937957,
    2953501,
    2971099,
    2987594,
    3020731,
    3053991,
    3070791,
    3104263,
    3138039,
    3154396,
    3171564,
    3188057,
    3205129,
    3221636,
    3238486,
    3254813,
    3271823,
    3288012,
    3304716,
    3322135,
    3354975,
    3372620,
    3388046,
    3421788,
    3437364,
    3454686,
    3488174,
    3504499,
    3538503,
    3554937,
    3588462,
    3621578,
    3638218,
    3688630,
    3704244,
    3721457,
    3738838,
    3755402,
    3772061,
    3788983,
    3805519,
    3822216,
    3838847,
    3855941,
    3872454,
    3905643,
    3921634,
    3939193,
    3955357,
    3989043,
    4022566,
    4038802,
    4072256,
    4106167,
    4122514,
    4139310,
    4156033,
    4172933,
    4189621,
    4206244,
    4222340,
    4239760,
    4256030,
    4272757,
    4290095,
    4323056,
    4339597
  ],