{
  "average_frame_build_time_millis": 1.2201269230769234,
  "90th_percentile_frame_build_time_millis": 1.299,
  "99th_percentile_frame_build_time_millis": 6.841,
  "worst_frame_build_time_millis": 9.694,
  "missed_frame_build_budget_count": 0,
  "average_frame_rasterizer_time_millis": 13.831250000000004,
  "stddev_frame_rasterizer_time_millis": 0.9719769230769232,
  "90th_percentile_frame_rasterizer_time_millis": 15.052,
  "99th_percentile_frame_rasterizer_time_millis": 18.313,
  "worst_frame_rasterizer_time_millis": 22.506,
  "missed_frame_rasterizer_budget_count": 13,
  "frame_count": 260,
  "frame_rasterizer_count": 260,
  "new_gen_gc_count": 2,
  "old_gen_gc_count": 0,
  "frame_build_times": [
    1130,
    1172,
    1124,
    1140,
    1085,
    1060,
    1137,
    1061,
    988,
    1104,
    1201,
    1191,
    1307,
    1371,
    1171,
    1149,
    1147,
    898,
    1110,
    738,
    1081,
    746,
    745,
    700,
    759,
    586,
    7891,
    918,
    837,
    1062,
    1256,
    1020,
    901,
    990,
    1298,
    1255,
    1230,
    1285,
    1323,
    715,
    1014,
    892,
    1246,
    667,
    1274,
    704,
    1208,
    645,
    1338,
    603,
    1107,
    679,
    1370,
    875,
    1139,
    661,
    1215,
    720,
    1169,
    856,
    6841,
    1104,
    1222,
    1076,
    1150,
    1304,
    1114,
    1304,
    1045,
    1181,
    1149,
    1198,
    1221,
    1172,
    1166,
    1058,
    1239,
    1169,
    1087,
    1169,
    1341,
    1208,
    1768,
    1140,
    1145,
    1152,
    1192,
    1225,
    1128,
    1127,
    1204,
    1176,
    1093,
    1195,
    1163,
    1280,
    1137,
    752,
    653,
    775,
    773,
    768,
    712,
    582,
    8993,
    1355,
    869,
    765,
    911,
    828,
    1161,
    1209,
    1146,
    1059,
    1241,
    1110,
    1179,
    741,
    1178,
    700,
    1052,
    793,
    1280,
    663,
    1225,
    626,
    1192,
    748,
    1242,
    698,
    1164,
    750,
    1206,
    790,
    1266,
    822,
    1115,
    737,
    6787,
    1106,
    1185,
    1054,
    1093,
    1114,
    1925,
    1110,
    1267,
    1070,
    1128,
    1219,
    1191,
    1228,
    1079,
    1093,
    1103,
    1204,
    1384,
    1252,
    1192,
    1250,
    1133,
    1218,
    1310,
    1249,
    1142,
    1099,
    1336,
    1174,
    1143,
    1427,
    1179,
    1133,
    960,
    1118,
    1200,
    799,
    663,
    704,
    680,
    809,
    818,
    701,
    9694,
    1299,
    1208,
    1067,
    1560,
    1136,
    1276,
    973,
    1091,
    1077,
    1255,
    1132,
    1222,
    699,
    1039,
    789,
    1388,
    735,
    1180,
    693,
    1278,
    946,
    1275,
    611,
    1191,
    652,
    977,
    741,
    1195,
    680,
    1285,
    729,
    1351,
    705,
    6615,
    1081,
    1038,
    1054,
    1258,
    968,
    1045,
    998,
    922,
    1156,
    1334,
    1146,
    1153,
    997,
    1137,
    1081,
    1277,
    1173,
    1195,
    1263,
    986,
    1284,
    1219,
    1159,
    1144,
    1167,
    1067,
    1254,
    1140,
    1205,
    1157,
    1236,
    1196,
    1259,
    1300,
    1169,
    1130,
    707,
    794,
    944,
    797,
    732,
    822,
    580
  ],
  "frame_rasterizer_times": [
    13760,
    13176,
    12555,
    13241,
    13477,
    13427,
    13565,
    13231,
    13507,
    12576,
    13463,
    14771,
    15208,
    14317,
    14684,
    14584,
    13008,
    14216,
    14726,
    14303,
    13528,
    14730,
    13212,
    13457,
    15052,
    10625,
    10857,
    20511,
    16321,
    17472,
    16990,
    15547,
    13269,
    15529,
    13215,
    12694,
    12816,
    12365,
    14263,
    13517,
    13853,
    13245,
    13109,
    14453,
    13218,
    13889,
    14417,
    13652,
    15338,
    13540,
    12836,
    13466,
    14460,
    13382,
    12761,
    13810,
    13408,
    13485,
    12969,
    12045,
    13402,
    12737,
    14945,
    14496,
    13873,
    12978,
    12625,
    12819,
    12267,
    14287,
    15304,
    14156,
    14611,
    14796,
    13726,
    14424,
    13659,
    14602,
    13441,
    14181,
    13856,
    13037,
    13504,
    14358,
    14964,
    14373,
    14635,
    15127,
    13662,
    14433,
    14387,
    12758,
    14521,
    14122,
    13597,
    13664,
    15489,
    14902,
    15108,
    14605,
    14428,
    13828,
    15170,
    10361,
    10623,
    22506,
    16825,
    17109,
    18313,
    15274,
    13917,
    13387,
    12662,
    13279,
    13385,
    13163,
    13181,
    13990,
    13104,
    12363,
    13451,
    12428,
    13209,
    13040,
    13305,
    13489,
    14588,
    14218,
    13122,
    13489,
    13090,
    12438,
    13051,
    13214,
    13282,
    13604,
    13152,
    13175,
    13784,
    13891,
    13427,
    14546,
    14120,
    14264,
    13548,
    13161,
    12535,
    14679,
    14909,
    13118,
    13672,
    13481,
    12852,
    12631,
    14415,
    14203,
    12819,
    13251,
    14275,
    13132,
    14280,
    14088,
    14088,
    14275,
    14052,
    14127,
    12969,
    15849,
    14610,
    13392,
    12994,
    13759,
    12304,
    12374,
    11831,
    13788,
    14506,
    13257,
    14714,
    14574,
    14990,
    10716,
    9923,
    20679,
    17570,
    17971,
    17485,
    16068,
    13360,
    13374,
    12596,
    10912,
    12194,
    12854,
    12816,
    13849,
    13036,
    13803,
    12680,
    14099,
    13690,
    12788,
    13217,
    13982,
    13623,
    12307,
    13052,
    13635,
    10992,
    10568,
    12444,
    13506,
    12523,
    13616,
    12816,
    12354,
    13570,
    13001,
    13756,
    13951,
    14206,
    11686,
    11121,
    11865,
    14757,
    14249,
    13395,
    12604,
    13750,
    14990,
    14518,
    13961,
    14428,
    14587,
    14694,
    13950,
    14546,
    13764,
    14749,
    15007,
    14518,
    14006,
    13307,
    13825,
    14646,
    14148,
    15561,
    13825,
    13406,
    13354,
    14517,
    14641,
    14275,
    15453,
    14327,
    13946,
    14200,
    14366,
    13900,
    10422
  ],