{
  "average_frame_build_time_millis": 1.2391615384615384,
  "90th_percentile_frame_build_time_millis": 1.38,
  "99th_percentile_frame_build_time_millis": 6.794,
  "worst_frame_build_time_millis": 9.394,
  "missed_frame_build_budget_count": 0,
  "average_frame_rasterizer_time_millis": 14.685914728682178,
  "stddev_frame_rasterizer_time_millis": 1.2254517757346306,
  "90th_percentile_frame_rasterizer_time_millis": 16.206,
  "99th_percentile_frame_rasterizer_time_millis": 18.593,
  "worst_frame_rasterizer_time_millis": 20.819,
  "missed_frame_rasterizer_budget_count": 34,
  "frame_count": 260,
  "frame_rasterizer_count": 258,
  "new_gen_gc_count": 0,
  "old_gen_gc_count": 0,
  "frame_build_times": [
    1246,
    1302,
    1403,
    1301,
    1183,
    1183,
    1232,
    1123,
    1286,
    1356,
    1233,
    1238,
    978,
    1116,
    1285,
    1421,
    1251,
    1261,
    1205,
    648,
    696,
    772,
    577,
    738,
    853,
    624,
    7394,
    756,
    941,
    928,
    966,
    1033,
    1405,
    1043,
    1314,
    969,
    1182,
    1203,
    1316,
    829,
    1086,
    743,
    1378,
    767,
    946,
    629,
    1298,
    584,
    1185,
    725,
    1074,
    607,
    995,
    762,
    939,
    656,
    1194,
    716,
    1144,
    717,
    4262,
    1147,
    1857,
    1200,
    1238,
    1173,
    1291,
    1198,
    1200,
    1302,
    1151,
    1113,
    1244,
    998,
    1215,
    1164,
    1198,
    1338,
    1492,
    1237,
    1308,
    1232,
    1329,
    1353,
    1283,
    1081,
    1041,
    1220,
    1167,
    1285,
    1224,
    1179,
    1255,
    1278,
    1159,
    1376,
    1271,
    765,
    806,
    741,
    739,
    768,
    722,
    1369,
    9394,
    1101,
    1044,
    896,
    973,
    956,
    1116,
    1386,
    1509,
    1165,
    1117,
    1018,
    1336,
    1667,
    1260,
    747,
    1150,
    715,
    1260,
    650,
    1380,
    670,
    1076,
    692,
    1219,
    920,
    1152,
    704,
    1298,
    657,
    994,
    803,
    1102,
    723,
    6794,
    1123,
    1413,
    1279,
    1118,
    1220,
    1183,
    1275,
    884,
    1091,
    1125,
    1196,
    1237,
    1411,
    1280,
    1760,
    1136,
    1501,
    1290,
    1469,
    1010,
    1180,
    1254,
    1267,
    1041,
    1217,
    1155,
    1162,
    1439,
    1244,
    1377,
    1246,
    977,
    1109,
    1225,
    1238,
    1249,
    845,
    811,
    747,
    723,
    947,
    837,
    608,
    9347,
    947,
    826,
    799,
    943,
    1054,
    851,
    805,
    1027,
    1029,
    1616,
    1076,
    1239,
    679,
    1119,
    719,
    912,
    1018,
    942,
    680,
    1219,
    1471,
    1178,
    675,
    1314,
    855,
    1174,
    846,
    1306,
    661,
    1289,
    592,
    1245,
    749,
    6699,
    1203,
    1156,
    1167,
    1254,
    1281,
    1219,
    1160,
    1028,
    1114,
    1231,
    1288,
    1294,
    1225,
    1156,
    1141,
    1275,
    1340,
    1269,
    1307,
    1044,
    1200,
    1197,
    1583,
    1233,
    1285,
    1118,
    1195,
    1438,
    1388,
    1202,
    1125,
    1246,
    1245,
    1490,
    1230,
    1294,
    670,
    751,
    738,
    801,
    916,
    709,
    628
  ],
  "frame_rasterizer_times": [
    15631,
    14665,
    15699,
    15654,
    15121,
    15133,
    15462,
    15720,
    16039,
    15876,
    12846,
    11266,
    13333,
    15399,
    16104,
    14593,
    13882,
    14107,
    13693,
    15891,
    16209,
    15817,
    14117,
    11208,
    10506,
    19536,
    17293,
    17462,
    17402,
    15447,
    14213,
    12637,
    12888,
    12362,
    11869,
    12729,
    14506,
    13087,
    15608,
    14928,
    15434,
    15609,
    14702,
    15413,
    14543,
    14925,
    14366,
    14603,
    14051,
    14672,
    15251,
    14045,
    11488,
    10175,
    12536,
    14246,
    14483,
    14294,
    11644,
    10276,
    13291,
    15211,
    15529,
    15373,
    14434,
    15910,
    14014,
    16298,
    15485,
    15540,
    15378,
    14772,
    13202,
    12345,
    16357,
    14534,
    15364,
    16477,
    16422,
    15692,
    15961,
    15556,
    15184,
    14046,
    13324,
    15118,
    15784,
    15606,
    12866,
    13410,
    15335,
    14509,
    14760,
    14579,
    16035,
    15551,
    16240,
    15760,
    15983,
    15975,
    14649,
    11445,
    10976,
    19164,
    17561,
    16830,
    18298,
    15209,
    14421,
    12222,
    15313,
    14447,
    11028,
    10584,
    11860,
    14447,
    14019,
    15316,
    14553,
    14911,
    14755,
    14998,
    13571,
    14677,
    13044,
    13534,
    14091,
    14560,
    14938,
    14016,
    16053,
    15291,
    14565,
    10799,
    12047,
    15387,
    16261,
    15584,
    15337,
    14688,
    14882,
    15190,
    14113,
    16206,
    13157,
    10353,
    14471,
    15164,
    15591,
    16061,
    10054,
    13915,
    14448,
    15639,
    15856,
    15771,
    12012,
    11326,
    16967,
    15617,
    16443,
    15981,
    15825,
    14616,
    15477,
    15531,
    15623,
    15930,
    13326,
    10869,
    14611,
    15303,
    14046,
    13581,
    14982,
    13241,
    14299,
    14344,
    15596,
    11124,
    10492,
    20819,
    16387,
    18162,
    17428,
    15352,
    14675,
    12511,
    12444,
    18593,
    12367,
    13635,
    13828,
    14522,
    14889,
    15308,
    17522,
    14971,
    12577,
    10363,
    14283,
    14800,
    14406,
    14546,
    14566,
    15401,
    14335,
    14092,
    13724,
    14089,
    14501,
    15032,
    14657,
    14138,
    15395,
    14940,
    14136,
    14681,
    15014,
    15504,
    15383,
    14043,
    14948,
    15222,
    15268,
    15169,
    15722,
    12733,
    14961,
    15362,
    15090,
    15738,
    14609,
    16024,
    15826,
    15386,
    15376,
    15709,
    15335,
    15396,
    15614,
    15061,
    13920,
    15076,
    15461,
    15502,
    15953,
    15529,
    15901,
    16251,
    16274,
    15902,
    15728,
    15933,
    16103,
    15739,
    16446,
    11294
  ],