{
  "average_frame_build_time_millis": 1.194061302681993,
  "90th_percentile_frame_build_time_millis": 1.275,
  "99th_percentile_frame_build_time_millis": 7.384,
  "worst_frame_build_time_millis": 9.362,
  "missed_frame_build_budget_count": 0,
  "average_frame_rasterizer_time_millis": 13.777683397683388,
  "stddev_frame_rasterizer_time_millis": 0.9432041859841088,
  "90th_percentile_frame_rasterizer_time_millis": 14.897,
  "99th_percentile_frame_rasterizer_time_millis": 17.827,
  "worst_frame_rasterizer_time_millis": 21.07,
  "missed_frame_rasterizer_budget_count": 13,
  "frame_count": 261,
  "frame_rasterizer_count": 259,
  "new_gen_gc_count": 2,
  "old_gen_gc_count": 0,
  "frame_build_times": [
    1154,
    1406,
    1269,
    2117,
    1040,
    1099,
    1164,
    1127,
    1145,
    1027,
    1124,
    1178,
    1127,
    1326,
    1197,
    1104,
    1160,
    1078,
    1072,
    1244,
    752,
    786,
    732,
    791,
    735,
    764,
    563,
    9362,
    1027,
    1012,
    1008,
    1092,
    950,
    1388,
    1126,
    1617,
    1203,
    1483,
    688,
    1230,
    682,
    1209,
    715,
    1189,
    604,
    1054,
    622,
    1383,
    670,
    1136,
    645,
    1068,
    732,
    1310,
    607,
    1290,
    662,
    1197,
    787,
    1237,
    768,
    7384,
    1071,
    928,
    1074,
    1167,
    1020,
    1153,
    908,
    1156,
    1076,
    1162,
    1053,
    1145,
    1026,
    1259,
    1142,
    1068,
    1155,
    1201,
    1103,
    1198,
    1221,
    1075,
    1131,
    1040,
    1103,
    1144,
    1154,
    1356,
    1147,
    1069,
    1095,
    1136,
    1293,
    1002,
    990,
    1103,
    700,
    700,
    633,
    797,
    671,
    763,
    566,
    9052,
    1365,
    753,
    669,
    858,
    929,
    1149,
    1019,
    1040,
    1126,
    1206,
    1164,
    1071,
    689,
    1162,
    677,
    1256,
    764,
    1114,
    672,
    1095,
    590,
    1099,
    681,
    1066,
    708,
    1120,
    678,
    1055,
    679,
    1107,
    652,
    1063,
    683,
    6612,
    1086,
    1114,
    1116,
    1108,
    1263,
    1190,
    1239,
    943,
    1160,
    1024,
    1315,
    1273,
    1028,
    1070,
    1040,
    1099,
    1161,
    1284,
    1146,
    1302,
    1149,
    1263,
    1250,
    1227,
    1158,
    1104,
    1117,
    1049,
    1206,
    1172,
    1132,
    1104,
    1242,
    1173,
    1287,
    1195,
    745,
    691,
    534,
    704,
    924,
    689,
    579,
    8476,
    999,
    894,
    1010,
    1168,
    964,
    1127,
    1275,
    1287,
    1098,
    1250,
    1186,
    1204,
    675,
    1340,
    853,
    1142,
    627,
    1111,
    667,
    1182,
    634,
    1177,
    651,
    1091,
    703,
    1143,
    766,
    1042,
    741,
    1157,
    696,
    1177,
    632,
    6671,
    994,
    1234,
    1185,
    1354,
    1112,
    1083,
    1087,
    1055,
    1118,
    1052,
    1143,
    1137,
    1134,
    1287,
    1117,
    1132,
    1107,
    1175,
    1093,
    1264,
    1163,
    1153,
    1099,
    1103,
    1116,
    1220,
    1119,
    1128,
    1237,
    1053,
    1028,
    1269,
    1073,
    1251,
    1156,
    1048,
    694,
    772,
    866,
    731,
    794,
    723,
    525
  ],
  "frame_rasterizer_times": [
    13796,
    13545,
    13643,
    14136,
    13741,
    13584,
    13115,
    12574,
    12808,
    13227,
    14907,
    13991,
    14063,
    13013,
    12807,
    15132,
    14409,
    13119,
    13214,
    13688,
    14617,
    14334,
    14846,
    14816,
    10004,
    9509,
    17827,
    17021,
    17546,
    17415,
    14473,
    13894,
    14653,
    13511,
    12424,
    13003,
    12949,
    13509,
    12489,
    11730,
    12842,
    13221,
    13594,
    12369,
    15061,
    13686,
    13851,
    12765,
    13664,
    12030,
    12230,
    13551,
    13311,
    14378,
    13959,
    13292,
    14070,
    12094,
    12911,
    13122,
    12237,
    11094,
    11417,
    13448,
    14325,
    12742,
    15431,
    13616,
    12839,
    13311,
    13665,
    13680,
    14101,
    13098,
    13256,
    13240,
    13355,
    13127,
    14040,
    12206,
    13039,
    15183,
    14471,
    14379,
    13659,
    13548,
    12869,
    13187,
    14146,
    14149,
    14328,
    13981,
    13326,
    14098,
    14461,
    14061,
    13518,
    14709,
    14653,
    13985,
    14743,
    14176,
    10109,
    9838,
    21070,
    17086,
    17311,
    18428,
    14897,
    13786,
    13080,
    12381,
    11035,
    13077,
    14845,
    10885,
    12291,
    13671,
    13638,
    13514,
    14246,
    12051,
    12143,
    13234,
    13633,
    13764,
    13268,
    13567,
    12922,
    13330,
    13871,
    13527,
    13650,
    13257,
    13421,
    13027,
    12396,
    13237,
    12353,
    14608,
    13178,
    15419,
    13954,
    12692,
    14720,
    14504,
    13607,
    13884,
    13176,
    13531,
    14024,
    12689,
    14948,
    14807,
    14143,
    14733,
    13088,
    13430,
    14836,
    13593,
    14297,
    14160,
    13806,
    13666,
    14513,
    14706,
    14053,
    14214,
    13681,
    13640,
    14343,
    14278,
    14069,
    13101,
    14697,
    14186,
    14048,
    14617,
    15118,
    15326,
    10218,
    9950,
    20612,
    17392,
    17756,
    17419,
    14589,
    13930,
    13664,
    12561,
    14262,
    12408,
    14095,
    12526,
    14705,
    13834,
    13029,
    16367,
    13675,
    13149,
    13601,
    13052,
    11658,
    13857,
    13869,
    13433,
    13691,
    13188,
    12169,
    13078,
    14390,
    14113,
    13401,
    12567,
    11822,
    13984,
    13430,
    13919,
    13758,
    14064,
    12216,
    13368,
    12605,
    13264,
    14784,
    13156,
    13001,
    13934,
    13822,
    13908,
    14785,
    13987,
    13027,
    14192,
    13946,
    13333,
    14051,
    14423,
    14724,
    14721,
    14853,
    14295,
    14289,
    13195,
    13300,
    14654,
    14031,
    14496,
    13900,
    12798,
    13620,
    15048,
    14353,
    14344,
    14560,
    15560,
    15210,
    15607,
    9973
  ],