{
  "average_frame_build_time_millis": 3.107071428571429,
  "90th_percentile_frame_build_time_millis": 4.466,
  "99th_percentile_frame_build_time_millis": 8.614,
  "worst_frame_build_time_millis": 11.132,
  "missed_frame_build_budget_count": 0,
  "average_frame_rasterizer_time_millis": 9.431985401459851,
  "stddev_frame_rasterizer_time_millis": 0.9604266609835378,
  "90th_percentile_frame_rasterizer_time_millis": 10.512,
  "99th_percentile_frame_rasterizer_time_millis": 11.286,
  "worst_frame_rasterizer_time_millis": 12.652,
  "missed_frame_rasterizer_budget_count": 0,
  "frame_count": 140,
  "frame_rasterizer_count": 137,
  "new_gen_gc_count": 2,
  "old_gen_gc_count": 0,
  "frame_build_times": [
    2570,
    2561,
    2650,
    2914,
    2373,
    2520,
    8614,
    2821,
    3043,
    2966,
    2654,
    2705,
    2802,
    2944,
    2796,
    3093,
    2741,
    2856,
    3014,
    2910,
    2899,
    3344,
    2909,
    2947,
    2897,
    2941,
    2926,
    3320,
    6060,
    2750,
    2897,
    2713,
    3124,
    3317,
    2963,
    2786,
    2949,
    2799,
    3002,
    3048,
    2789,
    2976,
    2857,
    2985,
    2841,
    3172,
    2749,
    3066,
    3624,
    1172,
    11132,
    4186,
    5926,
    4762,
    6149,
    4782,
    6372,
    4466,
    5901,
    4626,
    6099,
    4864,
    6518,
    952,
    3242,
    1087,
    3091,
    1278,
    3216,
    1056,
    3930,
    1614,
    2924,
    1143,
    3076,
    1209,
    3012,
    1197,
    3063,
    1168,
    2936,
    1059,
    3104,
    1071,
    981,
    3122,
    3278,
    2707,
    2882,
    2994,
    3046,
    5912,
    2943,
    2584,
    2935,
    2933,
    2762,
    2831,
    3008,
    2711,
    2929,
    3077,
    3036,
    2901,
    3099,
    2647,
    3144,
    2926,
    3119,
    2966,
    3188,
    2905,
    1903,
    3280,
    2864,
    3015,
    3052,
    2883,
    3174,
    2884,
    2895,
    2936,
    3544,
    2878,
    2586,
    2560,
    2464,
    2884,
    3048,
    3437,
    2928,
    2877,
    2454,
    2494,
    3186,
    2595,
    2841,
    2872,
    3236,
    1074
  ],
  "frame_rasterizer_times": [
    9648,
    9057,
    8253,
    9336,
    3512,
    9196,
    9651,
    9003,
    8184,
    8755,
    9139,
    9455,
    9434,
    8827,
    8335,
    9041,
    9575,
    8862,
    9114,
    9361,
    9771,
    8895,
    9629,
    9289,
    8548,
    9444,
    6918,
    9429,
    9081,
    8225,
    9709,
    9450,
    8064,
    10040,
    10895,
    9053,
    9014,
    9204,
    9114,
    9116,
    8728,
    10318,
    8879,
    8968,
    8970,
    9456,
    8963,
    8257,
    3322,
    7008,
    5873,
    6699,
    6406,
    6864,
    6995,
    7438,
    5973,
    8202,
    6731,
    12652,
    7147,
    10405,
    10341,
    11046,
    8527,
    10289,
    10091,
    10109,
    8192,
    10763,
    10024,
    10264,
    10357,
    10855,
    10857,
    9375,
    9799,
    10636,
    10138,
    10423,
    10405,
    9949,
    10387,
    10210,
    10600,
    10890,
    10422,
    10221,
    10115,
    6920,
    10362,
    10242,
    10378,
    9837,
    9416,
    10335,
    10394,
    10327,
    10186,
    10377,
    10257,
    10584,
    9668,
    10182,
    9785,
    9987,
    10261,
    10540,
    9803,
    11286,
    10558,
    10397,
    10153,
    9974,
    9830,
    9156,
    10105,
    10082,
    10282,
    10256,
    10180,
    10512,
    9865,
    9172,
    9760,
    10981,
    10147,
    10386,
    10250,
    9850,
    9750,
    10232,
    10487,
    10118,
    10084,
    10234,
    10089
  ],
  "frame_begin_times": [
    0,
    15506,
    32198,
    49304,
    66702,
    82347,
    98471,
    115729,
    131813,
    149411,
    166849,
    182457,
    198874,
    215413,
    232489,
    249733,
    267043,
    282142,
    299046,
    315878,
    332766,
    349009,
    365494,
    382818,
    399197,
    416067,
    432242,
    449203,
    465765,
    482416,
    499438,
    517216,
    532543,
    549278,
    566466,
    582092,
    599363,
    616539,
    632705,
    649493,
    666573,
    683135,
    700380,
    715640,
    733435,
    749826,
    766758,
    782996,
    800258,
    816890,
    832802,
    850071,
    866665,
    883623,
    900246,
    916725,
    933004,
    950433,
    967498,
    983565,
    1000591,
    1017480,
    1033767,
    1050428,
    1066805,
    1083326,
    1101330,
    1117266,
    1133934,
    1151095,
    1168293,
    1183407,
    1200610,
    1217285,
    1234199,
    1250625,
    1266873,
    1285059,
    1300200,
    1317391,
    1334254,
    1350930,
    1367541,
    1384703,
    1401156,
    1417706,
    1433914,
    1450471,
    1467766,
    1484474,
    1501075,
    1517939,
    1534388,
    1551234,
    1567880,
    1584855,
    1602106,
    1617846,
    1634495,
    1651187,
    1668063,
    1684430,
    1701310,
    1718157,
    1735041,
    1751498,
    1767998,
    1784939,
    1801408,
    1817926,
    1834897,
    1850569,
    1868169,
    1884569,
    1901666,
    1918315,
    1935288,
    1952798,
    1968330,
    1984790,
    2001755,
    2018425,
    2034876,
    2051545,
    2068632,
    2086179,
    2102208,
    2117816,
    2134868,
    2151640,
    2168138,
    2185520,
    2202460,
    2218680,
    2235264,
    2252012,
    2268721,
    2285114,
    2302146,
    2318863
  ],
  "frame_rasterizer_begin_times": [
    0,
    17134,
    34414,
    50119,
    71724,
    83513,
    100118,
    117199,
    134692,
    150256,
    167033,
    183405,
    200328,
    217517,
    234687,
    250139,
    266844,
    283717,
    300601,
    317129,
    333404,
    350831,
    366976,
    383867,
    400602,
    417085,
    436323,
    450315,
    467235,
    485000,
    500352,
    517176,
    534398,
    549819,
    567192,
    584380,
    600655,
    617572,
    634389,
    650983,
    668303,
    683460,
    701277,
    717878,
    734524,
    750920,
    768049,
    784495,
    807476,
    820040,
    837053,
    853738,
    870588,
    886909,
    903506,
    920332,
    937770,
    953656,
    970913,
    987504,
    1004187,
    1017665,
    1034616,
    1050570,
    1069117,
    1084852,
    1101710,
    1118495,
    1136346,
    1150659,
    1168418,
    1184958,
    1202000,
    1217913,
    1234872,
    1252210,
    1267983,
    1284938,
    1302005,
    1318380,
    1335328,
    1352222,
    1368697,
    1385474,
    1401707,
    1418281,
    1435512,
    1452282,
    1469008,
    1488091,
    1502121,
    1518955,
    1535641,
    1552645,
    1569780,
    1585645,
    1602367,
    1619070,
    1635843,
    1652271,
    1669247,
    1685901,
    1702867,
    1719235,
    1735810,
    1752794,
    1769426,
    1785803,
    1802749,
    1818373,
    1835778,
    1852584,
    1869465,
    1886193,
    1903076,
    1920540,
    1936176,
    1952932,
    1969595,
    1986362,
    2003073,
    2019405,
    2036437,
    2053938,
    2069946,
    2085645,
    2103005,
    2119498,
    2136277,
    2153475,
    2170173,
    2186480,
    2203053,
    2219846,
    2236590,
    2253124,
    2270028
  ],
  "average_vsync_transitions_missed": 1.0,
  "90th_percentile_vsync_transitions_missed": 1.0,
  "99th_percentile_vsync_transitions_missed": 1.0,
  "average_vsync_frame_lag": 0.0,
  "90th_percentile_vsync_frame_lag": 0.0,
  "99th_percentile_vsync_frame_lag": 0.0,
  "average_layer_cache_count": 0.0,
  "90th_percentile_layer_cache_count": 0.0,
  "99th_percentile_layer_cache_count": 0.0,
  "average_frame_request_pending_latency": 15788.453237410073,
  "90th_percentile_frame_request_pending_latency": 16849.0,
  "99th_percentile_frame_request_pending_latency": 17335.0,
  "worst_layer_cache_count": 0.0,
  "average_layer_cache_memory": 0.0,
  "90th_percentile_layer_cache_memory": 0.0,
  "99th_percentile_layer_cache_memory": 0.0,
  "worst_layer_cache_memory": 0.0,
  "average_picture_cache_count": 0.0,
  "90th_percentile_picture_cache_count": 0.0,
  "99th_percentile_picture_cache_count": 0.0,