{
  "average_frame_build_time_millis": 3.0031214285714283,
  "90th_percentile_frame_build_time_millis": 4.384,
  "99th_percentile_frame_build_time_millis": 8.769,
  "worst_frame_build_time_millis": 11.234,
  "missed_frame_build_budget_count": 0,
  "average_frame_rasterizer_time_millis": 9.24238405797101,
  "stddev_frame_rasterizer_time_millis": 0.9805290905272007,
  "90th_percentile_frame_rasterizer_time_millis": 10.503,
  "99th_percentile_frame_rasterizer_time_millis": 11.787,
  "worst_frame_rasterizer_time_millis": 13.637,
  "missed_frame_rasterizer_budget_count": 0,
  "frame_count": 140,
  "frame_rasterizer_count": 138,
  "new_gen_gc_count": 2,
  "old_gen_gc_count": 0,
  "frame_build_times": [
    2716,
    2670,
    2738,
    2744,
    2730,
    2632,
    8769,
    2727,
    2524,
    2997,
    2761,
    2874,
    2879,
    2698,
    3180,
    2818,
    2872,
    2907,
    2973,
    2805,
    2747,
    2808,
    2859,
    2920,
    2660,
    2744,
    2841,
    2871,
    6413,
    2811,
    2786,
    2880,
    3132,
    2810,
    2929,
    3281,
    2912,
    2788,
    2944,
    2820,
    2854,
    2994,
    2768,
    2781,
    2758,
    2892,
    2997,
    2735,
    3638,
    1047,
    11234,
    4384,
    6513,
    5365,
    5403,
    3340,
    5859,
    5409,
    6485,
    5037,
    6579,
    5029,
    6595,
    1057,
    2810,
    978,
    3017,
    1024,
    2949,
    1123,
    3571,
    1304,
    2733,
    1051,
    2631,
    967,
    2626,
    995,
    2722,
    1047,
    2624,
    1065,
    2562,
    1066,
    772,
    2836,
    3117,
    2586,
    2532,
    2569,
    2777,
    6571,
    2671,
    2727,
    2634,
    2502,
    2808,
    2688,
    2641,
    2919,
    2546,
    2646,
    2742,
    2758,
    2720,
    2777,
    2638,
    3042,
    2731,
    2799,
    2635,
    3101,
    2755,
    2854,
    2737,
    2664,
    2815,
    2686,
    2746,
    3176,
    3011,
    2522,
    3307,
    2431,
    2519,
    2453,
    2689,
    2570,
    2648,
    2505,
    2560,
    2619,
    2900,
    2420,
    2634,
    2438,
    2566,
    2989,
    2960,
    1190
  ],
  "frame_rasterizer_times": [
    8700,
    10913,
    8959,
    8731,
    8033,
    3439,
    9427,
    8790,
    8372,
    10168,
    9134,
    9964,
    8377,
    10258,
    9086,
    9302,
    8876,
    8614,
    8537,
    8056,
    8339,
    8272,
    9148,
    8284,
    8353,
    9117,
    8953,
    5374,
    8122,
    9400,
    8876,
    9651,
    8991,
    8653,
    9807,
    8339,
    8326,
    8417,
    8380,
    8880,
    8480,
    8227,
    9312,
    8247,
    8213,
    9117,
    8791,
    9825,
    8720,
    4046,
    6591,
    6655,
    7014,
    6327,
    8654,
    6916,
    6233,
    6423,
    8001,
    6971,
    7042,
    7163,
    10040,
    9514,
    10890,
    9955,
    10098,
    9217,
    10153,
    9776,
    10651,
    10467,
    11161,
    10064,
    10112,
    9856,
    11024,
    9761,
    11418,
    9158,
    10094,
    9679,
    11273,
    10523,
    9782,
    9804,
    9706,
    9274,
    10644,
    9692,
    6783,
    10463,
    10512,
    10332,
    9214,
    9889,
    9343,
    9744,
    9644,
    10317,
    9832,
    9620,
    9777,
    10309,
    9919,
    9511,
    9846,
    9646,
    9765,
    10405,
    9848,
    10342,
    9512,
    9545,
    10056,
    10132,
    9641,
    9778,
    10346,
    10184,
    9648,
    10503,
    9889,
    10520,
    9504,
    9579,
    9440,
    11787,
    9451,
    10134,
    10062,
    9186,
    9399,
    9304,
    10133,
    10326,
    10520,
    13637
  ],
  "frame_begin_times": [
    0,
    16344,
    32805,
    50070,
    66415,
    83702,
    100253,
    116878,
    133586,
    150194,
    167041,
    183625,
    199903,
    216889,
    233503,
    250520,
    266998,
    283743,
    299958,
    316974,
    334058,
    350425,
    367164,
    383704,
    400565,
    417155,
    434102,
    450539,
    467184,
    483948,
    500739,
    517439,
    533610,
    550772,
    566889,
    583144,
    600795,
    617430,
    634334,
    650940,
    667667,
    683901,
    701055,
    717814,
    734391,
    751143,
    767787,
    784258,
    800261,
    817919,
    834507,
    850661,
    867992,
    884212,
    901252,
    917759,
    934528,
    951500,
    967904,
    983595,
    1001416,
    1018105,
    1034868,
    1051394,
    1068355,
    1084885,
    1101763,
    1117931,
    1134958,
    1151627,
    1168365,
    1185309,
    1200793,
    1218441,
    1235091,
    1252145,
    1268702,
    1284829,
    1301981,
    1317995,
    1335417,
    1351888,
    1368645,
    1384907,
    1402494,
    1418303,
    1434942,
    1452189,
    1468842,
    1485398,
    1501899,
    1518781,
    1535445,
    1551079,
    1568858,
    1586164,
    1602285,
    1618987,
    1635779,
    1652384,
    1669048,
    1685799,
    1702545,
    1718693,
    1735799,
    1752486,
    1769158,
    1785448,
    1802533,
    1818698,
    1835852,
    1852190,
    1869398,
    1886078,
    1902579,
    1919418,
    1935665,
    1952741,
    1969411,
    1985709,
    2001961,
    2020447,
    2035240,
    2052909,
    2069193,
    2086556,
    2102944,
    2119720,
    2135269,
    2153099,
    2169879,
    2185966,
    2203261,
    2220883,
    2236602,
    2253177,
    2270051,
    2286604,
    2303429,
    2319204
  ],
  "frame_rasterizer_begin_times": [
    0,
    16443,
    33698,
    50082,
    67377,
    89387,
    100453,
    117057,
    133813,
    150604,
    167313,
    183637,
    200486,
    217238,
    234104,
    250726,
    267492,
    283663,
    300605,
    317637,
    334025,
    350831,
    367462,
    384163,
    400739,
    417709,
    434178,
    453871,
    467668,
    484417,
    501185,
    517315,
    534369,
    550674,
    567084,
    584430,
    601067,
    617996,
    634594,
    651418,
    667641,
    684683,
    701426,
    717939,
    734794,
    751473,
    767960,
    784095,
    800979,
    825043,
    836802,
    854567,
    870574,
    887411,
    902769,
    920439,
    937810,
    954744,
    969924,
    988070,
    1004316,
    1021550,
    1034434,
    1051883,
    1067909,
    1085282,
    1100932,
    1118594,
    1134726,
    1152198,
    1168301,
    1184436,
    1201546,
    1218690,
    1235172,
    1252272,
    1267854,
    1285508,
    1301040,
    1319053,
    1334984,
    1352222,
    1368011,
    1385679,
    1401937,
    1418744,
    1435838,
    1452435,
    1468995,
    1485531,
    1505369,
    1519098,
    1534772,
    1552506,
    1569645,
    1585875,
    1602588,
    1619390,
    1636022,
    1652666,
    1669397,
    1686136,
    1702364,
    1719484,
    1736103,
    1752787,
    1769139,
    1786131,
    1802390,
    1819560,
    1835900,
    1853027,
    1869735,
    1886206,
    1903080,
    1919429,
    1936419,
    1953075,
    1969470,
    1985760,
    2003964,
    2019332,
    2036546,
    2052863,
    2070145,
    2086758,
    2103452,
    2119100,
    2136739,
    2153472,
    2169667,
    2187173,
    2204425,
    2220208,
    2236791,
    2253732,
    2270375,
    2287174
  ],
  "average_vsync_transitions_missed": 1.0,
  "90th_percentile_vsync_transitions_missed": 1.0,
  "99th_percentile_vsync_transitions_missed": 1.0,
  "average_vsync_frame_lag": 0.0,
  "90th_percentile_vsync_frame_lag": 0.0,
  "99th_percentile_vsync_frame_lag": 0.0,
  "average_layer_cache_count": 0.0,
  "90th_percentile_layer_cache_count": 0.0,
  "99th_percentile_layer_cache_count": 0.0,
  "average_frame_request_pending_latency": 15823.928057553956,
  "90th_percentile_frame_request_pending_latency": 16746.0,
  "99th_percentile_frame_request_pending_latency": 17449.0,
  "worst_layer_cache_count": 0.0,
  "average_layer_cache_memory": 0.0,
  "90th_percentile_layer_cache_memory": 0.0,
  "99th_percentile_layer_cache_memory": 0.0,
  "worst_layer_cache_memory": 0.0,
  "average_picture_cache_count": 0.0,
  "90th_percentile_picture_cache_count": 0.0,
  "99th_percentile_picture_cache_count": 0.0,