{
  "average_frame_build_time_millis": 2.8676214285714288,
  "90th_percentile_frame_build_time_millis": 4.368,
  "99th_percentile_frame_build_time_millis": 7.832,
  "worst_frame_build_time_millis": 10.574,
  "missed_frame_build_budget_count": 0,
  "average_frame_rasterizer_time_millis": 5.140927536231884,
  "stddev_frame_rasterizer_time_millis": 1.104410207939508,
  "90th_percentile_frame_rasterizer_time_millis": 6.345,
  "99th_percentile_frame_rasterizer_time_millis": 6.766,
  "worst_frame_rasterizer_time_millis": 6.792,
  "missed_frame_rasterizer_budget_count": 0,
  "frame_count": 140,
  "frame_rasterizer_count": 138,
  "new_gen_gc_count": 2,
  "old_gen_gc_count": 0,
  "frame_build_times": [
    2363,
    2555,
    2426,
    2419,
    2763,
    2366,
    7832,
    2589,
    2647,
    2734,
    2929,
    2562,
    2482,
    2659,
    2775,
    2743,
    2878,
    2665,
    2573,
    2760,
    2691,
    2743,
    2928,
    2635,
    2540,
    2756,
    2658,
    2702,
    6535,
    2600,
    2704,
    2669,
    3608,
    2608,
    3116,
    2719,
    2649,
    2750,
    2758,
    2732,
    2850,
    2789,
    2731,
    2634,
    2744,
    2665,
    2558,
    2480,
    3399,
    888,
    10574,
    4046,
    5409,
    4473,
    5842,
    4445,
    5749,
    4312,
    5674,
    4897,
    6206,
    4414,
    5858,
    873,
    2905,
    979,
    2916,
    827,
    3047,
    940,
    4368,
    1227,
    2753,
    834,
    2735,
    866,
    2486,
    955,
    2841,
    899,
    2795,
    829,
    2483,
    959,
    740,
    2531,
    2674,
    3033,
    2435,
    2975,
    2473,
    6118,
    2292,
    2439,
    2622,
    2753,
    2534,
    2676,
    2521,
    2882,
    2506,
    2665,
    2478,
    2515,
    2445,
    2928,
    2889,
    2687,
    2798,
    2791,
    2459,
    2966,
    2534,
    2757,
    2823,
    2808,
    2489,
    2827,
    2846,
    2838,
    2736,
    2793,
    3665,
    2370,
    2487,
    2393,
    2474,
    2374,
    2357,
    2743,
    2397,
    2390,
    2443,
    2336,
    2372,
    2458,
    2460,
    2476,
    3218,
    803
  ],
  "frame_rasterizer_times": [
    3481,
    3635,
    3494,
    3466,
    3559,
    3727,
    3761,
    4021,
    3748,
    3190,
    3554,
    3638,
    4295,
    3945,
    3332,
    3022,
    3415,
    3451,
    3554,
    3990,
    4031,
    3028,
    3476,
    3515,
    3653,
    3368,
    3786,
    3263,
    3653,
    3480,
    3407,
    4175,
    3344,
    4022,
    3451,
    3429,
    3698,
    3634,
    3851,
    3178,
    4115,
    4035,
    3535,
    3313,
    4470,
    3300,
    3602,
    3917,
    3974,
    3932,
    4070,
    5832,
    6298,
    6077,
    6585,
    6062,
    6640,
    6426,
    5803,
    5713,
    6701,
    6513,
    5936,
    5952,
    5571,
    5852,
    5691,
    5722,
    5795,
    5716,
    5705,
    5937,
    5718,
    5712,
    5812,
    5701,
    5587,
    5704,
    5681,
    5833,
    5764,
    5929,
    5811,
    5730,
    5690,
    5693,
    6792,
    5998,
    5709,
    5758,
    6057,
    5902,
    6005,
    5936,
    5775,
    5704,
    5795,
    5918,
    5730,
    6027,
    5731,
    5716,
    5741,
    5665,
    5815,
    5935,
    5992,
    6514,
    5762,
    5872,
    6766,
    6344,
    5979,
    5998,
    6017,
    6345,
    6515,
    6338,
    6469,
    6141,
    6262,
    6349,
    6400,
    6344,
    6085,
    6316,
    6091,
    6409,
    6184,
    6226,
    6087,
    6083,
    6124,
    6167,
    6384,
    6103,
    6117,
    6081
  ],
  "frame_begin_times": [
    0,
    17021,
    33410,
    50163,
    66895,
    83558,
    100245,
    116934,
    133842,
    150281,
    166905,
    183710,
    200174,
    217104,
    233883,
    250364,
    266949,
    283769,
    300339,
    317212,
    334194,
    350501,
    367032,
    383771,
    400509,
    417662,
    433852,
    450586,
    467372,
    483306,
    500701,
    517380,
    534185,
    550740,
    567450,
    583083,
    600895,
    617604,
    634395,
    651204,
    667696,
    684268,
    701286,
    717607,
    734408,
    751362,
    766755,
    784357,
    801051,
    818009,
    834500,
    850629,
    867726,
    884442,
    901330,
    917930,
    934663,
    951337,
    968048,
    984523,
    1001314,
    1017945,
    1034744,
    1051661,
    1068107,
    1084713,
    1101614,
    1118155,
    1134907,
    1151535,
    1168257,
    1184790,
    1201727,
    1218195,
    1235161,
    1251727,
    1268323,
    1285130,
    1301741,
    1318411,
    1335075,
    1351888,
    1368554,
    1385204,
    1401936,
    1418625,
    1435429,
    1451988,
    1468680,
    1485510,
    1502073,
    1518697,
    1535611,
    1552087,
    1569074,
    1585548,
    1602161,
    1618837,
    1635681,
    1652230,
    1669156,
    1685585,
    1702418,
    1719068,
    1735808,
    1752497,
    1769246,
    1785958,
    1802427,
    1819092,
    1835830,
    1852485,
    1869234,
    1885949,
    1902510,
    1919366,
    1936055,
    1952822,
    1969282,
    1985957,
    2002663,
    2019599,
    2036622,
    2052762,
    2069486,
    2086063,
    2102844,
    2119595,
    2136528,
    2153998,
    2169714,
    2186352,
    2202954,
    2219891,
    2236414,
    2253298,
    2270630,
    2286545,
    2303172,
    2319897
  ],
  "frame_rasterizer_begin_times": [
    0,
    16321,
    33077,
    49900,
    66459,
    87795,
    99832,
    116755,
    133247,
    149890,
    166617,
    183089,
    200019,
    216834,
    233399,
    249947,
    266699,
    283273,
    300143,
    317155,
    333487,
    350037,
    366682,
    383465,
    400600,
    416784,
    433633,
    452835,
    466204,
    483643,
    500390,
    517122,
    533734,
    550378,
    566123,
    583848,
    600545,
    617466,
    634223,
    650676,
    667195,
    684239,
    700553,
    717461,
    734338,
    749737,
    767283,
    784051,
    800445,
    823797,
    835923,
    853324,
    869515,
    886915,
    903154,
    920260,
    936325,
    953376,
    969645,
    986877,
    1003072,
    1020096,
    1034103,
    1050959,
    1067108,
    1084532,
    1100514,
    1117980,
    1133951,
    1151364,
    1167198,
    1184621,
    1200626,
    1218185,
    1234155,
    1251188,
    1267534,
    1284641,
    1300833,
    1318096,
    1334289,
    1351436,
    1367621,
    1384587,
    1401575,
    1418354,
    1434877,
    1451556,
    1468502,
    1484933,
    1504115,
    1518496,
    1534960,
    1551937,
    1568426,
    1585035,
    1601773,
    1618545,
    1635114,
    1652057,
    1668470,
    1685358,
    1702051,
    1718699,
    1735414,
    1752185,
    1768817,
    1785527,
    1802160,
    1818779,
    1835390,
    1852168,
    1868895,
    1885558,
    1902395,
    1919004,
    1935772,
    1952233,
    1968883,
    1985703,
    2002552,
    2019871,
    2035746,
    2052399,
    2068979,
    2085855,
    2102534,
    2119449,
    2136941,
    2152636,
    2169255,
    2185950,
    2202797,
    2219320,
    2236210,
    2253678,
    2269560,
    2286223
  ],
  "average_vsync_transitions_missed": 0.0,
  "90th_percentile_vsync_transitions_missed": 0.0,
  "99th_percentile_vsync_transitions_missed": 0.0,
  "average_vsync_frame_lag": 0.0,
  "90th_percentile_vsync_frame_lag": 0.0,
  "99th_percentile_vsync_frame_lag": 0.0,
  "average_layer_cache_count": 0.0,
  "90th_percentile_layer_cache_count": 0.0,
  "99th_percentile_layer_cache_count": 0.0,
  "average_frame_request_pending_latency": 15941.06474820144,
  "90th_percentile_frame_request_pending_latency": 16602.0,
  "99th_percentile_frame_request_pending_latency": 17280.0,
  "worst_layer_cache_count": 0.0,
  "average_layer_cache_memory": 0.0,
  "90th_percentile_layer_cache_memory": 0.0,
  "99th_percentile_layer_cache_memory": 0.0,
  "worst_layer_cache_memory": 0.0,
  "average_picture_cache_count": 0.0,
  "90th_percentile_picture_cache_count": 0.0,
  "99th_percentile_picture_cache_count": 0.0,
  "worst_picture_cache_count": 0.0,