{
  "average_frame_build_time_millis": 3.824793650793652,
  "90th_percentile_frame_build_time_millis": 10.186,
  "99th_percentile_frame_build_time_millis": 27.267,
  "worst_frame_build_time_millis": 29.806,
  "missed_frame_build_budget_count": 11,
  "average_frame_rasterizer_time_millis": 20.223354838709678,
  "stddev_frame_rasterizer_time_millis": 6.62724314949705,
  "90th_percentile_frame_rasterizer_time_millis": 26.776,
  "99th_percentile_frame_rasterizer_time_millis": 38.133,
  "worst_frame_rasterizer_time_millis": 42.157,
  "missed_frame_rasterizer_budget_count": 125,
  "frame_count": 189,
  "frame_rasterizer_count": 186,
  "new_gen_gc_count": 10,
  "old_gen_gc_count": 2,
  "frame_build_times": [
    672,
    745,
    630,
    13199,
    13919,
    2216,
    1742,
    1548,
    1813,
    1845,
    1833,
    1462,
    2254,
    1633,
    2490,
    2047,
    2496,
    1627,
    2388,
    2125,
    2659,
    10219,
    1222,
    698,
    662,
    851,
    16909,
    7263,
    2053,
    1529,
    1732,
    2767,
    2268,
    1734,
    2558,
    2877,
    2443,
    1986,
    2065,
    10245,
    740,
    454,
    602,
    692,
    27267,
    13329,
    1649,
    1062,
    1566,
    1749,
    2219,
    2068,
    2322,
    3096,
    1862,
    1692,
    2440,
    2482,
    1526,
    1861,
    10741,
    1258,
    697,
    692,
    835,
    17020,
    7891,
    2168,
    1978,
    1835,
    2535,
    2530,
    2364,
    1691,
    2367,
    1918,
    1941,
    2054,
    10150,
    589,
    630,
    685,
    29321,
    19625,
    1890,
    1636,
    1590,
    2661,
    1747,
    2979,
    2723,
    3200,
    2684,
    2540,
    8996,
    1292,
    567,
    549,
    503,
    16414,
    9225,
    2518,
    1683,
    2000,
    2576,
    2224,
    2435,
    2664,
    2410,
    2415,
    2433,
    2547,
    10118,
    520,
    693,
    549,
    713,
    27134,
    13535,
    1772,
    2837,
    1620,
    1267,
    4320,
    3326,
    1405,
    1623,
    2000,
    2010,
    2926,
    2633,
    2032,
    1785,
    8934,
    1357,
    709,
    687,
    711,
    17006,
    7895,
    2280,
    1664,
    1832,
    2933,
    2690,
    2544,
    1732,
    2906,
    2490,
    1937,
    2453,
    6313,
    460,
    635,
    714,
    29806,
    21625,
    1891,
    1686,
    1552,
    2476,
    1953,
    2921,
    3004,
    2955,
    2746,
    2304,
    2354,
    11123,
    883,
    711,
    685,
    1280,
    16476,
    9206,
    2339,
    2060,
    1954,
    2545,
    1661,
    1899,
    2855,
    2453,
    1969,
    2528,
    10186,
    892,
    798,
    692
  ],
  "frame_rasterizer_times": [
    10103,
    5959,
    6670,
    16239,
    15070,
    16877,
    20364,
    20331,
    21830,
    23450,
    23745,
    24622,
    26776,
    25236,
    24885,
    24880,
    24428,
    24385,
    23887,
    26135,
    8333,
    9996,
    10187,
    10770,
    17208,
    12684,
    24929,
    24742,
    24359,
    23793,
    25490,
    25328,
    26054,
    24635,
    21090,
    17905,
    12643,
    23347,
    7729,
    10295,
    11756,
    10805,
    6761,
    6390,
    19271,
    22042,
    25749,
    24500,
    24703,
    28592,
    25255,
    25780,
    25851,
    24583,
    24698,
    24191,
    24854,
    23534,
    25582,
    9968,
    9569,
    8825,
    10656,
    14055,
    18541,
    25208,
    23282,
    25441,
    24680,
    24450,
    25453,
    26043,
    24516,
    21103,
    14959,
    12749,
    11179,
    10134,
    15064,
    10799,
    7308,
    9530,
    17349,
    29852,
    32813,
    36070,
    38133,
    42157,
    34416,
    30271,
    29329,
    26486,
    25223,
    10449,
    10298,
    10067,
    16282,
    17741,
    16777,
    24946,
    24798,
    24064,
    24604,
    24811,
    25140,
    25970,
    24290,
    21747,
    17746,
    12771,
    12226,
    10219,
    10245,
    11169,
    10619,
    6583,
    6138,
    20268,
    23260,
    22628,
    25551,
    28353,
    23973,
    25044,
    26253,
    25755,
    24689,
    24757,
    23862,
    25359,
    23508,
    25456,
    10041,
    10181,
    10935,
    10345,
    14144,
    18397,
    25858,
    24072,
    24374,
    24398,
    24810,
    25542,
    25793,
    24874,
    21391,
    14274,
    12876,
    11925,
    9868,
    15202,
    10609,
    7275,
    9433,
    15642,
    27084,
    33156,
    36870,
    38406,
    35356,
    32363,
    29211,
    28808,
    24651,
    23672,
    25555,
    9977,
    10054,
    16744,
    15579,
    18297,
    22234,
    24541,
    24925,
    24520,
    24089,
    25458,
    26080,
    26252,
    23337,
    20799,
    15493,
    10158,
    9626,
    9677
  ],
  "frame_begin_times": [
    0,
    16417,
    133984,
    149545,
    166075,
    182669,
    200374,
    217099,
    233392,
    250071,
    266378,
    283335,
    300176,
    333301,
    350191,
    383416,
    400042,
    433543,
    450328,
    483598,
    500570,
    533867,
    549852,
    584281,
    601451,
    617241,
    634872,
    667383,
    683739,
    700860,
    717629,
    750961,
    767183,
    801390,
    817477,
    851023,
    867958,
    901652,
    917781,
    933929,
    952056,
    967619,
    985016,
    1104459,
    1118778,
    1150646,
    1167292,
    1184927,
    1201736,
    1217927,
    1251779,
    1267859,
    1285674,
    1318110,
    1351684,
    1368469,
    1401812,
    1418626,
    1451786,
    1468502,
    1501797,
    1518161,
    1552743,
    1569198,
    1585947,
    1602069,
    1635701,
    1651809,
    1668982,
    1702176,
    1719036,
    1735725,
    1769363,
    1785637,
    1818998,
    1852227,
    1869115,
    1885726,
    1902602,
    1919220,
    1935721,
    2053671,
    2070720,
    2119633,
    2153243,
    2169213,
    2186319,
    2202855,
    2236096,
    2286412,
    2319820,
    2353095,
    2386960,
    2420218,
    2453631,
    2487099,
    2503412,
    2520129,
    2536438,
    2553697,
    2586971,
    2603333,
    2620149,
    2636961,
    2670268,
    2686512,
    2720537,
    2737260,
    2770639,
    2787403,
    2820492,
    2837208,
    2853532,
    2870660,
    2887026,
    2904265,
    3022414,
    3037997,
    3070099,
    3086922,
    3104236,
    3120945,
    3137098,
    3172510,
    3187169,
    3221287,
    3237350,
    3270945,
    3287661,
    3321218,
    3337803,
    3371099,
    3388076,
    3421261,
    3437892,
    3472094,
    3488460,
    3505290,
    3522402,
    3555154,
    3571168,
    3588125,
    3621913,
    3638281,
    3655275,
    3689252,
    3705247,
    3738363,
    3771968,
    3788574,
    3805371,
    3821730,
    3838767,
    3854634,
    3974034,
    3989342,
    4038871,
    4072368,
    4089570,
    4105714,
    4122511,
    4155715,
    4189476,
    4239253,
    4272633,
    4306162,
    4339326,
    4356545,
    4389383,
    4405969,
    4440340,
    4456233,
    4472649,
    4489592,
    4522396,
    4538838,
    4556094,
    4591059,
    4606361,
    4639766,
    4656334,
    4689385,
    4706662,
    4739849,
    4756864,
    4789789,
    4807075,
    4823290,
    4942300
  ],