{
  "average_frame_build_time_millis": 3.5334893617021272,
  "90th_percentile_frame_build_time_millis": 9.988,
  "99th_percentile_frame_build_time_millis": 23.574,
  "worst_frame_build_time_millis": 29.666,
  "missed_frame_build_budget_count": 5,
  "average_frame_rasterizer_time_millis": 20.035698924731186,
  "stddev_frame_rasterizer_time_millis": 6.388299109723666,
  "90th_percentile_frame_rasterizer_time_millis": 27.389,
  "99th_percentile_frame_rasterizer_time_millis": 36.071,
  "worst_frame_rasterizer_time_millis": 38.202,
  "missed_frame_rasterizer_budget_count": 122,
  "frame_count": 188,
  "frame_rasterizer_count": 186,
  "new_gen_gc_count": 14,
  "old_gen_gc_count": 2,
  "frame_build_times": [
    14798,
    1731,
    1978,
    1944,
    1602,
    1649,
    2365,
    3189,
    2414,
    2320,
    2647,
    1728,
    1776,
    10412,
    1222,
    737,
    720,
    685,
    16012,
    8764,
    2125,
    1986,
    1634,
    2392,
    2258,
    1554,
    1492,
    2154,
    2373,
    1436,
    1695,
    11981,
    760,
    497,
    644,
    989,
    23574,
    12469,
    1681,
    1250,
    1681,
    2128,
    2980,
    1498,
    1875,
    1495,
    1991,
    2109,
    1901,
    1952,
    2619,
    2424,
    2615,
    8503,
    1357,
    464,
    562,
    15656,
    15442,
    1691,
    1274,
    1098,
    1523,
    1804,
    1771,
    2161,
    1994,
    2436,
    2281,
    2216,
    9988,
    818,
    797,
    612,
    29666,
    20095,
    1786,
    1776,
    1648,
    2614,
    2632,
    2780,
    2978,
    3057,
    2851,
    2582,
    2459,
    11702,
    1269,
    759,
    661,
    667,
    1384,
    15649,
    7678,
    2093,
    1458,
    2379,
    2041,
    3056,
    2140,
    2315,
    2560,
    1880,
    1910,
    2379,
    9014,
    618,
    651,
    571,
    935,
    29133,
    14189,
    1438,
    1119,
    1700,
    1787,
    2381,
    2489,
    1977,
    1774,
    1909,
    1838,
    1703,
    1877,
    1913,
    2609,
    8527,
    1106,
    727,
    699,
    670,
    15937,
    7071,
    1967,
    1598,
    1452,
    2555,
    2199,
    2304,
    2454,
    1995,
    2425,
    1675,
    1854,
    9733,
    701,
    654,
    556,
    415,
    15608,
    9269,
    1350,
    1612,
    845,
    1123,
    1207,
    1031,
    1458,
    1633,
    2327,
    1901,
    1544,
    1906,
    1784,
    1635,
    10287,
    1583,
    724,
    642,
    13681,
    8333,
    2066,
    1530,
    1751,
    2588,
    2441,
    1190,
    1941,
    1866,
    2544,
    1666,
    1488,
    2418,
    10340,
    630,
    691,
    507
  ],
  "frame_rasterizer_times": [
    8567,
    16566,
    28714,
    32089,
    36071,
    31872,
    32864,
    29251,
    27938,
    24276,
    23705,
    24737,
    23990,
    9987,
    9933,
    9918,
    9979,
    17107,
    15882,
    24509,
    24303,
    23913,
    23592,
    24305,
    25427,
    25692,
    24246,
    20647,
    17477,
    12365,
    11174,
    11307,
    9641,
    13532,
    11371,
    6563,
    6145,
    18440,
    22742,
    27389,
    20863,
    26632,
    27401,
    23831,
    26289,
    25394,
    24202,
    23677,
    24574,
    24357,
    23869,
    24529,
    27152,
    10324,
    13302,
    11025,
    13416,
    6536,
    12535,
    20233,
    25247,
    24370,
    24142,
    24032,
    26629,
    24413,
    21037,
    17325,
    12307,
    13337,
    13247,
    14859,
    10409,
    8607,
    11468,
    15665,
    28065,
    32455,
    36262,
    38202,
    34210,
    30923,
    28000,
    25105,
    24259,
    24613,
    24052,
    10566,
    9632,
    14989,
    13855,
    14516,
    18217,
    10189,
    23597,
    23995,
    23905,
    24099,
    24259,
    24519,
    25304,
    24277,
    23267,
    16376,
    14327,
    10515,
    12337,
    10180,
    12509,
    10447,
    7021,
    7007,
    20589,
    22442,
    24687,
    23507,
    26179,
    28027,
    28996,
    26121,
    24972,
    24600,
    23572,
    23911,
    23836,
    24902,
    24048,
    10348,
    10362,
    13896,
    12903,
    17063,
    17443,
    20325,
    24415,
    23903,
    23823,
    24453,
    25431,
    25078,
    24090,
    19960,
    18287,
    13605,
    10521,
    9239,
    9714,
    10527,
    6193,
    3788,
    4694,
    14386,
    17773,
    24562,
    28241,
    25451,
    25683,
    25678,
    26395,
    25599,
    25610,
    24662,
    25405,
    26137,
    23858,
    25591,
    10008,
    10185,
    7178,
    15495,
    14284,
    25333,
    23900,
    24625,
    24627,
    24408,
    24528,
    26871,
    25985,
    22747,
    21687,
    14414,
    14573,
    15602,
    15871,
    17326
  ],
  "frame_begin_times": [
    0,
    33177,
    49931,
    66080,
    83009,
    99628,
    132561,
    166449,
    200055,
    232912,
    266717,
    299884,
    316633,
    349828,
    366804,
    400683,
    417791,
    434038,
    450932,
    483817,
    499875,
    516984,
    533657,
    567573,
    583272,
    617369,
    633616,
    666708,
    684070,
    717022,
    733941,
    750802,
    766812,
    784320,
    801012,
    919367,
    934730,
    967519,
    983258,
    1000976,
    1017868,
    1033714,
    1067082,
    1083899,
    1101406,
    1134664,
    1167712,
    1184137,
    1217919,
    1234503,
    1268028,
    1284817,
    1301714,
    1334860,
    1351256,
    1384201,
    1400951,
    1418973,
    1451243,
    1485184,
    1501190,
    1518281,
    1534950,
    1551162,
    1584927,
    1601180,
    1635768,
    1651830,
    1685298,
    1701495,
    1718425,
    1735353,
    1751564,
    1869487,
    1886532,
    1935757,
    1968663,
    1984814,
    2002499,
    2018724,
    2052344,
    2085729,
    2136058,
    2169445,
    2202786,
    2219169,
    2252784,
    2269595,
    2303346,
    2318757,
    2336097,
    2352846,
    2369081,
    2386722,
    2419186,
    2436159,
    2453193,
    2469891,
    2485889,
    2519851,
    2536192,
    2569950,
    2586603,
    2619889,
    2636674,
    2670440,
    2687399,
    2702683,
    2720370,
    2737131,
    2854901,
    2870829,
    2903246,
    2919392,
    2937238,
    2953577,
    2971473,
    3004022,
    3021207,
    3053748,
    3070643,
    3103861,
    3137168,
    3153949,
    3187205,
    3203977,
    3221347,
    3254116,
    3270295,
    3304135,
    3321219,
    3337145,
    3354894,
    3387845,
    3403936,
    3421109,
    3437179,
    3470952,
    3487254,
    3505175,
    3537848,
    3571097,
    3588139,
    3605490,
    3638294,
    3655190,
    3672042,
    3688771,
    3705011,
    3821653,
    3839050,
    3871317,
    3887548,
    3904610,
    3920783,
    3937508,
    3954196,
    3987991,
    4005178,
    4038141,
    4055243,
    4088780,
    4121993,
    4138444,
    4171944,
    4188652,
    4221809,
    4238379,
    4272690,
    4289381,
    4305049,
    4322136,
    4338737,
    4356011,
    4372183,
    4405607,
    4422824,
    4456598,
    4472323,
    4505717,
    4522924,
    4556019,
    4572519,
    4589434,
    4607396,
    4622983,
    4639818,
    4756376
  ],