{
  "average_frame_build_time_millis": 4.135538888888889,
  "90th_percentile_frame_build_time_millis": 11.32,
  "99th_percentile_frame_build_time_millis": 30.369,
  "worst_frame_build_time_millis": 30.677,
  "missed_frame_build_budget_count": 10,
  "average_frame_rasterizer_time_millis": 21.295307262569832,
  "stddev_frame_rasterizer_time_millis": 7.354189569613934,
  "90th_percentile_frame_rasterizer_time_millis": 32.489,
  "99th_percentile_frame_rasterizer_time_millis": 38.744,
  "worst_frame_rasterizer_time_millis": 41.699,
  "missed_frame_rasterizer_budget_count": 117,
  "frame_count": 180,
  "frame_rasterizer_count": 179,
  "new_gen_gc_count": 12,
  "old_gen_gc_count": 2,
  "frame_build_times": [
    10078,
    684,
    561,
    723,
    30677,
    22531,
    1904,
    1651,
    1283,
    2402,
    1722,
    2898,
    3054,
    2921,
    2651,
    2319,
    2613,
    12080,
    1187,
    540,
    712,
    17656,
    8326,
    1930,
    1822,
    1872,
    2944,
    1993,
    2385,
    2315,
    1995,
    1815,
    1755,
    2021,
    7440,
    518,
    408,
    699,
    28794,
    15039,
    3435,
    2528,
    2014,
    1641,
    2989,
    2066,
    1984,
    2512,
    2490,
    2101,
    2472,
    2675,
    7349,
    1168,
    655,
    840,
    17410,
    7557,
    1871,
    1909,
    2017,
    2011,
    2114,
    2629,
    2396,
    1623,
    2090,
    2078,
    2309,
    8941,
    497,
    631,
    763,
    30369,
    22761,
    1977,
    1828,
    1371,
    2362,
    1654,
    2811,
    3263,
    3232,
    3749,
    2340,
    2820,
    12276,
    1241,
    514,
    661,
    14124,
    7495,
    2547,
    2441,
    1716,
    2966,
    2277,
    2009,
    2155,
    1979,
    1897,
    1767,
    2010,
    11320,
    539,
    597,
    577,
    830,
    28759,
    14558,
    1357,
    1183,
    1690,
    1923,
    2332,
    1770,
    2974,
    1659,
    2496,
    2128,
    2058,
    1496,
    1819,
    11250,
    902,
    508,
    585,
    14271,
    8481,
    2586,
    1947,
    1699,
    2311,
    1787,
    2052,
    2034,
    2485,
    1715,
    2332,
    10499,
    864,
    835,
    754,
    30542,
    20180,
    1908,
    1454,
    1458,
    2405,
    1644,
    3052,
    2814,
    2936,
    2858,
    2569,
    12187,
    920,
    513,
    515,
    1250,
    700,
    705,
    14380,
    8389,
    2413,
    1685,
    1775,
    2576,
    1766,
    1893,
    2260,
    2085,
    1612,
    1642,
    2643,
    8797,
    609,
    663,
    670,
    672
  ],
  "frame_rasterizer_times": [
    10464,
    8441,
    8281,
    11351,
    7561,
    10120,
    15921,
    29425,
    33330,
    36492,
    38744,
    35708,
    32489,
    29571,
    29098,
    24845,
    25185,
    24325,
    12439,
    10873,
    16628,
    19316,
    13900,
    25545,
    24846,
    24374,
    24544,
    24857,
    25658,
    26071,
    24992,
    21403,
    34690,
    17678,
    17610,
    8750,
    18446,
    11207,
    6267,
    6516,
    14469,
    23962,
    28376,
    32766,
    36748,
    34132,
    34095,
    31415,
    28815,
    24511,
    23620,
    28178,
    22067,
    9027,
    11775,
    11188,
    15588,
    16733,
    25343,
    24544,
    24611,
    24600,
    24746,
    25479,
    26455,
    24970,
    20965,
    18425,
    12189,
    12271,
    9442,
    15343,
    11308,
    8119,
    10692,
    16150,
    29656,
    33142,
    36708,
    38858,
    36364,
    31865,
    30238,
    28727,
    24506,
    25045,
    24627,
    9181,
    11006,
    15905,
    11019,
    15880,
    25208,
    24681,
    24571,
    24606,
    24968,
    25638,
    26421,
    24875,
    21228,
    17765,
    13385,
    12214,
    9498,
    11423,
    12216,
    11342,
    6986,
    10332,
    20609,
    22199,
    25198,
    28890,
    29891,
    30275,
    30122,
    31882,
    24952,
    24492,
    24810,
    24013,
    25958,
    24164,
    12275,
    9225,
    11164,
    13797,
    19249,
    24756,
    25300,
    24598,
    24487,
    24566,
    27226,
    26890,
    23535,
    22442,
    13272,
    10676,
    11047,
    9542,
    11537,
    7032,
    9561,
    14499,
    27979,
    33030,
    36764,
    38240,
    41699,
    35369,
    31179,
    29269,
    26353,
    25309,
    10948,
    10845,
    12798,
    16534,
    15981,
    11688,
    17595,
    14015,
    25995,
    24103,
    24763,
    25126,
    24635,
    25118,
    26344,
    26526,
    24250,
    16099,
    13520,
    11025,
    13248,
    15410,
    14810
  ],
  "frame_begin_times": [
    0,
    16076,
    33423,
    151556,
    167151,
    216471,
    250034,
    266244,
    283235,
    300105,
    333167,
    383240,
    416694,
    449987,
    483647,
    516738,
    533901,
    567591,
    584030,
    616418,
    633780,
    650369,
    684098,
    700064,
    717145,
    733749,
    767130,
    783400,
    817098,
    833983,
    867274,
    883360,
    917072,
    934169,
    966720,
    983932,
    1000225,
    1119252,
    1134866,
    1167991,
    1201479,
    1217635,
    1234351,
    1250943,
    1284483,
    1317862,
    1351355,
    1384762,
    1418369,
    1451662,
    1484961,
    1501715,
    1535157,
    1551353,
    1584847,
    1602093,
    1618881,
    1651919,
    1667980,
    1685176,
    1707319,
    1735227,
    1751356,
    1785324,
    1801536,
    1835293,
    1852145,
    1885416,
    1902149,
    1918963,
    1935565,
    1952569,
    2070548,
    2086581,
    2135807,
    2168972,
    2185428,
    2202821,
    2219448,
    2252448,
    2302907,
    2336197,
    2369584,
    2403007,
    2436225,
    2453634,
    2486932,
    2520343,
    2536248,
    2553245,
    2570009,
    2603366,
    2619609,
    2636717,
    2652700,
    2686808,
    2703197,
    2736825,
    2752943,
    2786768,
    2803509,
    2836687,
    2853535,
    2869783,
    2887041,
    2903504,
    2920587,
    3038591,
    3054537,
    3086964,
    3102948,
    3120732,
    3137121,
    3153849,
    3186784,
    3220937,
    3237518,
    3270834,
    3304409,
    3337403,
    3370933,
    3387687,
    3421077,
    3437598,
    3471602,
    3487197,
    3504701,
    3521719,
    3554748,
    3571038,
    3588022,
    3621420,
    3637377,
    3671196,
    3688115,
    3721433,
    3738368,
    3771561,
    3788354,
    3822023,
    3837813,
    3854934,
    3972387,
    3988864,
    4038642,
    4072095,
    4088177,
    4105355,
    4122033,
    4155134,
    4188535,
    4238812,
    4272320,
    4305586,
    4339033,
    4372423,
    4405857,
    4422507,
    4439679,
    4455692,
    4472345,
    4489151,
    4505751,
    4522813,
    4538694,
    4555451,
    4572855,
    4605932,
    4622741,
    4656096,
    4672140,
    4706297,
    4739547,
    4756025,
    4789224,
    4805686,
    4823404,
    4840104,
    4856401,
    4974345
  ],