{
  "average_frame_build_time_millis": 1.2222567049808433,
  "90th_percentile_frame_build_time_millis": 1.334,
  "99th_percentile_frame_build_time_millis": 6.819,
  "worst_frame_build_time_millis": 9.346,
  "missed_frame_build_budget_count": 0,
  "average_frame_rasterizer_time_millis": 12.637146153846146,
  "stddev_frame_rasterizer_time_millis": 1.922881656804735,
  "90th_percentile_frame_rasterizer_time_millis": 15.021,
  "99th_percentile_frame_rasterizer_time_millis": 18.204,
  "worst_frame_rasterizer_time_millis": 24.239,
  "missed_frame_rasterizer_budget_count": 12,
  "frame_count": 261,
  "frame_rasterizer_count": 260,
  "new_gen_gc_count": 2,
  "old_gen_gc_count": 0,
  "frame_build_times": [
    1224,
    1256,
    1286,
    1335,
    1283,
    1170,
    1612,
    1242,
    1102,
    1141,
    1112,
    1146,
    1129,
    1254,
    1236,
    1357,
    1140,
    1386,
    1176,
    1234,
    776,
    733,
    704,
    767,
    728,
    542,
    675,
    9213,
    1068,
    837,
    791,
    1297,
    1107,
    1139,
    1182,
    870,
    1110,
    1210,
    1176,
    1236,
    792,
    1014,
    836,
    1240,
    674,
    1187,
    724,
    1293,
    1002,
    1210,
    657,
    1180,
    644,
    1329,
    649,
    1257,
    668,
    1291,
    961,
    1154,
    725,
    6819,
    1138,
    1076,
    1118,
    1068,
    1124,
    1226,
    1088,
    1056,
    1153,
    1085,
    1248,
    1127,
    1191,
    1274,
    1070,
    1182,
    1120,
    1095,
    1190,
    1227,
    1232,
    1001,
    1046,
    1244,
    1143,
    1228,
    1105,
    1209,
    1299,
    1163,
    1295,
    1272,
    1274,
    1104,
    1138,
    1278,
    722,
    798,
    899,
    740,
    714,
    949,
    633,
    9346,
    1044,
    944,
    996,
    1139,
    1051,
    1095,
    1201,
    1166,
    1064,
    1298,
    1150,
    2005,
    728,
    932,
    670,
    1195,
    853,
    1334,
    711,
    1096,
    695,
    1293,
    722,
    1189,
    694,
    1062,
    595,
    1168,
    707,
    1300,
    616,
    1169,
    713,
    6557,
    1160,
    1058,
    1107,
    1107,
    1105,
    1371,
    1154,
    1038,
    1209,
    1131,
    1418,
    1124,
    932,
    1215,
    1278,
    1237,
    1169,
    1421,
    1228,
    1104,
    1291,
    1326,
    1962,
    1395,
    1220,
    1091,
    1160,
    1183,
    1395,
    1447,
    1141,
    1258,
    1120,
    1339,
    952,
    1125,
    731,
    699,
    730,
    784,
    697,
    784,
    465,
    4045,
    672,
    719,
    1142,
    1080,
    1270,
    1371,
    989,
    1269,
    1264,
    1258,
    1088,
    1199,
    662,
    1289,
    823,
    1192,
    748,
    1178,
    985,
    1283,
    737,
    1187,
    747,
    1143,
    833,
    1169,
    753,
    1180,
    824,
    1452,
    721,
    1209,
    673,
    6995,
    1167,
    1161,
    1500,
    1178,
    1105,
    1109,
    1081,
    1158,
    1097,
    1148,
    1132,
    1185,
    1128,
    1295,
    1334,
    1190,
    1423,
    1200,
    1204,
    1247,
    1273,
    1023,
    1176,
    1155,
    1156,
    1306,
    1280,
    1120,
    1204,
    1177,
    1243,
    1549,
    1365,
    1087,
    1191,
    1099,
    768,
    815,
    866,
    718,
    793,
    862,
    603
  ],
  "frame_rasterizer_times": [
    11903,
    13803,
    13551,
    13720,
    14541,
    14102,
    13419,
    14009,
    14093,
    13927,
    15111,
    15178,
    14164,
    14147,
    14364,
    14008,
    14803,
    13447,
    15152,
    15135,
    14429,
    14528,
    15102,
    14514,
    14372,
    6013,
    11157,
    24239,
    16781,
    17601,
    18204,
    15646,
    14061,
    13271,
    12744,
    12157,
    9727,
    13607,
    13722,
    12788,
    14407,
    12137,
    13441,
    13109,
    13093,
    13097,
    14439,
    13498,
    14581,
    13610,
    12657,
    13275,
    12719,
    13429,
    13452,
    14105,
    12992,
    13095,
    12820,
    12637,
    14332,
    13318,
    14758,
    13486,
    13484,
    13262,
    12477,
    13589,
    13630,
    14185,
    13323,
    14158,
    11583,
    13768,
    12394,
    13367,
    14265,
    12354,
    13479,
    12780,
    14969,
    14022,
    13489,
    13538,
    14658,
    14201,
    14454,
    13081,
    14291,
    13236,
    13212,
    13130,
    14465,
    12396,
    14113,
    13766,
    13388,
    14637,
    14183,
    14117,
    15228,
    15504,
    15023,
    10364,
    10243,
    19850,
    16401,
    17084,
    16350,
    14379,
    13436,
    13286,
    12170,
    11904,
    13196,
    14062,
    12874,
    13080,
    13326,
    9646,
    13262,
    13353,
    12914,
    13545,
    13450,
    14328,
    13616,
    12782,
    13127,
    13560,
    12755,
    12905,
    13970,
    13538,
    13037,
    13673,
    14054,
    13612,
    12987,
    13908,
    12432,
    13569,
    14454,
    13975,
    13093,
    11979,
    13509,
    13520,
    21734,
    9753,
    11122,
    9690,
    10158,
    15159,
    15118,
    15160,
    14367,
    13076,
    13566,
    12533,
    13742,
    13922,
    13804,
    14493,
    13560,
    14975,
    14483,
    14480,
    13486,
    13471,
    14887,
    14073,
    13353,
    12449,
    12347,
    14885,
    15021,
    15273,
    15353,
    13336,
    12576,
    10513,
    7046,
    13946,
    14382,
    17706,
    16141,
    16089,
    13066,
    12204,
    10121,
    9271,
    9413,
    9171,
    9771,
    10219,
    9375,
    9583,
    9837,
    10240,
    10269,
    9457,
    9959,
    9925,
    10037,
    9498,
    9570,
    9486,
    9448,
    9290,
    9466,
    9187,
    9701,
    9393,
    9545,
    9441,
    11145,
    9880,
    9610,
    9375,
    10372,
    9296,
    9324,
    9380,
    9540,
    9440,
    9310,
    9283,
    9168,
    9654,
    9746,
    9437,
    9668,
    9401,
    11220,
    9414,
    9726,
    9507,
    11087,
    8839,
    9382,
    9490,
    9772,
    9595,
    10269,
    9526,
    9538,
    9557,
    9489,
    9390,
    9899,
    9335,
    9450,
    9316,
    10264,
    10009,
    10651,
    9700,
    9409,
    10140
  ],