{
  "average_frame_build_time_millis": 1.2253538461538453,
  "90th_percentile_frame_build_time_millis": 1.377,
  "99th_percentile_frame_build_time_millis": 6.508,
  "worst_frame_build_time_millis": 11.123,
  "missed_frame_build_budget_count": 0,
  "average_frame_rasterizer_time_millis": 14.699577519379856,
  "stddev_frame_rasterizer_time_millis": 1.7525804639144273,
  "90th_percentile_frame_rasterizer_time_millis": 16.81,
  "99th_percentile_frame_rasterizer_time_millis": 18.414,
  "worst_frame_rasterizer_time_millis": 23.811,
  "missed_frame_rasterizer_budget_count": 87,
  "frame_count": 260,
  "frame_rasterizer_count": 258,
  "new_gen_gc_count": 2,
  "old_gen_gc_count": 0,
  "frame_build_times": [
    1096,
    1203,
    1458,
    1082,
    1052,
    1277,
    1000,
    1366,
    1186,
    1287,
    1122,
    1024,
    1382,
    1504,
    1377,
    897,
    1227,
    1097,
    1111,
    876,
    1768,
    578,
    538,
    780,
    780,
    754,
    8764,
    991,
    1047,
    1075,
    1595,
    1134,
    1293,
    1218,
    1011,
    982,
    1348,
    992,
    868,
    777,
    1136,
    669,
    1607,
    860,
    1011,
    618,
    1114,
    768,
    1575,
    639,
    1312,
    478,
    912,
    711,
    1417,
    689,
    1259,
    980,
    1137,
    677,
    6508,
    1125,
    1225,
    992,
    917,
    1124,
    1124,
    1264,
    1293,
    878,
    973,
    1057,
    1252,
    1343,
    1220,
    1244,
    1604,
    950,
    1087,
    1122,
    1305,
    1234,
    1058,
    1132,
    1172,
    977,
    1271,
    1104,
    1094,
    1523,
    1210,
    1235,
    1137,
    1374,
    1024,
    942,
    1126,
    577,
    668,
    635,
    821,
    686,
    898,
    595,
    10574,
    1495,
    1014,
    1117,
    903,
    1028,
    1370,
    1184,
    1269,
    1108,
    1197,
    1137,
    1165,
    764,
    1105,
    716,
    1091,
    749,
    1344,
    750,
    1251,
    680,
    1063,
    787,
    1231,
    667,
    1156,
    682,
    1170,
    695,
    1116,
    989,
    1343,
    772,
    4371,
    1128,
    1251,
    1237,
    1009,
    1206,
    1184,
    1027,
    933,
    1358,
    1096,
    1489,
    1118,
    1299,
    1492,
    1096,
    1081,
    1250,
    1165,
    1308,
    1211,
    950,
    1154,
    1026,
    1073,
    1370,
    1459,
    1146,
    1296,
    900,
    1000,
    1280,
    1326,
    1072,
    1250,
    927,
    997,
    762,
    793,
    570,
    586,
    685,
    861,
    781,
    11123,
    1444,
    1139,
    1085,
    1262,
    1329,
    1500,
    1140,
    1235,
    1215,
    1301,
    1099,
    1325,
    661,
    897,
    704,
    1205,
    660,
    1160,
    494,
    1276,
    818,
    1211,
    670,
    1164,
    632,
    1146,
    709,
    1263,
    864,
    1265,
    508,
    1117,
    780,
    5467,
    1084,
    1225,
    870,
    1109,
    1103,
    1167,
    945,
    1295,
    1224,
    1291,
    1057,
    1108,
    1063,
    1222,
    1122,
    1248,
    1111,
    1012,
    1129,
    1050,
    1085,
    1237,
    1438,
    875,
    1006,
    1315,
    1017,
    1424,
    1277,
    1246,
    1202,
    898,
    1523,
    1607,
    1049,
    1085,
    884,
    819,
    836,
    599,
    702,
    743,
    581
  ],
  "frame_rasterizer_times": [
    15694,
    16497,
    16748,
    16308,
    16728,
    16080,
    16653,
    16239,
    12153,
    11307,
    13373,
    14990,
    16548,
    16733,
    14855,
    13449,
    14495,
    15970,
    15185,
    17225,
    16461,
    14978,
    15031,
    12513,
    13475,
    22401,
    17857,
    16852,
    17585,
    15825,
    13998,
    13148,
    13253,
    11572,
    12172,
    16430,
    15888,
    13710,
    15174,
    13490,
    11903,
    13440,
    10059,
    13065,
    13364,
    13861,
    16023,
    15482,
    15541,
    17140,
    11742,
    10535,
    13049,
    15686,
    16107,
    16059,
    12938,
    11387,
    12672,
    13041,
    16379,
    16246,
    12699,
    10211,
    11174,
    15850,
    17365,
    16196,
    12014,
    11271,
    12720,
    15489,
    16671,
    16378,
    16248,
    13068,
    10978,
    14025,
    15909,
    16115,
    12810,
    11517,
    13488,
    16376,
    15633,
    13242,
    13523,
    15486,
    14487,
    15195,
    16775,
    14853,
    11586,
    10541,
    12658,
    16837,
    16102,
    16372,
    12494,
    12348,
    13948,
    12493,
    12059,
    23811,
    17123,
    17550,
    17825,
    15330,
    14010,
    12741,
    12790,
    12973,
    13653,
    13564,
    13272,
    16953,
    11804,
    12027,
    13173,
    13262,
    16375,
    16160,
    15999,
    15890,
    16323,
    12104,
    13282,
    13250,
    11883,
    11607,
    13329,
    13959,
    14147,
    16269,
    16099,
    16615,
    14049,
    11220,
    12928,
    15254,
    13625,
    15180,
    15324,
    15965,
    16847,
    15614,
    14059,
    15934,
    15657,
    13233,
    12595,
    17115,
    13247,
    16139,
    16560,
    16567,
    16706,
    11443,
    14037,
    14720,
    14001,
    13776,
    16689,
    13004,
    16140,
    12713,
    12513,
    12438,
    15923,
    16365,
    15608,
    16810,
    16153,
    16377,
    15637,
    16956,
    16251,
    12615,
    11875,
    12578,
    11884,
    23106,
    17233,
    17852,
    17099,
    16455,
    13415,
    13313,
    12182,
    12651,
    13658,
    12790,
    15401,
    15251,
    10843,
    11744,
    13236,
    13435,
    13324,
    18414,
    14367,
    16498,
    13924,
    11382,
    12277,
    15977,
    13755,
    15107,
    13025,
    14682,
    15675,
    16494,
    12916,
    14715,
    13372,
    13260,
    16830,
    11055,
    13203,
    12915,
    15148,
    16514,
    16183,
    16219,
    15497,
    14532,
    15989,
    15917,
    16630,
    16462,
    15324,
    14457,
    14395,
    13403,
    13188,
    15965,
    15467,
    16125,
    16829,
    16226,
    15676,
    16306,
    16087,
    16158,
    16280,
    16076,
    16871,
    16036,
    15851,
    11821,
    16579,
    15748,
    16701,
    16157,
    17278,
    14018,
    17258,
    12847
  ],