{
  "average_frame_build_time_millis": 1.2619147286821712,
  "90th_percentile_frame_build_time_millis": 1.445,
  "99th_percentile_frame_build_time_millis": 6.871,
  "worst_frame_build_time_millis": 11.411,
  "missed_frame_build_budget_count": 0,
  "average_frame_rasterizer_time_millis": 14.801724806201543,
  "stddev_frame_rasterizer_time_millis": 1.6562192175950974,
  "90th_percentile_frame_rasterizer_time_millis": 16.692,
  "99th_percentile_frame_rasterizer_time_millis": 18.943,
  "worst_frame_rasterizer_time_millis": 23.328,
  "missed_frame_rasterizer_budget_count": 85,
  "frame_count": 258,
  "frame_rasterizer_count": 258,
  "new_gen_gc_count": 2,
  "old_gen_gc_count": 0,
  "frame_build_times": [
    1136,
    854,
    1433,
    1096,
    1085,
    1090,
    1233,
    1107,
    1319,
    1672,
    1279,
    962,
    979,
    931,
    1187,
    1489,
    1213,
    630,
    666,
    693,
    611,
    879,
    2131,
    551,
    11411,
    1931,
    1243,
    1063,
    903,
    1227,
    1457,
    1206,
    1784,
    954,
    974,
    1165,
    1354,
    684,
    1380,
    706,
    1069,
    673,
    1216,
    714,
    1248,
    633,
    1331,
    660,
    1502,
    1116,
    1293,
    751,
    1010,
    772,
    1254,
    789,
    1300,
    937,
    4684,
    1009,
    1090,
    1546,
    1292,
    1211,
    1049,
    1064,
    1170,
    1240,
    1242,
    1454,
    1674,
    1101,
    1193,
    1345,
    1397,
    936,
    1167,
    1520,
    1346,
    1357,
    1300,
    1030,
    1247,
    1257,
    1550,
    1291,
    1144,
    1359,
    1177,
    1291,
    1429,
    1230,
    991,
    1026,
    971,
    593,
    790,
    825,
    898,
    744,
    760,
    570,
    10052,
    1728,
    1159,
    1160,
    1468,
    1074,
    1332,
    936,
    1259,
    1189,
    1019,
    1126,
    1221,
    593,
    1391,
    633,
    1226,
    613,
    1082,
    648,
    1221,
    665,
    1202,
    640,
    1189,
    840,
    1249,
    723,
    1042,
    585,
    1148,
    797,
    1250,
    667,
    6813,
    1181,
    1217,
    1255,
    1441,
    1309,
    1263,
    1101,
    1142,
    1082,
    1132,
    1246,
    1392,
    946,
    1091,
    1546,
    852,
    1514,
    1381,
    1037,
    1097,
    1281,
    1112,
    1375,
    1400,
    1276,
    1082,
    1186,
    1186,
    1442,
    1445,
    938,
    824,
    1366,
    1365,
    1264,
    1158,
    528,
    611,
    725,
    718,
    641,
    771,
    542,
    10306,
    2019,
    1120,
    852,
    1287,
    1256,
    1230,
    1221,
    1142,
    964,
    1162,
    763,
    927,
    850,
    1120,
    509,
    928,
    577,
    1338,
    985,
    1171,
    639,
    1045,
    689,
    1343,
    992,
    1260,
    595,
    1357,
    739,
    1074,
    756,
    1102,
    488,
    6871,
    1231,
    1127,
    1154,
    1689,
    1300,
    1420,
    885,
    988,
    1305,
    1185,
    1124,
    1263,
    1566,
    959,
    1284,
    1090,
    1239,
    1132,
    1237,
    903,
    1171,
    969,
    1029,
    1045,
    1024,
    976,
    1027,
    964,
    1273,
    1110,
    1244,
    1077,
    1495,
    1129,
    1152,
    1159,
    661,
    873,
    739,
    772,
    663,
    713,
    654
  ],
  "frame_rasterizer_times": [
    14591,
    16519,
    14512,
    12267,
    12541,
    14862,
    16096,
    16472,
    16501,
    16263,
    16232,
    12477,
    12904,
    16180,
    16472,
    16201,
    15857,
    16430,
    16533,
    15433,
    16600,
    16111,
    16403,
    12285,
    11613,
    21972,
    17488,
    17587,
    17153,
    16404,
    12761,
    13320,
    13907,
    11619,
    10814,
    10584,
    15117,
    15120,
    12862,
    16368,
    13541,
    11650,
    13433,
    16224,
    12839,
    15108,
    15832,
    15399,
    15384,
    15488,
    15119,
    15915,
    13596,
    10685,
    12948,
    15127,
    15508,
    15707,
    13244,
    10615,
    12668,
    16012,
    15518,
    15885,
    12898,
    11963,
    12025,
    12803,
    16408,
    16508,
    15870,
    14717,
    13779,
    15547,
    15470,
    16848,
    15804,
    16817,
    15349,
    15417,
    15422,
    16446,
    16052,
    16363,
    14968,
    15102,
    16420,
    16361,
    16299,
    14745,
    12904,
    14795,
    16810,
    16727,
    12262,
    11325,
    13198,
    16211,
    16317,
    17356,
    12763,
    12310,
    11417,
    23328,
    16788,
    17113,
    17916,
    15514,
    12885,
    13222,
    13010,
    14456,
    11833,
    9670,
    12725,
    18347,
    14638,
    15326,
    12721,
    10878,
    12016,
    13463,
    15644,
    16085,
    13764,
    10014,
    12675,
    15422,
    15101,
    15588,
    12159,
    10915,
    11766,
    14843,
    15272,
    15403,
    15547,
    14727,
    15654,
    15782,
    16329,
    16343,
    15777,
    15601,
    14044,
    15232,
    15633,
    16137,
    16308,
    13685,
    11244,
    12917,
    16813,
    16080,
    16253,
    16654,
    16692,
    15138,
    16319,
    15800,
    16312,
    16299,
    15302,
    11301,
    13306,
    15861,
    16238,
    16788,
    16870,
    15601,
    15376,
    16337,
    16089,
    17037,
    14737,
    12152,
    15367,
    17260,
    15675,
    12098,
    11554,
    22641,
    17047,
    16629,
    18943,
    14667,
    13648,
    13236,
    12553,
    11801,
    13520,
    14301,
    15258,
    10915,
    12400,
    17154,
    11306,
    11092,
    12235,
    14937,
    14891,
    14482,
    14057,
    15687,
    14510,
    15326,
    14862,
    16489,
    16669,
    16003,
    14676,
    10940,
    12855,
    18163,
    13861,
    15505,
    13597,
    14385,
    13859,
    15459,
    16149,
    12893,
    11241,
    12805,
    15986,
    13328,
    15241,
    15913,
    13528,
    11243,
    13142,
    16828,
    16507,
    16035,
    14457,
    11297,
    14740,
    15864,
    16419,
    16598,
    13805,
    11112,
    13897,
    15612,
    16399,
    16513,
    14062,
    14680,
    16194,
    16627,
    15548,
    16298,
    15781,
    16688,
    16298,
    14759,
    17064,
    12294
  ],