{
  "average_frame_build_time_millis": 2.9661500000000016,
  "90th_percentile_frame_build_time_millis": 4.339,
  "99th_percentile_frame_build_time_millis": 8.618,
  "worst_frame_build_time_millis": 11.225,
  "missed_frame_build_budget_count": 0,
  "average_frame_rasterizer_time_millis": 9.079652173913043,
  "stddev_frame_rasterizer_time_millis": 0.9871764335223698,
  "90th_percentile_frame_rasterizer_time_millis": 10.487,
  "99th_percentile_frame_rasterizer_time_millis": 12.313,
  "worst_frame_rasterizer_time_millis": 12.612,
  "missed_frame_rasterizer_budget_count": 0,
  "frame_count": 140,
  "frame_rasterizer_count": 138,
  "new_gen_gc_count": 2,
  "old_gen_gc_count": 0,
  "frame_build_times": [
    2553,
    2527,
    3068,
    2738,
    2864,
    1907,
    8618,
    2825,
    2846,
    2876,
    2879,
    2855,
    2714,
    2859,
    2808,
    2821,
    2825,
    2930,
    2778,
    3192,
    2763,
    2827,
    2801,
    2796,
    2834,
    2927,
    2925,
    2987,
    6697,
    2710,
    2824,
    2813,
    2919,
    2748,
    3043,
    2884,
    2727,
    3017,
    2802,
    2846,
    2835,
    2777,
    2883,
    2866,
    2776,
    2848,
    2881,
    2936,
    3723,
    1002,
    11225,
    4681,
    6368,
    5236,
    6882,
    4339,
    4326,
    4617,
    6236,
    4343,
    6920,
    5608,
    6818,
    936,
    2761,
    933,
    2796,
    987,
    2806,
    955,
    3501,
    1276,
    2685,
    1185,
    2499,
    935,
    2514,
    888,
    2695,
    1001,
    2743,
    1052,
    2711,
    985,
    930,
    2750,
    2652,
    2589,
    2827,
    2670,
    2600,
    6671,
    2482,
    2472,
    2507,
    2644,
    2656,
    2682,
    2484,
    2690,
    2629,
    2678,
    2770,
    2784,
    2653,
    2784,
    2886,
    2813,
    2627,
    2622,
    2632,
    3346,
    1966,
    2694,
    2816,
    2611,
    2610,
    2614,
    2716,
    2675,
    2565,
    3047,
    3259,
    2603,
    2566,
    2467,
    2489,
    2387,
    2419,
    2876,
    2547,
    2362,
    2441,
    2481,
    2677,
    2516,
    2579,
    2548,
    2899,
    958
  ],
  "frame_rasterizer_times": [
    8146,
    6628,
    8998,
    9021,
    8278,
    3976,
    9060,
    9039,
    9284,
    8870,
    8822,
    8203,
    8301,
    8353,
    9338,
    9135,
    8680,
    9004,
    9338,
    8462,
    9307,
    8269,
    9282,
    8270,
    8450,
    8057,
    9006,
    5193,
    8234,
    8276,
    7987,
    8986,
    8201,
    8516,
    9089,
    7495,
    8242,
    9112,
    8168,
    9044,
    8308,
    8682,
    8137,
    8292,
    8589,
    8667,
    8138,
    8911,
    8685,
    4021,
    5981,
    6762,
    6564,
    6894,
    8317,
    7568,
    7008,
    6231,
    7209,
    7086,
    7206,
    6948,
    9687,
    9139,
    10573,
    9663,
    10321,
    9232,
    9939,
    9367,
    10653,
    10189,
    10408,
    9215,
    10267,
    9549,
    9775,
    9275,
    10484,
    9214,
    10464,
    9269,
    11133,
    11185,
    9743,
    10063,
    9336,
    9703,
    9462,
    9335,
    6520,
    10264,
    12313,
    10777,
    9314,
    9368,
    9650,
    9271,
    9466,
    10525,
    9805,
    9505,
    9650,
    12014,
    10759,
    9496,
    12087,
    9903,
    10202,
    12612,
    8954,
    7512,
    9855,
    10307,
    9375,
    9851,
    10487,
    9454,
    9179,
    9288,
    9695,
    9743,
    9573,
    10530,
    9650,
    9537,
    9427,
    10216,
    9668,
    10337,
    9177,
    10007,
    10394,
    10596,
    10276,
    10686,
    9286,
    9464
  ],
  "frame_begin_times": [
    0,
    17301,
    33408,
    50098,
    66685,
    82952,
    99698,
    116810,
    132833,
    150016,
    166750,
    182913,
    200331,
    216944,
    233742,
    250267,
    266820,
    283024,
    300515,
    316988,
    333806,
    350404,
    367123,
    383746,
    400538,
    417255,
    433989,
    450557,
    467287,
    483892,
    500564,
    517577,
    534036,
    550705,
    566947,
    583096,
    601655,
    617358,
    634141,
    650882,
    667506,
    684162,
    701262,
    717696,
    734288,
    750961,
    767126,
    784431,
    801431,
    817800,
    834391,
    850570,
    867891,
    884680,
    901234,
    917294,
    934443,
    951401,
    967903,
    984514,
    1001470,
    1017552,
    1034957,
    1051600,
    1068198,
    1084904,
    1102436,
    1118332,
    1135028,
    1151745,
    1168407,
    1185061,
    1200857,
    1218278,
    1235277,
    1251769,
    1268363,
    1285447,
    1301965,
    1317903,
    1335099,
    1351421,
    1368675,
    1385232,
    1401435,
    1418612,
    1435380,
    1452221,
    1468954,
    1485489,
    1502142,
    1518969,
    1535546,
    1551059,
    1568932,
    1585667,
    1602327,
    1618863,
    1635671,
    1652184,
    1669008,
    1685889,
    1702488,
    1719153,
    1735947,
    1752485,
    1769508,
    1784905,
    1803483,
    1819549,
    1835676,
    1851612,
    1869290,
    1886157,
    1901631,
    1919618,
    1936084,
    1952932,
    1969550,
    1986124,
    2002771,
    2018855,
    2036094,
    2053062,
    2069120,
    2086141,
    2102898,
    2119812,
    2136159,
    2153187,
    2169194,
    2187335,
    2203249,
    2219358,
    2235968,
    2252843,
    2269412,
    2286528,
    2303267,
    2319917
  ],
  "frame_rasterizer_begin_times": [
    0,
    19131,
    32932,
    49568,
    66950,
    87769,
    99580,
    115657,
    132955,
    149667,
    165848,
    183095,
    199715,
    216477,
    233125,
    249647,
    265994,
    283243,
    299763,
    316597,
    333255,
    350001,
    366570,
    383357,
    400069,
    416926,
    433530,
    453182,
    466666,
    483378,
    500322,
    516929,
    533525,
    549881,
    566002,
    584341,
    600220,
    616926,
    633715,
    650355,
    666916,
    684059,
    700463,
    717138,
    733835,
    750040,
    767208,
    784211,
    800055,
    824111,
    836109,
    853672,
    870590,
    887168,
    902462,
    918918,
    936191,
    953706,
    969480,
    987785,
    1003255,
    1020721,
    1033835,
    1050908,
    1067105,
    1085221,
    1100536,
    1117839,
    1133948,
    1151359,
    1167433,
    1183618,
    1200596,
    1217996,
    1233985,
    1251128,
    1267637,
    1284656,
    1300110,
    1318035,
    1333697,
    1351423,
    1367501,
    1383957,
    1401506,
    1418123,
    1434934,
    1451685,
    1468262,
    1484905,
    1504952,
    1518270,
    1533839,
    1551633,
    1568410,
    1585113,
    1601743,
    1618418,
    1635021,
    1651754,
    1668690,
    1685420,
    1702049,
    1718699,
    1735276,
    1752255,
    1767837,
    1786208,
    1802311,
    1818542,
    1834656,
    1851927,
    1868965,
    1884575,
    1902387,
    1918872,
    1935707,
    1952360,
    1968928,
    1985636,
    2001898,
    2019205,
    2035984,
    2052012,
    2069015,
    2085760,
    2102585,
    2118992,
    2136156,
    2152093,
    2170068,
    2186072,
    2202276,
    2219026,
    2235674,
    2252298,
    2269454,
    2286129
  ],
  "average_vsync_transitions_missed": 0.0,
  "90th_percentile_vsync_transitions_missed": 0.0,
  "99th_percentile_vsync_transitions_missed": 0.0,
  "average_vsync_frame_lag": 0.0,
  "90th_percentile_vsync_frame_lag": 0.0,
  "99th_percentile_vsync_frame_lag": 0.0,
  "average_layer_cache_count": 0.0,
  "90th_percentile_layer_cache_count": 0.0,
  "99th_percentile_layer_cache_count": 0.0,
  "average_frame_request_pending_latency": 15846.208633093525,
  "90th_percentile_frame_request_pending_latency": 16769.0,
  "99th_percentile_frame_request_pending_latency": 18122.0,
  "worst_layer_cache_count": 0.0,
  "average_layer_cache_memory": 0.0,
  "90th_percentile_layer_cache_memory": 0.0,
  "99th_percentile_layer_cache_memory": 0.0,
  "worst_layer_cache_memory": 0.0,
  "average_picture_cache_count": 0.0,
  "90th_percentile_picture_cache_count": 0.0,
  "99th_percentile_picture_cache_count": 0.0,