{
  "average_frame_build_time_millis": 2.890978571428571,
  "90th_percentile_frame_build_time_millis": 4.351,
  "99th_percentile_frame_build_time_millis": 7.613,
  "worst_frame_build_time_millis": 10.363,
  "missed_frame_build_budget_count": 0,
  "average_frame_rasterizer_time_millis": 5.078233576642338,
  "stddev_frame_rasterizer_time_millis": 1.0860683041184929,
  "90th_percentile_frame_rasterizer_time_millis": 6.183,
  "99th_percentile_frame_rasterizer_time_millis": 6.811,
  "worst_frame_rasterizer_time_millis": 10.172,
  "missed_frame_rasterizer_budget_count": 0,
  "frame_count": 140,
  "frame_rasterizer_count": 137,
  "new_gen_gc_count": 2,
  "old_gen_gc_count": 0,
  "frame_build_times": [
    2457,
    2353,
    2807,
    2375,
    2409,
    2708,
    7613,
    2607,
    2780,
    2517,
    2507,
    2668,
    2651,
    2696,
    2865,
    2545,
    2564,
    2586,
    2716,
    2914,
    2840,
    2617,
    2651,
    2708,
    2627,
    2629,
    3077,
    2680,
    5716,
    2675,
    2665,
    2664,
    3028,
    2609,
    2804,
    2595,
    2902,
    2629,
    2953,
    2598,
    2824,
    2808,
    2838,
    2529,
    2567,
    2776,
    2874,
    2749,
    3948,
    903,
    10363,
    4114,
    5698,
    4351,
    6021,
    4414,
    6034,
    5312,
    6783,
    4494,
    5844,
    4442,
    5822,
    858,
    3109,
    850,
    2969,
    889,
    3001,
    870,
    4137,
    1140,
    2774,
    913,
    2529,
    912,
    2845,
    913,
    2744,
    809,
    2770,
    937,
    2901,
    962,
    863,
    2782,
    2785,
    2750,
    3089,
    2989,
    2496,
    5458,
    2460,
    2727,
    2797,
    2457,
    2472,
    2467,
    2437,
    2540,
    2757,
    2815,
    2720,
    2517,
    2870,
    2708,
    2914,
    2501,
    2833,
    2824,
    2534,
    3004,
    2510,
    2554,
    2822,
    2957,
    2798,
    2749,
    2829,
    2937,
    2743,
    2861,
    3092,
    2413,
    2942,
    2343,
    2405,
    2816,
    2411,
    2722,
    2554,
    2389,
    2405,
    2460,
    2545,
    2838,
    2384,
    2393,
    3133,
    821
  ],
  "frame_rasterizer_times": [
    3135,
    3439,
    3523,
    3609,
    3677,
    3676,
    3564,
    3494,
    3602,
    3432,
    3509,
    3768,
    3250,
    3645,
    3446,
    3430,
    3433,
    3616,
    3385,
    3783,
    3417,
    3474,
    3476,
    3909,
    3391,
    3466,
    3486,
    3763,
    3584,
    3746,
    3283,
    3705,
    4524,
    3350,
    3380,
    3522,
    3296,
    3424,
    3529,
    3941,
    3955,
    3733,
    3442,
    3809,
    3601,
    3394,
    3922,
    4124,
    3654,
    3800,
    5706,
    6257,
    6260,
    6417,
    6612,
    5653,
    5580,
    6348,
    5945,
    6449,
    6066,
    5602,
    5783,
    5496,
    5624,
    5541,
    5533,
    5621,
    5653,
    5662,
    5573,
    5566,
    5566,
    5514,
    5781,
    5695,
    5583,
    5646,
    5685,
    10172,
    5681,
    5507,
    5607,
    5619,
    5767,
    5864,
    6384,
    5577,
    5606,
    6211,
    6076,
    5753,
    6376,
    5831,
    5705,
    5793,
    5920,
    5566,
    5565,
    5647,
    5585,
    5589,
    5807,
    5641,
    5555,
    5935,
    5866,
    5973,
    5864,
    5734,
    5677,
    5797,
    5726,
    6122,
    6128,
    6018,
    6201,
    5938,
    6119,
    6183,
    6173,
    6035,
    6703,
    5975,
    5948,
    6047,
    6058,
    6043,
    5927,
    5923,
    6176,
    5959,
    6111,
    5979,
    6043,
    6189,
    6811
  ],
  "frame_begin_times": [
    0,
    15863,
    32460,
    49264,
    65918,
    82882,
    99259,
    115888,
    132702,
    149492,
    165975,
    182979,
    199412,
    216206,
    232854,
    249529,
    266140,
    283047,
    299658,
    316234,
    333025,
    349771,
    366481,
    383071,
    399901,
    416656,
    433137,
    449901,
    466631,
    483122,
    499811,
    516469,
    533297,
    550047,
    566616,
    582497,
    600125,
    616789,
    633348,
    650189,
    666958,
    683629,
    700253,
    717011,
    733572,
    750508,
    766920,
    783635,
    800346,
    816971,
    833639,
    849895,
    866979,
    883644,
    900410,
    917104,
    933957,
    950892,
    967067,
    983805,
    1000658,
    1017218,
    1034030,
    1050854,
    1067267,
    1083917,
    1100187,
    1116898,
    1134094,
    1150685,
    1167378,
    1184085,
    1200999,
    1217472,
    1234102,
    1250496,
    1267594,
    1284286,
    1300969,
    1317541,
    1334491,
    1350670,
    1367692,
    1384385,
    1401234,
    1417778,
    1434611,
    1451065,
    1468106,
    1484598,
    1501206,
    1517950,
    1534815,
    1551285,
    1567936,
    1583834,
    1601471,
    1617944,
    1634756,
    1651425,
    1668194,
    1684741,
    1701491,
    1718149,
    1734929,
    1751556,
    1768285,
    1785080,
    1801658,
    1818405,
    1835020,
    1851764,
    1868573,
    1885137,
    1901834,
    1918412,
    1935092,
    1951826,
    1968766,
    1985210,
    2001915,
    2018587,
    2035356,
    2052005,
    2068787,
    2085350,
    2102240,
    2118962,
    2135544,
    2152125,
    2169148,
    2185486,
    2202239,
    2218760,
    2235851,
    2252261,
    2268973,
    2285723,
    2302442,
    2319028
  ],
  "frame_rasterizer_begin_times": [
    0,
    16757,
    33421,
    50364,
    71224,
    83361,
    100343,
    116983,
    133427,
    150496,
    166870,
    183818,
    200317,
    217030,
    233646,
    250518,
    267141,
    283765,
    300502,
    317272,
    333971,
    350573,
    367424,
    384190,
    400640,
    417431,
    436861,
    450594,
    467442,
    484062,
    500810,
    517557,
    534165,
    549960,
    567861,
    584359,
    600837,
    617682,
    634466,
    651179,
    667867,
    684480,
    701069,
    718048,
    734415,
    751112,
    768103,
    783933,
    807395,
    819714,
    837110,
    853279,
    870450,
    886802,
    903940,
    920852,
    937070,
    953469,
    970743,
    986814,
    1004424,
    1017811,
    1034712,
    1050867,
    1067680,
    1083896,
    1101631,
    1117635,
    1135081,
    1151032,
    1168511,
    1184409,
    1201542,
    1217699,
    1235110,
    1251243,
    1268441,
    1284488,
    1301941,
    1317607,
    1335176,
    1351370,
    1368432,
    1385228,
    1402059,
    1418506,
    1435663,
    1452092,
    1468666,
    1488134,
    1502236,
    1518707,
    1535375,
    1551245,
    1568907,
    1585350,
    1602241,
    1618855,
    1635707,
    1652267,
    1668968,
    1685589,
    1702386,
    1719001,
    1735806,
    1752555,
    1769083,
    1785868,
    1802471,
    1819319,
    1836088,
    1852598,
    1869292,
    1885852,
    1902592,
    1919366,
    1936323,
    1952669,
    1969405,
    1986056,
    2002988,
    2019542,
    2036401,
    2052838,
    2069698,
    2086447,
    2103015,
    2119641,
    2136738,
    2152984,
    2169681,
    2186244,
    2203364,
    2219796,
    2236431,
    2253250,
    2269923
  ],
  "average_vsync_transitions_missed": 0.0,
  "90th_percentile_vsync_transitions_missed": 0.0,
  "99th_percentile_vsync_transitions_missed": 0.0,
  "average_vsync_frame_lag": 0.0,
  "90th_percentile_vsync_frame_lag": 0.0,
  "99th_percentile_vsync_frame_lag": 0.0,
  "average_layer_cache_count": 0.0,
  "90th_percentile_layer_cache_count": 0.0,
  "99th_percentile_layer_cache_count": 0.0,
  "average_frame_request_pending_latency": 15920.94964028777,
  "90th_percentile_frame_request_pending_latency": 16517.0,
  "99th_percentile_frame_request_pending_latency": 17284.0,
  "worst_layer_cache_count": 0.0,
  "average_layer_cache_memory": 0.0,
  "90th_percentile_layer_cache_memory": 0.0,
  "99th_percentile_layer_cache_memory": 0.0,
  "worst_layer_cache_memory": 0.0,
  "average_picture_cache_count": 0.0,
  "90th_percentile_picture_cache_count": 0.0,
  "99th_percentile_picture_cache_count": 0.0,
  "worst_picture_cache_count": 0.0,
  "average_picture_cache_memory": 0.0,