{
  "average_frame_build_time_millis": 3.074028571428569,
  "90th_percentile_frame_build_time_millis": 4.471,
  "99th_percentile_frame_build_time_millis": 8.835,
  "worst_frame_build_time_millis": 12.417,
  "missed_frame_build_budget_count": 0,
  "average_frame_rasterizer_time_millis": 9.106255474452558,
  "stddev_frame_rasterizer_time_millis": 0.976799936064787,
  "90th_percentile_frame_rasterizer_time_millis": 10.371,
  "99th_percentile_frame_rasterizer_time_millis": 12.008,
  "worst_frame_rasterizer_time_millis": 12.357,
  "missed_frame_rasterizer_budget_count": 0,
  "frame_count": 140,
  "frame_rasterizer_count": 137,
  "new_gen_gc_count": 2,
  "old_gen_gc_count": 0,
  "frame_build_times": [
    2821,
    2690,
    2745,
    2690,
    2490,
    2653,
    8835,
    2845,
    2196,
    2866,
    2877,
    3162,
    2973,
    2885,
    2950,
    2768,
    2899,
    2946,
    3057,
    2853,
    2970,
    2806,
    2883,
    2970,
    2972,
    2837,
    2855,
    2869,
    6738,
    2937,
    2932,
    2803,
    2892,
    2983,
    3236,
    3017,
    2964,
    2772,
    2886,
    2938,
    3005,
    3049,
    3039,
    2802,
    2922,
    3010,
    3028,
    2880,
    3719,
    1048,
    12417,
    5042,
    4373,
    5433,
    6828,
    5391,
    6867,
    5521,
    7026,
    4471,
    5956,
    5060,
    6565,
    975,
    2932,
    1057,
    2840,
    1020,
    2944,
    1096,
    3846,
    1385,
    3354,
    960,
    2966,
    980,
    2668,
    1079,
    3190,
    941,
    2708,
    995,
    2895,
    1051,
    913,
    2687,
    2887,
    2864,
    2766,
    2790,
    2631,
    6606,
    3194,
    1933,
    2376,
    2810,
    2724,
    2606,
    2865,
    2805,
    2551,
    2565,
    2669,
    2827,
    2873,
    2768,
    3188,
    2814,
    2669,
    2950,
    2731,
    3159,
    2742,
    2666,
    2765,
    2893,
    2773,
    2733,
    2695,
    2756,
    2818,
    3127,
    3221,
    2557,
    2511,
    2505,
    2704,
    2590,
    3205,
    2676,
    2539,
    2501,
    2731,
    2719,
    2794,
    2782,
    2606,
    2651,
    3119,
    969
  ],
  "frame_rasterizer_times": [
    8244,
    8603,
    9245,
    7519,
    3773,
    9102,
    9477,
    8746,
    8404,
    8298,
    8432,
    8115,
    8906,
    8269,
    8027,
    8197,
    8034,
    8040,
    9416,
    9103,
    9227,
    8840,
    9693,
    8003,
    8998,
    8965,
    4534,
    8688,
    8845,
    8927,
    8564,
    9130,
    8541,
    9542,
    9041,
    8101,
    8227,
    9124,
    8146,
    8120,
    8169,
    8191,
    8112,
    8018,
    9185,
    8724,
    8824,
    8567,
    3732,
    5363,
    6428,
    6874,
    7014,
    7011,
    7109,
    7005,
    6658,
    8420,
    7115,
    8028,
    7409,
    10191,
    9881,
    9636,
    8907,
    10142,
    9816,
    10636,
    9224,
    10077,
    9386,
    9899,
    9561,
    10020,
    9132,
    11189,
    10208,
    10266,
    9566,
    10200,
    10184,
    10528,
    9684,
    9811,
    9276,
    9216,
    9400,
    9337,
    9233,
    6797,
    9819,
    10609,
    9861,
    10238,
    9569,
    9564,
    10126,
    12008,
    9376,
    9385,
    9765,
    9817,
    10281,
    9421,
    11381,
    9830,
    10526,
    10812,
    9598,
    9506,
    9556,
    10493,
    9906,
    9706,
    9962,
    10143,
    9709,
    9630,
    10492,
    10371,
    9660,
    10004,
    9842,
    9673,
    9778,
    12357,
    10660,
    9743,
    9987,
    10682,
    9680,
    9722,
    10794,
    9698,
    9564,
    9916,
    9772
  ],
  "frame_begin_times": [
    0,
    16593,
    33429,
    50096,
    66609,
    84153,
    100185,
    116560,
    133172,
    149687,
    166821,
    183509,
    200033,
    216788,
    233821,
    250304,
    267182,
    283800,
    300459,
    317181,
    333326,
    350462,
    367186,
    383903,
    399986,
    417373,
    434038,
    450710,
    467616,
    483925,
    500844,
    517516,
    533606,
    550677,
    566999,
    583050,
    600806,
    617646,
    634152,
    650882,
    667640,
    684250,
    700794,
    717610,
    734396,
    751139,
    767734,
    784350,
    801143,
    817794,
    833902,
    850698,
    867886,
    884463,
    901209,
    917836,
    934567,
    951603,
    968115,
    984620,
    1001309,
    1018005,
    1034851,
    1051620,
    1068032,
    1084835,
    1101759,
    1118266,
    1135049,
    1151183,
    1168140,
    1184599,
    1201233,
    1218381,
    1234737,
    1251837,
    1269260,
    1285166,
    1301299,
    1318532,
    1335487,
    1351829,
    1368030,
    1385252,
    1402105,
    1418539,
    1435510,
    1451954,
    1468692,
    1485251,
    1502152,
    1518746,
    1535098,
    1552083,
    1568693,
    1584995,
    1602310,
    1618902,
    1635333,
    1651242,
    1669856,
    1685819,
    1702429,
    1719283,
    1735229,
    1752383,
    1768023,
    1785802,
    1802469,
    1818803,
    1835891,
    1852680,
    1869241,
    1885951,
    1902627,
    1919656,
    1935952,
    1952691,
    1969546,
    1986144,
    2002048,
    2019090,
    2036225,
    2052980,
    2069835,
    2086489,
    2103215,
    2118724,
    2135983,
    2153259,
    2169766,
    2186518,
    2203273,
    2219909,
    2235406,
    2253298,
    2269918,
    2286548,
    2303449,
    2319985
  ],
  "frame_rasterizer_begin_times": [
    0,
    16646,
    33054,
    50632,
    72446,
    83170,
    99623,
    116275,
    133391,
    150163,
    166588,
    183441,
    200441,
    216806,
    233733,
    250358,
    267113,
    283759,
    300046,
    317042,
    333729,
    350491,
    366671,
    383965,
    400586,
    417256,
    437483,
    450510,
    467488,
    484084,
    500199,
    517264,
    533631,
    549595,
    567477,
    584179,
    600717,
    617464,
    634244,
    650912,
    667519,
    684162,
    700960,
    717712,
    734321,
    750943,
    767862,
    783835,
    808313,
    820567,
    836108,
    854033,
    870755,
    887577,
    904494,
    920998,
    937744,
    953401,
    970323,
    986596,
    1004421,
    1017592,
    1034522,
    1050808,
    1068264,
    1084269,
    1101546,
    1117211,
    1135113,
    1150591,
    1168041,
    1184345,
    1201378,
    1217830,
    1235833,
    1251214,
    1267990,
    1284490,
    1301971,
    1317790,
    1334602,
    1351318,
    1368309,
    1385088,
    1402023,
    1418508,
    1435302,
    1451914,
    1468691,
    1488467,
    1501727,
    1518366,
    1535217,
    1551749,
    1568880,
    1585407,
    1601978,
    1617874,
    1636367,
    1652342,
    1668943,
    1685820,
    1701863,
    1718940,
    1734719,
    1752445,
    1769033,
    1785440,
    1802448,
    1819320,
    1835885,
    1852490,
    1869205,
    1886181,
    1902534,
    1919363,
    1936114,
    1952725,
    1968691,
    1985795,
    2003128,
    2019635,
    2036417,
    2053024,
    2069749,
    2085358,
    2102783,
    2119903,
    2136337,
    2153091,
    2169830,
    2186493,
    2202079,
    2220106,
    2236577,
    2253191,
    2270049
  ],
  "average_vsync_transitions_missed": 0.0,
  "90th_percentile_vsync_transitions_missed": 0.0,
  "99th_percentile_vsync_transitions_missed": 0.0,
  "average_vsync_frame_lag": 0.0,
  "90th_percentile_vsync_frame_lag": 0.0,
  "99th_percentile_vsync_frame_lag": 0.0,
  "average_layer_cache_count": 0.0,
  "90th_percentile_layer_cache_count": 0.0,
  "99th_percentile_layer_cache_count": 0.0,
  "average_frame_request_pending_latency": 15817.769784172662,
  "90th_percentile_frame_request_pending_latency": 16613.0,
  "99th_percentile_frame_request_pending_latency": 17436.0,
  "worst_layer_cache_count": 0.0,
  "average_layer_cache_memory": 0.0,
  "90th_percentile_layer_cache_memory": 0.0,
  "99th_percentile_layer_cache_memory": 0.0,
  "worst_layer_cache_memory": 0.0,
  "average_picture_cache_count": 0.0,
  "90th_percentile_picture_cache_count": 0.0,
  "99th_percentile_picture_cache_count": 0.0,
  "worst_picture_cache_count": 0.0,