{
  "average_frame_build_time_millis": 4.079377049180328,
  "90th_percentile_frame_build_time_millis": 10.554,
  "99th_percentile_frame_build_time_millis": 30.367,
  "worst_frame_build_time_millis": 32.19,
  "missed_frame_build_budget_count": 11,
  "average_frame_rasterizer_time_millis": 20.850480662983415,
  "stddev_frame_rasterizer_time_millis": 6.778226427764727,
  "90th_percentile_frame_rasterizer_time_millis": 30.954,
  "99th_percentile_frame_rasterizer_time_millis": 36.994,
  "worst_frame_rasterizer_time_millis": 39.608,
  "missed_frame_rasterizer_budget_count": 121,
  "frame_count": 183,
  "frame_rasterizer_count": 181,
  "new_gen_gc_count": 10,
  "old_gen_gc_count": 2,
  "frame_build_times": [
    623,
    628,
    753,
    32190,
    23075,
    1889,
    1146,
    1438,
    2560,
    1995,
    3156,
    2769,
    2145,
    2747,
    2528,
    2315,
    10819,
    1388,
    486,
    568,
    681,
    1334,
    14573,
    8573,
    3022,
    2060,
    2303,
    2121,
    2031,
    1880,
    1704,
    1805,
    2567,
    2314,
    2128,
    8097,
    604,
    634,
    664,
    979,
    30158,
    22231,
    1852,
    1897,
    1495,
    2647,
    1858,
    2868,
    2269,
    3484,
    3224,
    2536,
    2805,
    9790,
    1257,
    543,
    625,
    15079,
    9422,
    1707,
    1462,
    1526,
    1913,
    1891,
    1808,
    1533,
    1843,
    2315,
    1830,
    2001,
    2344,
    8827,
    537,
    654,
    658,
    711,
    28602,
    13762,
    1244,
    957,
    1279,
    1888,
    2437,
    2052,
    1899,
    2779,
    1841,
    1825,
    2869,
    2449,
    1583,
    1638,
    10554,
    1360,
    611,
    622,
    660,
    17075,
    10039,
    1911,
    1947,
    1443,
    2306,
    2532,
    1676,
    2236,
    2392,
    1440,
    1982,
    1790,
    7642,
    403,
    534,
    809,
    30367,
    22374,
    1831,
    1945,
    2035,
    1324,
    3294,
    1333,
    1844,
    2540,
    1986,
    2477,
    1967,
    9938,
    1147,
    726,
    18213,
    7615,
    1760,
    2057,
    1400,
    2203,
    1831,
    2425,
    2356,
    1561,
    1967,
    1832,
    1897,
    7956,
    608,
    688,
    736,
    32009,
    22244,
    2433,
    1236,
    1348,
    2098,
    1579,
    2811,
    2495,
    1828,
    3032,
    2627,
    1884,
    12421,
    1405,
    1215,
    609,
    771,
    1036,
    14579,
    10242,
    2323,
    2248,
    2525,
    1964,
    2551,
    1916,
    2054,
    2423,
    1407,
    1916,
    2272,
    10933,
    531,
    578,
    790
  ],
  "frame_rasterizer_times": [
    16858,
    12598,
    8856,
    11425,
    16730,
    27998,
    30954,
    34788,
    36143,
    33591,
    32052,
    29254,
    27590,
    24175,
    26067,
    24030,
    12212,
    12450,
    8625,
    12944,
    12261,
    18122,
    21525,
    25202,
    24219,
    24454,
    24365,
    23581,
    25530,
    25622,
    23180,
    22525,
    15957,
    11125,
    10033,
    9764,
    11773,
    11858,
    12715,
    7202,
    9680,
    15981,
    27085,
    30871,
    34526,
    36195,
    39608,
    33579,
    30049,
    29050,
    28060,
    24591,
    24744,
    10681,
    12110,
    13518,
    17664,
    16539,
    25182,
    25609,
    24989,
    24412,
    23834,
    25255,
    25181,
    23640,
    21693,
    16679,
    13464,
    12061,
    12164,
    14145,
    13866,
    12012,
    12533,
    7554,
    7888,
    18939,
    22172,
    24504,
    22629,
    23938,
    28135,
    27428,
    25512,
    25830,
    24586,
    24532,
    24270,
    24734,
    24306,
    26013,
    7300,
    7403,
    8701,
    10031,
    22861,
    18275,
    24770,
    24855,
    24048,
    23468,
    25641,
    25527,
    24534,
    25648,
    19469,
    16811,
    12589,
    11150,
    10809,
    14461,
    12681,
    7219,
    9692,
    16226,
    23297,
    32310,
    37827,
    36994,
    33528,
    31009,
    30256,
    28225,
    24567,
    23775,
    25013,
    12016,
    13123,
    17471,
    18181,
    25028,
    24248,
    24384,
    24518,
    24560,
    24278,
    25512,
    23587,
    19161,
    16604,
    13093,
    10669,
    15012,
    13555,
    13067,
    9005,
    14727,
    19691,
    27051,
    31006,
    35123,
    35872,
    33446,
    32973,
    29174,
    28350,
    24518,
    24970,
    24223,
    12430,
    11605,
    8724,
    11549,
    10847,
    18094,
    21728,
    24118,
    25180,
    24520,
    24387,
    24661,
    25323,
    24815,
    21736,
    19599,
    14232,
    14449,
    11390,
    9835,
    10976
  ],
  "frame_begin_times": [
    0,
    16718,
    135169,
    149739,
    200417,
    233742,
    249685,
    267480,
    283756,
    317187,
    350366,
    384028,
    417152,
    450849,
    484225,
    517434,
    533983,
    567375,
    584345,
    600336,
    617336,
    633990,
    650217,
    668086,
    684554,
    700521,
    733751,
    751073,
    784733,
    800436,
    834400,
    851217,
    884904,
    901338,
    934451,
    951727,
    968357,
    985189,
    1001655,
    1118723,
    1135567,
    1185181,
    1218743,
    1235219,
    1251386,
    1269274,
    1301788,
    1335337,
    1368687,
    1418718,
    1452172,
    1485587,
    1502186,
    1535547,
    1552563,
    1584683,
    1602142,
    1618303,
    1636241,
    1651549,
    1668790,
    1702024,
    1718352,
    1752416,
    1768841,
    1802059,
    1818899,
    1852478,
    1869449,
    1885931,
    1902714,
    1919382,
    1936301,
    1952563,
    1969746,
    2087324,
    2103704,
    2135860,
    2151963,
    2169753,
    2186471,
    2202361,
    2235936,
    2253391,
    2269888,
    2303089,
    2336660,
    2353304,
    2386294,
    2403740,
    2436772,
    2453605,
    2486877,
    2503653,
    2537455,
    2553538,
    2570564,
    2587695,
    2620280,
    2636739,
    2653568,
    2687157,
    2703706,
    2737018,
    2753694,
    2770550,
    2806499,
    2823637,
    2853616,
    2870080,
    2887215,
    2904601,
    2920982,
    3038609,
    3055262,
    3104868,
    3138177,
    3157860,
    3171238,
    3187449,
    3220966,
    3271696,
    3304796,
    3337533,
    3371406,
    3388481,
    3421218,
    3454744,
    3471027,
    3505469,
    3521384,
    3555233,
    3571196,
    3588407,
    3622470,
    3638884,
    3654603,
    3688668,
    3705188,
    3738740,
    3754570,
    3788470,
    3805476,
    3821882,
    3838251,
    3855885,
    3973792,
    3989690,
    4039237,
    4071975,
    4088805,
    4106054,
    4122461,
    4155839,
    4189121,
    4224523,
    4256684,
    4289788,
    4323270,
    4356251,
    4372841,
    4406456,
    4422571,
    4439286,
    4455718,
    4473314,
    4490082,
    4523594,
    4539489,
    4556154,
    4589775,
    4606460,
    4639958,
    4656555,
    4689897,
    4706678,
    4739967,
    4756764,
    4773416,
    4789695,
    4806626,
    4824043,
    4941351
  ],