{
  "average_frame_build_time_millis": 3.597627659574467,
  "90th_percentile_frame_build_time_millis": 9.782,
  "99th_percentile_frame_build_time_millis": 27.821,
  "worst_frame_build_time_millis": 31.152,
  "missed_frame_build_budget_count": 9,
  "average_frame_rasterizer_time_millis": 20.54744623655914,
  "stddev_frame_rasterizer_time_millis": 6.279067233206151,
  "90th_percentile_frame_rasterizer_time_millis": 28.825,
  "99th_percentile_frame_rasterizer_time_millis": 36.345,
  "worst_frame_rasterizer_time_millis": 47.004,
  "missed_frame_rasterizer_budget_count": 121,
  "frame_count": 188,
  "frame_rasterizer_count": 186,
  "new_gen_gc_count": 20,
  "old_gen_gc_count": 4,
  "frame_build_times": [
    21869,
    1699,
    1575,
    1387,
    2865,
    2178,
    2733,
    2453,
    2560,
    1977,
    3211,
    1891,
    11503,
    1233,
    454,
    603,
    606,
    1308,
    13486,
    8627,
    1327,
    1265,
    1863,
    2058,
    1792,
    1422,
    2225,
    2581,
    1622,
    1788,
    1757,
    2007,
    9628,
    583,
    644,
    726,
    27496,
    14073,
    1210,
    1472,
    1365,
    3208,
    849,
    1082,
    2054,
    1757,
    2215,
    1916,
    1457,
    1630,
    2189,
    10330,
    878,
    495,
    724,
    1727,
    703,
    13096,
    8207,
    2330,
    1279,
    1509,
    2126,
    1896,
    2078,
    2040,
    1643,
    2169,
    1615,
    1721,
    1803,
    10109,
    522,
    602,
    752,
    27821,
    13135,
    1472,
    1135,
    1482,
    1639,
    1833,
    1929,
    1948,
    1667,
    1407,
    1752,
    1898,
    1794,
    1539,
    1882,
    1863,
    9782,
    1109,
    974,
    709,
    17613,
    10487,
    2057,
    1879,
    2236,
    1980,
    1728,
    2350,
    1483,
    1382,
    1789,
    2060,
    2096,
    9992,
    419,
    473,
    733,
    28559,
    13944,
    1168,
    1203,
    1537,
    1929,
    2551,
    1934,
    1733,
    3337,
    1749,
    1237,
    1437,
    1429,
    1908,
    1857,
    8162,
    1063,
    692,
    776,
    17168,
    9018,
    1971,
    1919,
    1575,
    2404,
    1815,
    1536,
    1907,
    1576,
    1865,
    1871,
    1887,
    8608,
    699,
    615,
    672,
    753,
    31152,
    23124,
    1759,
    1676,
    1364,
    2614,
    1761,
    2615,
    2461,
    1626,
    2854,
    2579,
    2565,
    9222,
    1226,
    517,
    699,
    685,
    1329,
    17173,
    8239,
    1466,
    1338,
    1810,
    1688,
    2319,
    1398,
    1834,
    2045,
    2018,
    2073,
    1656,
    8706,
    608,
    841,
    948,
    942
  ],
  "frame_rasterizer_times": [
    15941,
    26742,
    31757,
    34606,
    36345,
    33709,
    30270,
    26612,
    28896,
    24373,
    23779,
    25173,
    11514,
    10901,
    11241,
    13369,
    17197,
    11629,
    11917,
    25021,
    24397,
    25049,
    23735,
    24976,
    24603,
    25368,
    24371,
    23927,
    19501,
    16013,
    12726,
    11567,
    10171,
    12065,
    11866,
    7674,
    7731,
    19259,
    47004,
    7689,
    16050,
    29728,
    32000,
    31243,
    30393,
    28012,
    24620,
    23750,
    24749,
    24969,
    24108,
    9366,
    11136,
    16276,
    13583,
    10733,
    14996,
    18412,
    24250,
    24872,
    24861,
    23558,
    24426,
    24659,
    25133,
    24476,
    22254,
    19692,
    14189,
    11718,
    11702,
    10461,
    14110,
    12364,
    7987,
    6818,
    21063,
    18980,
    24550,
    22712,
    23834,
    23822,
    28629,
    25028,
    24593,
    24758,
    24323,
    24551,
    24585,
    23791,
    24073,
    25174,
    11061,
    11181,
    11243,
    20126,
    20488,
    24059,
    24662,
    24975,
    23918,
    24654,
    24738,
    24557,
    22650,
    19582,
    15841,
    13154,
    11077,
    10253,
    10751,
    12249,
    7800,
    7658,
    19017,
    21890,
    23815,
    23026,
    26754,
    33154,
    21937,
    36560,
    27773,
    24609,
    24725,
    23522,
    24205,
    24200,
    25644,
    10195,
    11871,
    12454,
    21562,
    14496,
    24355,
    25622,
    23683,
    24393,
    24215,
    24884,
    24685,
    22730,
    22248,
    15241,
    11374,
    10173,
    11832,
    14648,
    14261,
    12227,
    8210,
    10520,
    15959,
    28141,
    30944,
    34762,
    36225,
    32426,
    30780,
    28825,
    27458,
    24834,
    24206,
    24989,
    12756,
    11595,
    11022,
    15255,
    15452,
    21148,
    12087,
    24875,
    24096,
    24531,
    24291,
    24628,
    24811,
    24735,
    23161,
    19745,
    15782,
    15421,
    12209,
    14156,
    15907,
    14422
  ],
  "frame_begin_times": [
    0,
    33481,
    49591,
    66995,
    84216,
    116753,
    150151,
    183800,
    216267,
    250489,
    283895,
    317024,
    334020,
    349979,
    383646,
    400945,
    417327,
    433503,
    450344,
    466923,
    483452,
    500541,
    517374,
    550185,
    567231,
    600770,
    617549,
    634736,
    667417,
    701022,
    717601,
    733963,
    751323,
    767823,
    784408,
    901707,
    918319,
    950306,
    967017,
    984363,
    1002467,
    1050951,
    1067983,
    1084265,
    1101435,
    1134692,
    1167830,
    1201764,
    1235370,
    1251711,
    1284552,
    1301940,
    1335505,
    1352002,
    1368538,
    1384534,
    1401499,
    1418737,
    1435585,
    1451909,
    1468620,
    1502571,
    1518612,
    1551796,
    1568278,
    1585161,
    1618916,
    1635236,
    1668927,
    1685756,
    1702607,
    1719055,
    1735141,
    1752894,
    1870998,
    1885512,
    1918515,
    1935180,
    1952769,
    1969096,
    1985546,
    2002396,
    2036214,
    2052260,
    2086043,
    2102913,
    2136197,
    2152467,
    2186558,
    2203043,
    2236360,
    2253274,
    2286622,
    2302791,
    2337039,
    2353822,
    2370639,
    2403723,
    2419721,
    2436676,
    2469772,
    2487016,
    2520162,
    2536696,
    2570026,
    2586722,
    2620220,
    2637058,
    2653340,
    2670513,
    2686787,
    2704087,
    2822545,
    2837849,
    2869777,
    2886414,
    2904174,
    2921002,
    2938069,
    2954235,
    2987604,
    3020462,
    3054541,
    3070595,
    3103641,
    3138201,
    3154250,
    3187671,
    3204341,
    3237599,
    3254675,
    3288353,
    3304665,
    3321848,
    3355125,
    3371107,
    3388231,
    3404763,
    3438247,
    3454250,
    3488155,
    3504779,
    3538298,
    3555119,
    3588209,
    3604959,
    3621361,
    3638974,
    3655464,
    3671741,
    3790353,
    3805939,
    3855323,
    3888876,
    3904788,
    3921846,
    3939369,
    3972157,
    4005346,
    4039132,
    4071768,
    4105583,
    4139284,
    4172498,
    4189289,
    4223101,
    4239011,
    4256173,
    4273081,
    4289578,
    4305619,
    4339774,
    4355252,
    4372928,
    4389625,
    4422691,
    4439081,
    4472659,
    4489637,
    4522910,
    4539742,
    4555896,
    4590014,
    4606306,
    4623585,
    4640443,
    4656592,
    4776991
  ],