{
  "average_frame_build_time_millis": 3.906659574468088,
  "90th_percentile_frame_build_time_millis": 10.454,
  "99th_percentile_frame_build_time_millis": 29.857,
  "worst_frame_build_time_millis": 30.475,
  "missed_frame_build_budget_count": 13,
  "average_frame_rasterizer_time_millis": 20.19799465240641,
  "stddev_frame_rasterizer_time_millis": 6.861000543338387,
  "90th_percentile_frame_rasterizer_time_millis": 28.18,
  "99th_percentile_frame_rasterizer_time_millis": 36.479,
  "worst_frame_rasterizer_time_millis": 40.007,
  "missed_frame_rasterizer_budget_count": 121,
  "frame_count": 188,
  "frame_rasterizer_count": 187,
  "new_gen_gc_count": 10,
  "old_gen_gc_count": 0,
  "frame_build_times": [
    806,
    496,
    707,
    735,
    30475,
    22584,
    1806,
    1223,
    1319,
    1904,
    2336,
    2693,
    3023,
    2226,
    2592,
    2343,
    1895,
    11488,
    1446,
    535,
    537,
    511,
    1402,
    16458,
    10182,
    2363,
    1880,
    1462,
    2739,
    1737,
    1845,
    2014,
    2689,
    1928,
    1372,
    1519,
    8079,
    636,
    688,
    727,
    28306,
    14151,
    1384,
    1155,
    1550,
    1739,
    2182,
    2688,
    2366,
    1752,
    1899,
    1801,
    2635,
    1519,
    1824,
    1776,
    2461,
    8952,
    1279,
    646,
    721,
    16896,
    7813,
    1684,
    1455,
    2400,
    1938,
    2036,
    1824,
    2284,
    1369,
    1938,
    1893,
    1891,
    9991,
    759,
    756,
    727,
    727,
    29857,
    18976,
    2439,
    1802,
    1532,
    2017,
    2622,
    2842,
    1579,
    2975,
    2462,
    2794,
    2377,
    13538,
    1289,
    559,
    593,
    591,
    1404,
    16441,
    9609,
    2320,
    2411,
    1496,
    2782,
    1783,
    2480,
    1675,
    2774,
    2427,
    1742,
    1834,
    10685,
    462,
    560,
    832,
    30460,
    21016,
    1815,
    1495,
    1394,
    2561,
    2683,
    2832,
    2484,
    2991,
    1875,
    2294,
    2660,
    10454,
    1092,
    676,
    766,
    17076,
    7259,
    1684,
    1318,
    1899,
    2707,
    2118,
    1657,
    2397,
    1748,
    1651,
    1671,
    1839,
    9668,
    701,
    705,
    754,
    772,
    25771,
    13407,
    1544,
    1046,
    1716,
    2031,
    1815,
    2312,
    1676,
    2013,
    1828,
    1568,
    2511,
    1988,
    2096,
    1859,
    10536,
    1358,
    684,
    693,
    1307,
    16365,
    9843,
    2239,
    2089,
    1480,
    2868,
    1686,
    2396,
    1683,
    2339,
    2296,
    1542,
    1903,
    7760,
    498,
    686,
    720
  ],
  "frame_rasterizer_times": [
    11275,
    13192,
    14955,
    10387,
    7633,
    9970,
    17491,
    28180,
    31334,
    34994,
    36502,
    33869,
    32424,
    28712,
    28239,
    25275,
    24580,
    25085,
    10122,
    11154,
    9216,
    14567,
    13047,
    18197,
    17104,
    24787,
    25063,
    25233,
    23422,
    24811,
    25183,
    26490,
    21290,
    20535,
    14100,
    12188,
    12069,
    11788,
    13868,
    10415,
    6373,
    6522,
    19034,
    22216,
    22579,
    24379,
    24102,
    25431,
    27934,
    24921,
    24974,
    24808,
    24658,
    24548,
    24754,
    24094,
    24208,
    26303,
    7641,
    9146,
    9863,
    15065,
    14666,
    25342,
    24389,
    24370,
    24854,
    24294,
    24418,
    25474,
    24259,
    18192,
    16774,
    13341,
    12648,
    13066,
    13936,
    14578,
    10559,
    9630,
    13412,
    16541,
    27692,
    31390,
    34638,
    36479,
    36320,
    31225,
    28042,
    25583,
    25011,
    25102,
    24821,
    8806,
    8659,
    11949,
    11274,
    11692,
    16171,
    17178,
    24998,
    24709,
    25062,
    23984,
    24508,
    24653,
    25984,
    23432,
    19699,
    16512,
    12117,
    12106,
    10220,
    13723,
    10562,
    6174,
    8201,
    14255,
    25279,
    31248,
    34918,
    36328,
    40007,
    33925,
    30747,
    28352,
    27657,
    24767,
    25366,
    8710,
    9942,
    9767,
    16911,
    12585,
    24977,
    25084,
    24896,
    23980,
    25734,
    25113,
    24129,
    23602,
    19480,
    16492,
    13086,
    9622,
    9315,
    9662,
    10493,
    10343,
    6055,
    6077,
    18813,
    22015,
    24178,
    26298,
    25781,
    26062,
    27386,
    25575,
    25277,
    25437,
    24444,
    24309,
    24739,
    23771,
    25485,
    9615,
    9893,
    14902,
    13158,
    16323,
    17190,
    24581,
    25271,
    25212,
    24025,
    24563,
    25780,
    24740,
    23909,
    19074,
    14414,
    12384,
    15956,
    9343,
    12500
  ],
  "frame_begin_times": [
    0,
    17700,
    33668,
    152655,
    168435,
    218001,
    251293,
    266893,
    284689,
    301326,
    334351,
    367962,
    418159,
    451275,
    468627,
    501712,
    534719,
    551541,
    585088,
    602041,
    618271,
    634980,
    652244,
    667967,
    701538,
    718167,
    735074,
    769400,
    785411,
    818392,
    835367,
    851850,
    885107,
    918586,
    934768,
    951878,
    968724,
    985372,
    1002115,
    1120698,
    1136452,
    1168282,
    1184889,
    1202497,
    1219329,
    1235646,
    1251973,
    1286108,
    1302826,
    1335973,
    1353301,
    1385979,
    1403442,
    1435998,
    1453139,
    1486151,
    1502971,
    1536523,
    1552276,
    1585792,
    1603547,
    1620096,
    1652286,
    1669324,
    1686331,
    1702742,
    1736653,
    1753083,
    1786433,
    1803360,
    1836895,
    1852482,
    1886616,
    1903410,
    1919629,
    1937163,
    1953334,
    1970316,
    2090236,
    2104597,
    2154015,
    2187586,
    2203703,
    2220976,
    2237406,
    2270702,
    2304010,
    2337180,
    2387627,
    2421210,
    2437846,
    2471146,
    2487301,
    2521429,
    2538025,
    2553610,
    2571438,
    2588082,
    2603797,
    2638033,
    2654223,
    2671315,
    2704788,
    2721441,
    2754444,
    2771558,
    2788051,
    2821455,
    2838215,
    2871425,
    2888127,
    2905120,
    2922345,
    2938841,
    3058370,
    3072629,
    3122339,
    3155327,
    3171857,
    3188887,
    3205339,
    3238754,
    3272048,
    3305350,
    3355087,
    3388975,
    3422443,
    3439450,
    3472234,
    3489075,
    3522718,
    3539977,
    3556102,
    3589221,
    3605376,
    3622400,
    3638770,
    3672767,
    3689005,
    3722522,
    3739604,
    3772695,
    3789450,
    3822961,
    3840695,
    3856314,
    3873286,
    3890191,
    3906402,
    4023931,
    4040932,
    4072497,
    4088933,
    4106572,
    4124436,
    4139965,
    4156076,
    4190161,
    4223976,
    4240480,
    4273242,
    4290169,
    4323807,
    4341037,
    4373350,
    4390422,
    4423685,
    4440576,
    4474757,
    4490913,
    4507411,
    4524552,
    4557671,
    4573626,
    4590733,
    4625082,
    4640918,
    4674001,
    4690947,
    4708512,
    4741101,
    4774204,
    4791537,
    4807728,
    4824448,
    4841495,
    4857572,
    4975134
  ],