{
  "average_frame_build_time_millis": 2.892863874345548,
  "90th_percentile_frame_build_time_millis": 3.695,
  "99th_percentile_frame_build_time_millis": 7.005,
  "worst_frame_build_time_millis": 9.652,
  "missed_frame_build_budget_count": 0,
  "average_frame_rasterizer_time_millis": 16.60195238095238,
  "stddev_frame_rasterizer_time_millis": 1.619074829931972,
  "90th_percentile_frame_rasterizer_time_millis": 17.646,
  "99th_percentile_frame_rasterizer_time_millis": 30.568,
  "worst_frame_rasterizer_time_millis": 30.882,
  "missed_frame_rasterizer_budget_count": 160,
  "frame_count": 191,
  "frame_rasterizer_count": 189,
  "new_gen_gc_count": 4,
  "old_gen_gc_count": 0,
  "frame_build_times": [
    3567,
    2803,
    3089,
    3695,
    3047,
    2976,
    2963,
    3047,
    3153,
    3062,
    3007,
    3175,
    3036,
    3072,
    3134,
    2890,
    2946,
    2926,
    2727,
    3029,
    2937,
    3268,
    688,
    2861,
    588,
    3379,
    549,
    3371,
    563,
    3143,
    509,
    7005,
    3532,
    2963,
    3408,
    3565,
    3670,
    3417,
    3551,
    3568,
    3188,
    2786,
    3489,
    3463,
    3472,
    3418,
    3434,
    3426,
    3262,
    3617,
    3471,
    3419,
    3244,
    3400,
    3412,
    3237,
    527,
    755,
    626,
    509,
    702,
    762,
    598,
    9351,
    3516,
    4120,
    3140,
    3455,
    4298,
    3907,
    3617,
    3775,
    3357,
    3719,
    3964,
    3388,
    3774,
    3831,
    3384,
    3840,
    3654,
    3480,
    3458,
    3383,
    3273,
    3323,
    639,
    3417,
    580,
    3151,
    589,
    3266,
    583,
    3134,
    570,
    6753,
    3350,
    2934,
    3313,
    3298,
    3145,
    3423,
    3351,
    3182,
    3300,
    3208,
    3292,
    3387,
    3253,
    3306,
    3282,
    3272,
    3803,
    3572,
    3418,
    2510,
    3292,
    3174,
    3488,
    3194,
    562,
    540,
    511,
    607,
    528,
    732,
    617,
    9652,
    3494,
    4160,
    1813,
    3103,
    4054,
    3618,
    3717,
    3636,
    3667,
    3544,
    3614,
    3447,
    3370,
    3199,
    3063,
    3229,
    3054,
    3283,
    3046,
    2904,
    2803,
    2898,
    681,
    2958,
    582,
    2843,
    532,
    2922,
    577,
    2894,
    533,
    6286,
    2932,
    2973,
    3025,
    3152,
    3321,
    2967,
    2993,
    3115,
    3704,
    2936,
    3096,
    3006,
    2721,
    2891,
    3013,
    2913,
    3049,
    2975,
    2906,
    3221,
    3453,
    3303,
    3257,
    3300,
    640,
    562,
    507,
    723,
    710,
    733,
    635
  ],
  "frame_rasterizer_times": [
    30568,
    23060,
    19803,
    17918,
    16328,
    17179,
    17136,
    16276,
    17490,
    16365,
    17235,
    16014,
    17756,
    16319,
    17137,
    16039,
    17522,
    16055,
    17488,
    15982,
    17439,
    16688,
    16843,
    15907,
    17450,
    16716,
    16859,
    16801,
    16524,
    16829,
    16737,
    16727,
    16623,
    16737,
    16704,
    16791,
    16845,
    16720,
    16536,
    17033,
    16842,
    16712,
    16946,
    16483,
    16759,
    16645,
    16626,
    16720,
    16749,
    16590,
    16683,
    16601,
    16562,
    16674,
    16230,
    14553,
    16618,
    16505,
    5695,
    6245,
    6548,
    7268,
    26199,
    29116,
    30643,
    23383,
    19326,
    18615,
    16251,
    14990,
    15289,
    15382,
    15755,
    16791,
    15216,
    15956,
    16258,
    16833,
    16468,
    16085,
    16695,
    17075,
    16798,
    16774,
    16660,
    16581,
    17090,
    16578,
    16607,
    16533,
    16793,
    16647,
    16826,
    16657,
    16848,
    16807,
    16827,
    16788,
    16780,
    17196,
    16574,
    16943,
    16737,
    16967,
    16646,
    16715,
    16618,
    16694,
    17288,
    17425,
    16343,
    16950,
    16382,
    17860,
    16876,
    16772,
    16400,
    17319,
    16154,
    14297,
    13514,
    13954,
    7428,
    5269,
    6299,
    6777,
    24881,
    30882,
    30497,
    23463,
    19382,
    18037,
    16383,
    16107,
    14988,
    15869,
    16231,
    16110,
    16485,
    16972,
    16130,
    16803,
    17044,
    16626,
    17192,
    16450,
    16966,
    16584,
    17249,
    16269,
    16711,
    17047,
    17408,
    16159,
    17028,
    16342,
    17646,
    15951,
    16953,
    17621,
    16723,
    16745,
    16025,
    17670,
    17005,
    16485,
    16896,
    16837,
    16178,
    17417,
    16905,
    16601,
    16762,
    16920,
    16580,
    16819,
    16751,
    16736,
    16713,
    16646,
    16720,
    16708,
    16658,
    13157,
    13998,
    13387,
    7698,
    5356,
    6457
  ],
  "frame_begin_times": [
    0,
    17257,
    34087,
    67398,
    101116,
    117898,
    134810,
    151350,
    167759,
    184503,
    201212,
    217355,
    234901,
    251216,
    268279,
    284379,
    301091,
    317845,
    334249,
    351473,
    367753,
    384583,
    401374,
    418375,
    435210,
    451452,
    468036,
    484625,
    501313,
    518101,
    534848,
    551571,
    568113,
    584651,
    601900,
    618426,
    635117,
    651674,
    668442,
    685074,
    701873,
    717755,
    735350,
    751768,
    768277,
    784850,
    801636,
    818581,
    835312,
    851711,
    868312,
    885027,
    901823,
    919141,
    935177,
    951702,
    968414,
    985132,
    1002456,
    1119088,
    1236380,
    1353294,
    1470112,
    1487010,
    1502390,
    1520652,
    1553178,
    1586569,
    1603121,
    1620042,
    1653476,
    1670267,
    1686660,
    1703832,
    1719543,
    1737793,
    1753525,
    1770183,
    1786780,
    1803775,
    1821014,
    1836574,
    1853763,
    1869861,
    1886985,
    1903750,
    1920331,
    1937451,
    1954309,
    1970451,
    1987333,
    2004116,
    2020609,
    2037977,
    2054053,
    2070545,
    2087208,
    2103902,
    2120593,
    2137248,
    2154055,
    2170682,
    2187692,
    2204933,
    2221287,
    2238653,
    2254293,
    2270957,
    2287764,
    2305258,
    2321115,
    2337736,
    2353880,
    2370200,
    2386878,
    2404526,
    2420797,
    2437526,
    2454235,
    2470913,
    2487499,
    2504184,
    2520746,
    2639327,
    2754506,
    2870705,
    2988571,
    3006011,
    3022172,
    3039325,
    3071339,
    3105458,
    3121840,
    3138911,
    3171557,
    3189246,
    3205327,
    3222141,
    3238936,
    3255718,
    3271784,
    3290008,
    3305901,
    3322499,
    3339098,
    3355744,
    3372515,
    3389078,
    3405849,
    3422466,
    3439137,
    3455810,
    3472506,
    3490192,
    3505997,
    3522276,
    3539575,
    3556117,
    3572424,
    3588937,
    3606386,
    3622864,
    3639078,
    3655397,
    3672284,
    3689609,
    3705924,
    3722867,
    3739290,
    3755863,
    3772652,
    3789055,
    3806085,
    3823053,
    3839644,
    3856304,
    3873183,
    3889906,
    3906351,
    3923158,
    3939779,
    3956243,
    3973069,
    3989729,
    4006145,
    4023098,
    4039700,
    4158287,
    4273266,
    4391366,
    4507606
  ],