{
  "average_frame_build_time_millis": 3.0323471502590653,
  "90th_percentile_frame_build_time_millis": 4.077,
  "99th_percentile_frame_build_time_millis": 7.965,
  "worst_frame_build_time_millis": 9.846,
  "missed_frame_build_budget_count": 0,
  "average_frame_rasterizer_time_millis": 16.783141361256543,
  "stddev_frame_rasterizer_time_millis": 1.680220498341603,
  "90th_percentile_frame_rasterizer_time_millis": 17.773,
  "99th_percentile_frame_rasterizer_time_millis": 30.432,
  "worst_frame_rasterizer_time_millis": 30.987,
  "missed_frame_rasterizer_budget_count": 160,
  "frame_count": 193,
  "frame_rasterizer_count": 191,
  "new_gen_gc_count": 4,
  "old_gen_gc_count": 0,
  "frame_build_times": [
    3683,
    4182,
    2996,
    2815,
    4246,
    3640,
    3546,
    3124,
    3067,
    3224,
    3134,
    2943,
    3265,
    3029,
    3064,
    3216,
    3126,
    3205,
    3416,
    3230,
    3123,
    543,
    3538,
    608,
    3576,
    582,
    3645,
    686,
    3914,
    566,
    3926,
    573,
    8255,
    4228,
    3727,
    3795,
    3992,
    3461,
    2783,
    3549,
    3668,
    3335,
    3165,
    3255,
    3098,
    3091,
    3197,
    3060,
    2980,
    3435,
    3185,
    2717,
    3091,
    3320,
    3264,
    3358,
    656,
    632,
    679,
    843,
    491,
    698,
    746,
    9846,
    4186,
    4999,
    2424,
    3726,
    4311,
    3605,
    3288,
    3422,
    3388,
    3479,
    3594,
    3490,
    3781,
    3273,
    3681,
    3336,
    3636,
    3679,
    3835,
    3689,
    4342,
    585,
    4109,
    524,
    4125,
    795,
    4389,
    731,
    3806,
    555,
    4077,
    617,
    7965,
    3969,
    4294,
    3724,
    3641,
    3590,
    3603,
    3478,
    3476,
    3327,
    3366,
    3321,
    3553,
    3334,
    3486,
    3604,
    3289,
    3698,
    3797,
    3409,
    4399,
    4070,
    4143,
    4210,
    562,
    542,
    578,
    664,
    486,
    621,
    490,
    7460,
    2843,
    1962,
    3024,
    3143,
    3098,
    3415,
    3850,
    3858,
    3708,
    3772,
    3870,
    3950,
    3443,
    3982,
    3751,
    3865,
    3670,
    3728,
    3147,
    3457,
    3537,
    3476,
    593,
    3707,
    547,
    3222,
    690,
    2914,
    552,
    3075,
    568,
    3181,
    558,
    6873,
    2794,
    2415,
    2798,
    3121,
    3584,
    3343,
    3508,
    3847,
    3516,
    3857,
    3845,
    3843,
    3985,
    3815,
    2813,
    3668,
    3677,
    3960,
    3611,
    3409,
    3258,
    3619,
    3161,
    608,
    1337,
    757,
    723,
    756,
    512,
    687,
    730
  ],
  "frame_rasterizer_times": [
    30432,
    23410,
    19486,
    17635,
    16180,
    16153,
    16979,
    17180,
    17018,
    17114,
    16959,
    17091,
    17271,
    17289,
    17553,
    17391,
    16840,
    17552,
    16608,
    17035,
    17119,
    17278,
    17010,
    17080,
    16925,
    17222,
    16758,
    16983,
    17150,
    17055,
    16940,
    17203,
    16967,
    16976,
    16569,
    14891,
    15147,
    16322,
    16976,
    16249,
    16700,
    17272,
    17252,
    16826,
    16969,
    17091,
    17292,
    16914,
    17095,
    17758,
    16703,
    17357,
    16862,
    16032,
    17635,
    13361,
    14572,
    13071,
    8544,
    6288,
    7497,
    7342,
    28129,
    30346,
    30850,
    22965,
    19787,
    17757,
    17013,
    17088,
    17208,
    17074,
    17191,
    17333,
    17340,
    16672,
    17443,
    17591,
    16626,
    17701,
    16279,
    17957,
    16653,
    17506,
    16588,
    17476,
    17067,
    16991,
    16998,
    17118,
    16825,
    16989,
    16934,
    16582,
    17097,
    16897,
    15898,
    15650,
    16856,
    17001,
    17220,
    17026,
    17179,
    17303,
    16613,
    17253,
    17064,
    17773,
    17138,
    16432,
    18049,
    16837,
    16161,
    17983,
    17207,
    17226,
    17174,
    16928,
    17025,
    14167,
    13538,
    13780,
    8091,
    6374,
    6646,
    6141,
    25116,
    24095,
    30987,
    23317,
    19831,
    18017,
    17819,
    16628,
    17556,
    16501,
    17501,
    16631,
    17501,
    17083,
    16967,
    17085,
    16972,
    17049,
    16633,
    15357,
    15311,
    17082,
    16691,
    16864,
    17030,
    16879,
    17209,
    16979,
    16818,
    17328,
    17227,
    16967,
    17488,
    16268,
    17763,
    16774,
    17016,
    17272,
    17438,
    17091,
    17205,
    17097,
    16993,
    16886,
    16998,
    17299,
    17130,
    16838,
    16902,
    17140,
    16881,
    17131,
    16831,
    18369,
    14573,
    15069,
    14863,
    14948,
    14421,
    13666,
    13922,
    13124,
    7256,
    6321,
    7343
  ],
  "frame_begin_times": [
    0,
    17255,
    50423,
    83310,
    99104,
    133497,
    150453,
    166596,
    183499,
    200095,
    216851,
    233503,
    250120,
    266874,
    283554,
    300518,
    316955,
    332811,
    350401,
    366675,
    383381,
    400377,
    417066,
    433677,
    450391,
    466956,
    483757,
    500107,
    517018,
    533707,
    550208,
    566955,
    583561,
    600242,
    616891,
    634560,
    667666,
    684308,
    700425,
    716596,
    734333,
    751113,
    767671,
    784512,
    801021,
    817834,
    834362,
    851190,
    867718,
    884076,
    900946,
    917844,
    934689,
    951013,
    967382,
    984290,
    1000907,
    1017605,
    1034264,
    1151897,
    1268123,
    1385549,
    1502084,
    1519238,
    1534518,
    1552704,
    1584757,
    1618270,
    1635352,
    1668991,
    1685634,
    1702044,
    1718917,
    1735621,
    1752496,
    1768690,
    1785359,
    1803422,
    1818324,
    1835248,
    1852327,
    1868923,
    1885757,
    1902443,
    1919005,
    1935765,
    1952621,
    1969021,
    1985849,
    2002405,
    2019130,
    2035542,
    2052397,
    2068920,
    2085634,
    2102662,
    2119527,
    2153276,
    2169770,
    2186820,
    2203257,
    2219817,
    2236561,
    2253003,
    2269659,
    2286344,
    2303287,
    2319915,
    2336808,
    2353568,
    2369658,
    2386235,
    2402637,
    2419618,
    2436410,
    2453062,
    2469846,
    2486499,
    2503190,
    2519783,
    2536540,
    2553107,
    2569897,
    2687389,
    2803142,
    2920266,
    3037154,
    3053688,
    3071150,
    3087034,
    3120827,
    3137055,
    3171339,
    3187488,
    3203481,
    3220862,
    3237568,
    3254292,
    3271133,
    3287666,
    3303599,
    3320261,
    3337402,
    3353985,
    3370929,
    3387894,
    3421538,
    3438801,
    3453735,
    3471146,
    3487560,
    3504576,
    3521536,
    3538198,
    3555037,
    3571680,
    3588733,
    3605101,
    3621681,
    3638380,
    3655193,
    3671521,
    3688899,
    3705058,
    3721243,
    3738206,
    3755208,
    3771722,
    3788565,
    3805161,
    3821579,
    3838342,
    3854972,
    3871776,
    3889332,
    3905098,
    3921500,
    3938270,
    3955006,
    3971668,
    3988573,
    4022210,
    4038894,
    4055758,
    4072711,
    4088420,
    4105284,
    4121377,
    4139162,
    4257509,
    4372395,
    4489970,
    4606514
  ],