{
  "average_frame_build_time_millis": 2.78051052631579,
  "90th_percentile_frame_build_time_millis": 3.661,
  "99th_percentile_frame_build_time_millis": 8.395,
  "worst_frame_build_time_millis": 8.882,
  "missed_frame_build_budget_count": 0,
  "average_frame_rasterizer_time_millis": 16.813313829787237,
  "stddev_frame_rasterizer_time_millis": 1.7805036215482104,
  "90th_percentile_frame_rasterizer_time_millis": 17.931,
  "99th_percentile_frame_rasterizer_time_millis": 30.075,
  "worst_frame_rasterizer_time_millis": 30.435,
  "missed_frame_rasterizer_budget_count": 157,
  "frame_count": 190,
  "frame_rasterizer_count": 188,
  "new_gen_gc_count": 4,
  "old_gen_gc_count": 0,
  "frame_build_times": [
    497,
    8590,
    2492,
    3218,
    2012,
    2868,
    2960,
    2749,
    2988,
    2860,
    2815,
    2853,
    2812,
    2909,
    2872,
    2965,
    2893,
    2849,
    2766,
    2696,
    2890,
    2937,
    3125,
    3440,
    534,
    3380,
    537,
    3120,
    555,
    3096,
    489,
    3387,
    476,
    7017,
    3008,
    3272,
    3465,
    3625,
    3113,
    3288,
    3039,
    3311,
    3061,
    3353,
    3136,
    2808,
    2931,
    2878,
    2914,
    2778,
    2978,
    2884,
    2799,
    2957,
    2996,
    2934,
    2778,
    535,
    645,
    513,
    894,
    502,
    588,
    681,
    8882,
    3847,
    4245,
    2971,
    3679,
    3658,
    3882,
    3750,
    4149,
    3613,
    3924,
    3245,
    3162,
    3282,
    3363,
    3307,
    3106,
    3370,
    3267,
    3155,
    3311,
    3137,
    487,
    3301,
    705,
    3101,
    514,
    3187,
    475,
    3252,
    551,
    3327,
    496,
    6361,
    3639,
    3661,
    3767,
    3642,
    3885,
    3635,
    3510,
    3680,
    3448,
    3828,
    3496,
    3330,
    3561,
    3425,
    3358,
    3402,
    3312,
    3375,
    3032,
    3210,
    3397,
    3222,
    3118,
    611,
    640,
    486,
    628,
    478,
    759,
    641,
    8395,
    2723,
    3958,
    2264,
    3597,
    3107,
    4009,
    3318,
    3416,
    3436,
    3079,
    3201,
    2759,
    3211,
    3125,
    3040,
    2979,
    2914,
    2774,
    2797,
    2853,
    2967,
    613,
    2810,
    666,
    2887,
    654,
    2996,
    527,
    3457,
    569,
    4362,
    2122,
    3118,
    3451,
    3395,
    2830,
    3093,
    3320,
    3325,
    3272,
    3148,
    3288,
    2891,
    3059,
    2983,
    2880,
    2939,
    2734,
    2951,
    2805,
    3072,
    2913,
    2626,
    2801,
    577,
    579,
    586,
    556,
    697,
    610,
    664
  ],
  "frame_rasterizer_times": [
    15244,
    29563,
    29298,
    23488,
    19573,
    18282,
    16930,
    17379,
    16593,
    17345,
    17553,
    16790,
    17030,
    16256,
    17892,
    16236,
    17325,
    16900,
    16856,
    17570,
    16980,
    16148,
    17803,
    16686,
    17044,
    16885,
    16870,
    16982,
    17087,
    16389,
    17222,
    16980,
    16785,
    16841,
    16789,
    16921,
    15382,
    15471,
    16114,
    16517,
    16217,
    16928,
    16976,
    17013,
    16865,
    17035,
    16661,
    16831,
    16901,
    16864,
    16906,
    16855,
    16990,
    16896,
    17775,
    16275,
    14360,
    12817,
    14786,
    7260,
    5356,
    6266,
    6216,
    24623,
    29674,
    30081,
    24113,
    18649,
    19495,
    16531,
    16485,
    15456,
    15614,
    16056,
    16758,
    17072,
    17264,
    17278,
    16645,
    17200,
    17179,
    17391,
    16550,
    17509,
    16819,
    17330,
    17707,
    16165,
    17818,
    16254,
    17906,
    17071,
    16971,
    17009,
    16953,
    17201,
    17172,
    17098,
    16793,
    16984,
    17194,
    17191,
    16651,
    16941,
    17135,
    17498,
    15687,
    15918,
    14923,
    16263,
    16701,
    16650,
    17024,
    17082,
    16898,
    17055,
    17022,
    17118,
    17098,
    16977,
    14199,
    13539,
    14595,
    7679,
    5234,
    6199,
    6309,
    17222,
    30075,
    30435,
    27444,
    21414,
    17653,
    17875,
    16965,
    16755,
    17021,
    18330,
    16367,
    16201,
    16691,
    17051,
    17301,
    17109,
    17178,
    16956,
    17040,
    16988,
    17931,
    16132,
    18060,
    16604,
    17146,
    19889,
    17450,
    15883,
    17870,
    17811,
    17195,
    17137,
    17172,
    16885,
    14953,
    15607,
    16193,
    16291,
    16559,
    17068,
    17360,
    17442,
    17303,
    17168,
    16989,
    18039,
    16826,
    17133,
    17532,
    17099,
    16992,
    16950,
    17227,
    16748,
    14113,
    15027,
    14002,
    5693,
    6265,
    6386
  ],
  "frame_begin_times": [
    0,
    17395,
    33384,
    50221,
    66810,
    100280,
    134081,
    150742,
    167365,
    184185,
    201444,
    217471,
    233891,
    251860,
    267782,
    283955,
    301314,
    317357,
    334082,
    350921,
    367411,
    384241,
    401044,
    417534,
    434432,
    451213,
    467703,
    484241,
    501011,
    517578,
    534391,
    551053,
    567616,
    584206,
    600917,
    618007,
    635437,
    668244,
    685577,
    701293,
    718105,
    735018,
    751178,
    768239,
    785095,
    801074,
    818295,
    835394,
    851799,
    868339,
    884987,
    901798,
    918344,
    935072,
    952042,
    968453,
    984888,
    1002062,
    1018143,
    1035306,
    1153649,
    1268538,
    1385963,
    1502699,
    1519955,
    1536231,
    1553269,
    1585577,
    1619551,
    1635813,
    1652643,
    1669356,
    1702941,
    1719756,
    1735712,
    1752962,
    1769196,
    1786273,
    1802927,
    1819821,
    1836469,
    1852968,
    1869639,
    1886433,
    1903325,
    1919899,
    1936761,
    1953350,
    1969409,
    1986022,
    2003272,
    2019753,
    2036913,
    2053284,
    2070015,
    2086597,
    2103261,
    2119859,
    2136536,
    2153265,
    2169455,
    2186652,
    2203212,
    2219955,
    2236535,
    2253555,
    2270707,
    2287237,
    2320644,
    2338588,
    2353854,
    2370813,
    2388068,
    2403924,
    2420672,
    2437282,
    2454141,
    2470739,
    2487349,
    2504084,
    2520675,
    2537600,
    2554159,
    2570892,
    2688964,
    2803940,
    2921543,
    3038260,
    3054975,
    3070506,
    3088330,
    3104484,
    3137935,
    3171824,
    3188059,
    3204706,
    3221329,
    3237937,
    3254750,
    3271354,
    3304986,
    3321767,
    3338417,
    3355338,
    3371816,
    3388645,
    3405350,
    3421999,
    3438608,
    3455447,
    3472072,
    3488574,
    3505339,
    3522289,
    3539157,
    3555215,
    3572099,
    3588578,
    3605349,
    3621269,
    3638237,
    3655351,
    3671792,
    3705930,
    3722156,
    3739282,
    3755935,
    3772410,
    3789112,
    3806108,
    3822918,
    3839789,
    3856268,
    3872991,
    3889401,
    3905695,
    3922907,
    3939301,
    3957145,
    3972255,
    3989889,
    4006007,
    4022685,
    4039598,
    4056105,
    4072234,
    4189359,
    4307782,
    4423445,
    4540430
  ],