{
  "average_frame_build_time_millis": 2.469633093525181,
  "90th_percentile_frame_build_time_millis": 2.957,
  "99th_percentile_frame_build_time_millis": 4.445,
  "worst_frame_build_time_millis": 7.846,
  "missed_frame_build_budget_count": 0,
  "average_frame_rasterizer_time_millis": 3.3856350364963506,
  "stddev_frame_rasterizer_time_millis": 0.21898449571101283,
  "90th_percentile_frame_rasterizer_time_millis": 3.74,
  "99th_percentile_frame_rasterizer_time_millis": 4.388,
  "worst_frame_rasterizer_time_millis": 4.62,
  "missed_frame_rasterizer_budget_count": 0,
  "frame_count": 139,
  "frame_rasterizer_count": 137,
  "new_gen_gc_count": 2,
  "old_gen_gc_count": 0,
  "frame_build_times": [
    2709,
    2488,
    2494,
    2513,
    2475,
    2692,
    2718,
    2537,
    2581,
    2597,
    2384,
    2977,
    2827,
    2551,
    2533,
    2473,
    2831,
    2747,
    2906,
    2501,
    2535,
    2616,
    2411,
    3164,
    2665,
    2568,
    2612,
    2680,
    2553,
    2714,
    2370,
    2523,
    2489,
    2410,
    2392,
    2619,
    2480,
    2654,
    2427,
    2377,
    2546,
    3072,
    2669,
    2469,
    2379,
    2354,
    2502,
    3409,
    906,
    7846,
    1946,
    3589,
    2757,
    4053,
    2507,
    3835,
    2394,
    3840,
    2703,
    4445,
    2216,
    3554,
    851,
    2351,
    905,
    2921,
    892,
    2335,
    808,
    2450,
    919,
    2902,
    1017,
    2485,
    785,
    2468,
    791,
    2974,
    1046,
    2493,
    926,
    2483,
    1020,
    743,
    2923,
    2741,
    2476,
    2898,
    2441,
    2543,
    2545,
    2351,
    3212,
    2358,
    2421,
    2591,
    2330,
    2240,
    2132,
    2388,
    2302,
    2459,
    2122,
    2482,
    2264,
    2355,
    2423,
    2577,
    2288,
    2242,
    2476,
    2366,
    2463,
    2957,
    2419,
    2473,
    2819,
    2446,
    2455,
    2522,
    2602,
    2221,
    2396,
    2414,
    2469,
    2531,
    2302,
    2393,
    2355,
    2329,
    2490,
    2680,
    2260,
    2386,
    2495,
    2526,
    2577,
    3194,
    810
  ],
  "frame_rasterizer_times": [
    3137,
    3020,
    3047,
    3283,
    3622,
    3381,
    3140,
    2925,
    3534,
    3190,
    3019,
    3511,
    3193,
    3194,
    3024,
    3072,
    3504,
    3244,
    3293,
    3133,
    3491,
    3084,
    3302,
    3295,
    3015,
    3096,
    3448,
    3441,
    4388,
    2946,
    3080,
    3164,
    3463,
    3227,
    3407,
    3211,
    3520,
    3015,
    3106,
    3684,
    3247,
    3278,
    3458,
    3092,
    3107,
    3481,
    3793,
    4106,
    3276,
    3099,
    3740,
    3991,
    4103,
    3513,
    3726,
    4620,
    3735,
    4288,
    3017,
    3740,
    3353,
    3202,
    3445,
    3793,
    3252,
    3368,
    3265,
    3240,
    3476,
    3636,
    3243,
    3697,
    3084,
    3319,
    3335,
    3691,
    3325,
    3385,
    3355,
    3364,
    3370,
    3844,
    3365,
    3055,
    3163,
    3004,
    3466,
    3589,
    3385,
    3446,
    3310,
    3766,
    3410,
    3571,
    3275,
    3604,
    3248,
    3252,
    3367,
    3313,
    3008,
    3408,
    3525,
    3257,
    3388,
    3283,
    3194,
    3238,
    3506,
    3533,
    3313,
    3630,
    3186,
    3137,
    3561,
    3780,
    3424,
    3776,
    2965,
    3578,
    3249,
    3306,
    3458,
    3516,
    3241,
    3168,
    3146,
    3251,
    3141,
    3841,
    3311,
    3083,
    3312,
    3508,
    3298,
    3537,
    3886
  ],
  "frame_begin_times": [
    0,
    16705,
    34082,
    49900,
    66722,
    83410,
    100108,
    116709,
    133534,
    151116,
    166880,
    183526,
    200209,
    216891,
    233218,
    250139,
    266953,
    283705,
    300331,
    317052,
    333773,
    351173,
    366980,
    383912,
    400536,
    417125,
    433984,
    450498,
    467262,
    484104,
    499729,
    517335,
    534065,
    550591,
    567394,
    584014,
    600613,
    617820,
    634106,
    650744,
    667511,
    684144,
    700867,
    717919,
    734365,
    750909,
    767639,
    784392,
    800893,
    818019,
    834326,
    851150,
    867948,
    884493,
    901127,
    918478,
    934570,
    951121,
    968153,
    984809,
    1001279,
    1017755,
    1034761,
    1051345,
    1068022,
    1084762,
    1101377,
    1118556,
    1135177,
    1151505,
    1168210,
    1184931,
    1201596,
    1218327,
    1234940,
    1251824,
    1268358,
    1285019,
    1301674,
    1318111,
    1335075,
    1351937,
    1368621,
    1385205,
    1401867,
    1418793,
    1435312,
    1452183,
    1468736,
    1485444,
    1502029,
    1518967,
    1535534,
    1552126,
    1568823,
    1585568,
    1602113,
    1618840,
    1635535,
    1652324,
    1668817,
    1685629,
    1702524,
    1719160,
    1735837,
    1752397,
    1769177,
    1785793,
    1802502,
    1819422,
    1836059,
    1852615,
    1869161,
    1886013,
    1901664,
    1919915,
    1936316,
    1952590,
    1969296,
    1986060,
    2002071,
    2019198,
    2036036,
    2052878,
    2069564,
    2086321,
    2102787,
    2119984,
    2136312,
    2153042,
    2169748,
    2186560,
    2203065,
    2220150,
    2237336,
    2253076,
    2269858,
    2286464,
    2303064
  ],
  "frame_rasterizer_begin_times": [
    0,
    17497,
    33311,
    50037,
    66805,
    83548,
    100068,
    117009,
    134498,
    150192,
    166952,
    183660,
    200234,
    216541,
    233504,
    250292,
    267093,
    283814,
    300371,
    317254,
    334502,
    350294,
    367345,
    383977,
    400457,
    417477,
    433812,
    450566,
    467468,
    482987,
    500682,
    517502,
    533884,
    550702,
    567361,
    583944,
    601202,
    617529,
    634048,
    650883,
    667530,
    684324,
    701292,
    717696,
    734210,
    750936,
    767849,
    783764,
    805502,
    818110,
    835116,
    851711,
    868682,
    884954,
    902504,
    918276,
    935150,
    952008,
    969056,
    985146,
    1001848,
    1017663,
    1034562,
    1050876,
    1068104,
    1084254,
    1101779,
    1118060,
    1134730,
    1151069,
    1168271,
    1184530,
    1201551,
    1217805,
    1235061,
    1251218,
    1268295,
    1284550,
    1301434,
    1317945,
    1335190,
    1351525,
    1368253,
    1385417,
    1402085,
    1418617,
    1435492,
    1452062,
    1468813,
    1485466,
    1502249,
    1519208,
    1535455,
    1552193,
    1569065,
    1585477,
    1602170,
    1618812,
    1635671,
    1652128,
    1669014,
    1685800,
    1702460,
    1719151,
    1735734,
    1752527,
    1769284,
    1785860,
    1802767,
    1819414,
    1835961,
    1852519,
    1869581,
    1885111,
    1903456,
    1920148,
    1935904,
    1952681,
    1969482,
    1985592,
    2002537,
    2019388,
    2036219,
    2053025,
    2069792,
    2086101,
    2103332,
    2119694,
    2136378,
    2153259,
    2170011,
    2186472,
    2203502,
    2220683,
    2236427,
    2253416,
    2269882
  ],
  "average_vsync_transitions_missed": 0.0,
  "90th_percentile_vsync_transitions_missed": 0.0,
  "99th_percentile_vsync_transitions_missed": 0.0,
  "average_vsync_frame_lag": 0.0,
  "90th_percentile_vsync_frame_lag": 0.0,
  "99th_percentile_vsync_frame_lag": 0.0,
  "average_layer_cache_count": 0.0,
  "90th_percentile_layer_cache_count": 0.0,
  "99th_percentile_layer_cache_count": 0.0,
  "average_frame_request_pending_latency": 15993.384057971014,
  "90th_percentile_frame_request_pending_latency": 16622.0,
  "99th_percentile_frame_request_pending_latency": 17314.0,
  "worst_layer_cache_count": 0.0,
  "average_layer_cache_memory": 0.0,
  "90th_percentile_layer_cache_memory": 0.0,
  "99th_percentile_layer_cache_memory": 0.0,
  "worst_layer_cache_memory": 0.0,
  "average_picture_cache_count": 0.0,
  "90th_percentile_picture_cache_count": 0.0,
  "99th_percentile_picture_cache_count": 0.0,
  "worst_picture_cache_count": 0.0,
  "average_picture_cache_memory": 0.0,