{
  "average_frame_build_time_millis": 2.6328848920863313,
  "90th_percentile_frame_build_time_millis": 3.161,
  "99th_percentile_frame_build_time_millis": 4.387,
  "worst_frame_build_time_millis": 8.314,
  "missed_frame_build_budget_count": 0,
  "average_frame_rasterizer_time_millis": 3.6289635036496337,
  "stddev_frame_rasterizer_time_millis": 0.2462087484682189,
  "90th_percentile_frame_rasterizer_time_millis": 3.97,
  "99th_percentile_frame_rasterizer_time_millis": 4.465,
  "worst_frame_rasterizer_time_millis": 5.817,
  "missed_frame_rasterizer_budget_count": 0,
  "frame_count": 139,
  "frame_rasterizer_count": 137,
  "new_gen_gc_count": 2,
  "old_gen_gc_count": 0,
  "frame_build_times": [
    2583,
    2779,
    2754,
    2721,
    3293,
    2568,
    2456,
    2464,
    2496,
    2855,
    3242,
    2554,
    2892,
    2767,
    2902,
    2985,
    3161,
    3043,
    1967,
    2979,
    2614,
    3094,
    2866,
    2517,
    2517,
    2762,
    2848,
    2761,
    2896,
    2454,
    2605,
    2684,
    2797,
    3034,
    2853,
    2516,
    2736,
    2759,
    2707,
    3087,
    2831,
    2765,
    2773,
    2752,
    2843,
    2746,
    2904,
    3300,
    907,
    8314,
    2166,
    4296,
    2579,
    4064,
    3166,
    4129,
    2955,
    4162,
    2717,
    4387,
    2499,
    3891,
    943,
    2460,
    859,
    2569,
    876,
    2722,
    1045,
    2859,
    878,
    2840,
    978,
    2522,
    1144,
    2485,
    913,
    2905,
    865,
    2732,
    1027,
    2778,
    876,
    834,
    2875,
    3095,
    2557,
    2639,
    2667,
    2866,
    2771,
    2633,
    3378,
    2343,
    2606,
    2530,
    2429,
    2436,
    2360,
    2290,
    2488,
    2755,
    2538,
    2815,
    2347,
    2401,
    2732,
    2696,
    2551,
    2689,
    2441,
    2471,
    2347,
    2789,
    2448,
    2634,
    3527,
    2804,
    2661,
    2786,
    2471,
    2485,
    2700,
    2511,
    2501,
    2656,
    2627,
    2540,
    2600,
    2669,
    2487,
    2926,
    2476,
    2638,
    2583,
    2582,
    2564,
    3894,
    842
  ],
  "frame_rasterizer_times": [
    3755,
    3422,
    3377,
    2905,
    5817,
    3455,
    3647,
    3674,
    3905,
    3247,
    3470,
    3970,
    3751,
    3574,
    3929,
    3022,
    2875,
    2672,
    3871,
    3576,
    3442,
    3138,
    3341,
    3326,
    3707,
    4398,
    3561,
    3157,
    3332,
    3509,
    3609,
    3628,
    4398,
    3167,
    3383,
    3556,
    3552,
    3516,
    3915,
    3331,
    3869,
    3520,
    3661,
    4010,
    3480,
    3244,
    3708,
    3834,
    3519,
    3222,
    4170,
    3867,
    3931,
    4465,
    3952,
    4088,
    4010,
    4127,
    3690,
    3666,
    3938,
    3782,
    3634,
    3300,
    3508,
    3535,
    3809,
    3939,
    3842,
    3322,
    3474,
    3644,
    3447,
    4098,
    3580,
    3523,
    3622,
    3554,
    4156,
    3585,
    3820,
    3521,
    3228,
    3321,
    3755,
    3637,
    3933,
    3957,
    3295,
    3735,
    3575,
    4174,
    3620,
    3559,
    3347,
    3659,
    3597,
    3651,
    3625,
    3725,
    3383,
    3493,
    4223,
    3540,
    3681,
    3589,
    3296,
    3509,
    3437,
    3930,
    3616,
    3575,
    3244,
    3571,
    3828,
    3863,
    3948,
    3287,
    3295,
    3473,
    3785,
    3693,
    3978,
    3631,
    3061,
    3455,
    3686,
    3703,
    3672,
    3722,
    3168,
    3428,
    3776,
    3698,
    3447,
    3511,
    3034
  ],
  "frame_begin_times": [
    0,
    16724,
    33358,
    50068,
    66476,
    83551,
    99165,
    116903,
    133037,
    150002,
    166765,
    183654,
    200133,
    216894,
    233395,
    250140,
    266707,
    284182,
    300415,
    317479,
    333727,
    350462,
    366945,
    383771,
    400458,
    417271,
    433961,
    450669,
    467325,
    483985,
    500775,
    517337,
    533951,
    550837,
    567428,
    584111,
    601010,
    617460,
    634158,
    650914,
    667637,
    684060,
    700850,
    717409,
    734055,
    751073,
    767553,
    784250,
    801173,
    817668,
    833871,
    851233,
    867718,
    884417,
    901457,
    918860,
    934484,
    951187,
    968238,
    985683,
    1001534,
    1017950,
    1034575,
    1051504,
    1067929,
    1084944,
    1101427,
    1118166,
    1134769,
    1151563,
    1168241,
    1185135,
    1201593,
    1218268,
    1234951,
    1251801,
    1268378,
    1285098,
    1301727,
    1318643,
    1335058,
    1351885,
    1368736,
    1385722,
    1401907,
    1418623,
    1435451,
    1451953,
    1468932,
    1486419,
    1502005,
    1518762,
    1535551,
    1551999,
    1568899,
    1585722,
    1602182,
    1618923,
    1635671,
    1652377,
    1669027,
    1685641,
    1702430,
    1719006,
    1735736,
    1752703,
    1769295,
    1785876,
    1802449,
    1819353,
    1835905,
    1852482,
    1868621,
    1886124,
    1902717,
    1919344,
    1936135,
    1952771,
    1969467,
    1986968,
    2002857,
    2019677,
    2036121,
    2053236,
    2069513,
    2086322,
    2102835,
    2119686,
    2136218,
    2153062,
    2169767,
    2186509,
    2202970,
    2219661,
    2236467,
    2252864,
    2269712,
    2286639,
    2303186
  ],
  "frame_rasterizer_begin_times": [
    0,
    16611,
    33325,
    49743,
    66765,
    82335,
    100095,
    116198,
    133363,
    150089,
    166963,
    183456,
    200145,
    216622,
    233661,
    250003,
    267515,
    283457,
    300811,
    316963,
    333925,
    350213,
    367025,
    383699,
    400521,
    417285,
    433983,
    450651,
    467186,
    483992,
    500574,
    517262,
    534223,
    550676,
    567345,
    584249,
    600695,
    617561,
    634341,
    650867,
    667300,
    684065,
    700581,
    717364,
    734456,
    750790,
    767525,
    783925,
    805307,
    817604,
    835476,
    851501,
    868449,
    885495,
    902951,
    918576,
    935258,
    951980,
    969831,
    985377,
    1002069,
    1017331,
    1034605,
    1050675,
    1068083,
    1084282,
    1101324,
    1117655,
    1134842,
    1150972,
    1168258,
    1184406,
    1201393,
    1217876,
    1234933,
    1251091,
    1268217,
    1284569,
    1301864,
    1317936,
    1335159,
    1351480,
    1368664,
    1385136,
    1401982,
    1418741,
    1435186,
    1452195,
    1469725,
    1485252,
    1502044,
    1519175,
    1535294,
    1552154,
    1568949,
    1585392,
    1602245,
    1618865,
    1635574,
    1652252,
    1668845,
    1685743,
    1702353,
    1718958,
    1735945,
    1752632,
    1769139,
    1785824,
    1802604,
    1819130,
    1835752,
    1851862,
    1869386,
    1886025,
    1902665,
    1920028,
    1936024,
    1952845,
    1970290,
    1986159,
    2002992,
    2019476,
    2036525,
    2052788,
    2069606,
    2086138,
    2103011,
    2119610,
    2136312,
    2153021,
    2169926,
    2186285,
    2202934,
    2219809,
    2236159,
    2252957,
    2270019
  ],
  "average_vsync_transitions_missed": 0.0,
  "90th_percentile_vsync_transitions_missed": 0.0,
  "99th_percentile_vsync_transitions_missed": 0.0,
  "average_vsync_frame_lag": 0.0,
  "90th_percentile_vsync_frame_lag": 0.0,
  "99th_percentile_vsync_frame_lag": 0.0,
  "average_layer_cache_count": 0.0,
  "90th_percentile_layer_cache_count": 0.0,
  "99th_percentile_layer_cache_count": 0.0,
  "average_frame_request_pending_latency": 15968.731884057972,
  "90th_percentile_frame_request_pending_latency": 16642.0,
  "99th_percentile_frame_request_pending_latency": 17169.0,
  "worst_layer_cache_count": 0.0,
  "average_layer_cache_memory": 0.0,
  "90th_percentile_layer_cache_memory": 0.0,
  "99th_percentile_layer_cache_memory": 0.0,
  "worst_layer_cache_memory": 0.0,
  "average_picture_cache_count": 0.0,
  "90th_percentile_picture_cache_count": 0.0,
  "99th_percentile_picture_cache_count": 0.0,
  "worst_picture_cache_count": 0.0,
  "average_picture_cache_memory": 0.0,