{
  "average_frame_build_time_millis": 2.477115107913671,
  "90th_percentile_frame_build_time_millis": 2.944,
  "99th_percentile_frame_build_time_millis": 4.193,
  "worst_frame_build_time_millis": 8.251,
  "missed_frame_build_budget_count": 0,
  "average_frame_rasterizer_time_millis": 3.403739130434782,
  "stddev_frame_rasterizer_time_millis": 0.16692753623188414,
  "90th_percentile_frame_rasterizer_time_millis": 3.697,
  "99th_percentile_frame_rasterizer_time_millis": 3.894,
  "worst_frame_rasterizer_time_millis": 5.021,
  "missed_frame_rasterizer_budget_count": 0,
  "frame_count": 139,
  "frame_rasterizer_count": 138,
  "new_gen_gc_count": 2,
  "old_gen_gc_count": 0,
  "frame_build_times": [
    2762,
    2875,
    2482,
    2558,
    2390,
    2370,
    2930,
    2696,
    2679,
    2410,
    2428,
    2375,
    2655,
    2696,
    2560,
    2438,
    2410,
    2413,
    2661,
    2724,
    2556,
    2496,
    2511,
    2596,
    2977,
    2751,
    2462,
    2813,
    2532,
    2433,
    2724,
    2837,
    2476,
    2485,
    2499,
    2627,
    2857,
    2807,
    2501,
    2396,
    2698,
    2483,
    3030,
    2769,
    2424,
    2435,
    2460,
    3294,
    850,
    8251,
    2124,
    3650,
    2778,
    4193,
    2602,
    3880,
    2464,
    3906,
    2770,
    3669,
    2518,
    3779,
    821,
    2446,
    806,
    2636,
    905,
    2694,
    905,
    2469,
    791,
    2452,
    917,
    2709,
    819,
    2543,
    804,
    2461,
    918,
    2754,
    913,
    2465,
    849,
    646,
    3085,
    2699,
    2797,
    2860,
    2802,
    2633,
    3035,
    2462,
    3161,
    2383,
    2315,
    2318,
    2405,
    2305,
    2246,
    2402,
    2353,
    2305,
    2414,
    2487,
    2356,
    2300,
    2470,
    2344,
    2446,
    2252,
    2392,
    2421,
    2420,
    2491,
    2996,
    2285,
    2456,
    2331,
    2461,
    2617,
    2513,
    2944,
    2471,
    2323,
    2517,
    2382,
    2324,
    2692,
    2261,
    2479,
    2318,
    2400,
    2244,
    2297,
    2435,
    2375,
    2438,
    2911,
    892
  ],
  "frame_rasterizer_times": [
    3589,
    3476,
    3200,
    3298,
    3151,
    3014,
    3822,
    3388,
    3085,
    3279,
    3223,
    3179,
    3468,
    3497,
    3300,
    3285,
    3208,
    3212,
    3358,
    3514,
    3405,
    3164,
    3300,
    3340,
    3319,
    3249,
    3133,
    3552,
    3298,
    3133,
    3415,
    3506,
    3037,
    3319,
    3474,
    3423,
    3139,
    3336,
    3266,
    3205,
    3489,
    3493,
    3214,
    3321,
    3293,
    3161,
    3140,
    3728,
    3151,
    3410,
    3124,
    3523,
    3857,
    3894,
    3510,
    3598,
    3557,
    3706,
    3881,
    3649,
    3813,
    3697,
    3356,
    3425,
    3432,
    3649,
    3275,
    3532,
    3419,
    3471,
    3438,
    3341,
    3064,
    3498,
    3253,
    3491,
    3448,
    3410,
    3308,
    3553,
    3430,
    3412,
    3310,
    3325,
    3436,
    3151,
    3323,
    3277,
    3753,
    3860,
    3459,
    3413,
    3728,
    3439,
    3311,
    3198,
    2927,
    3215,
    3262,
    3391,
    3289,
    3423,
    3017,
    3484,
    3349,
    3319,
    3406,
    3629,
    3143,
    3447,
    3479,
    3346,
    3202,
    3722,
    3287,
    3405,
    3782,
    3409,
    3204,
    3657,
    3416,
    3449,
    3290,
    3456,
    3497,
    5021,
    3136,
    3589,
    3161,
    3621,
    3456,
    3552,
    3287,
    3313,
    3367,
    3273,
    3248,
    3834
  ],
  "frame_begin_times": [
    0,
    16490,
    33249,
    49860,
    66595,
    83447,
    100012,
    116641,
    133243,
    150282,
    166691,
    183655,
    200181,
    216850,
    233528,
    250404,
    266911,
    283627,
    300330,
    317133,
    333668,
    350514,
    367064,
    384096,
    400465,
    417131,
    433867,
    450528,
    467119,
    483881,
    500546,
    517176,
    533954,
    550709,
    567240,
    584405,
    600644,
    617398,
    633987,
    650724,
    667630,
    684179,
    700813,
    717653,
    734291,
    751065,
    767930,
    784319,
    800937,
    817704,
    833770,
    851137,
    868165,
    884474,
    901054,
    917875,
    934471,
    951157,
    967875,
    984594,
    1001221,
    1017909,
    1034615,
    1051363,
    1067831,
    1084746,
    1101414,
    1118287,
    1134723,
    1151524,
    1168265,
    1184959,
    1201407,
    1218221,
    1234931,
    1251847,
    1268350,
    1284975,
    1301649,
    1318586,
    1335003,
    1352000,
    1368693,
    1385223,
    1401836,
    1418590,
    1435310,
    1452140,
    1468736,
    1485343,
    1502010,
    1518609,
    1535407,
    1552213,
    1568876,
    1585494,
    1602087,
    1618797,
    1635705,
    1652311,
    1668796,
    1685617,
    1702462,
    1718935,
    1735905,
    1752403,
    1769127,
    1785868,
    1802505,
    1819153,
    1836408,
    1852568,
    1869262,
    1885984,
    1902797,
    1919270,
    1936168,
    1952726,
    1969378,
    1986059,
    2002799,
    2019433,
    2037039,
    2052893,
    2069635,
    2086267,
    2101887,
    2119933,
    2136654,
    2154070,
    2169647,
    2186272,
    2203040,
    2219706,
    2236353,
    2253056,
    2269676,
    2286358,
    2303028
  ],
  "frame_rasterizer_begin_times": [
    0,
    16439,
    33172,
    49856,
    66524,
    83339,
    99957,
    116657,
    133406,
    150209,
    166589,
    183541,
    200130,
    216819,
    233503,
    250306,
    266803,
    283552,
    300286,
    317202,
    333621,
    350499,
    366944,
    384012,
    400393,
    417187,
    433807,
    450423,
    467008,
    483754,
    500475,
    517174,
    533935,
    550592,
    567098,
    584307,
    600540,
    617408,
    633982,
    650611,
    667536,
    684044,
    700797,
    717699,
    734189,
    750945,
    767803,
    784228,
    800365,
    821942,
    834177,
    851766,
    868501,
    885167,
    901515,
    918608,
    934873,
    951787,
    968259,
    985278,
    1001705,
    1018632,
    1034036,
    1051163,
    1067257,
    1084544,
    1100851,
    1118182,
    1134095,
    1151301,
    1167668,
    1184757,
    1200818,
    1218128,
    1234348,
    1251637,
    1267766,
    1284750,
    1301053,
    1318480,
    1334415,
    1351807,
    1368102,
    1384784,
    1401845,
    1418489,
    1435223,
    1452047,
    1468669,
    1485350,
    1502051,
    1518501,
    1535540,
    1552099,
    1568769,
    1585428,
    1602046,
    1618778,
    1635569,
    1652184,
    1668654,
    1685586,
    1702379,
    1718844,
    1735797,
    1752296,
    1769027,
    1785902,
    1802412,
    1819079,
    1836331,
    1852501,
    1869216,
    1885992,
    1902817,
    1919182,
    1936102,
    1952634,
    1969455,
    1986071,
    2002778,
    2019914,
    2036962,
    2052804,
    2069714,
    2086249,
    2101875,
    2119975,
    2136562,
    2154067,
    2169600,
    2186245,
    2202934,
    2219623,
    2236255,
    2252985,
    2269723,
    2286357
  ],
  "average_vsync_transitions_missed": 0.0,
  "90th_percentile_vsync_transitions_missed": 0.0,
  "99th_percentile_vsync_transitions_missed": 0.0,
  "average_vsync_frame_lag": 0.0,
  "90th_percentile_vsync_frame_lag": 0.0,
  "99th_percentile_vsync_frame_lag": 0.0,
  "average_layer_cache_count": 0.0,
  "90th_percentile_layer_cache_count": 0.0,
  "99th_percentile_layer_cache_count": 0.0,
  "average_frame_request_pending_latency": 15985.369565217392,
  "90th_percentile_frame_request_pending_latency": 16545.0,
  "99th_percentile_frame_request_pending_latency": 17277.0,
  "worst_layer_cache_count": 0.0,
  "average_layer_cache_memory": 0.0,
  "90th_percentile_layer_cache_memory": 0.0,
  "99th_percentile_layer_cache_memory": 0.0,
  "worst_layer_cache_memory": 0.0,
  "average_picture_cache_count": 0.0,
  "90th_percentile_picture_cache_count": 0.0,
  "99th_percentile_picture_cache_count": 0.0,
  "worst_picture_cache_count": 0.0,
  "average_picture_cache_memory": 0.0,