{
  "average_frame_build_time_millis": 2.5093891625615767,
  "90th_percentile_frame_build_time_millis": 3.66,
  "99th_percentile_frame_build_time_millis": 25.452,
  "worst_frame_build_time_millis": 27.09,
  "missed_frame_build_budget_count": 5,
  "average_frame_rasterizer_time_millis": 10.275676616915423,
  "stddev_frame_rasterizer_time_millis": 4.815411648226529,
  "90th_percentile_frame_rasterizer_time_millis": 19.312,
  "99th_percentile_frame_rasterizer_time_millis": 25.188,
  "worst_frame_rasterizer_time_millis": 29.193,
  "missed_frame_rasterizer_budget_count": 41,
  "frame_count": 203,
  "frame_rasterizer_count": 201,
  "new_gen_gc_count": 8,
  "old_gen_gc_count": 2,
  "frame_build_times": [
    487,
    534,
    26533,
    4884,
    760,
    1198,
    1354,
    1103,
    1025,
    937,
    1236,
    1484,
    1337,
    1252,
    1322,
    1322,
    1764,
    1336,
    3623,
    766,
    662,
    798,
    14102,
    1976,
    795,
    1408,
    1030,
    1360,
    1124,
    953,
    1179,
    1353,
    1809,
    1627,
    1661,
    1170,
    1136,
    1455,
    10111,
    660,
    537,
    568,
    22991,
    7123,
    896,
    1279,
    1281,
    1337,
    1232,
    1371,
    1407,
    1276,
    1367,
    1261,
    1210,
    1345,
    1401,
    1248,
    3456,
    510,
    675,
    558,
    13626,
    2827,
    1206,
    1266,
    900,
    1190,
    1278,
    1129,
    1175,
    1753,
    1224,
    1584,
    1263,
    1497,
    1657,
    1585,
    10191,
    626,
    543,
    576,
    25452,
    5386,
    684,
    1498,
    1252,
    1013,
    1373,
    1514,
    1459,
    1197,
    1344,
    1397,
    1512,
    1243,
    3194,
    3323,
    2581,
    640,
    833,
    839,
    15599,
    2732,
    1254,
    1438,
    1189,
    1138,
    1295,
    1071,
    1247,
    1131,
    1447,
    1696,
    1791,
    1181,
    1155,
    1153,
    9724,
    585,
    386,
    542,
    27090,
    5131,
    663,
    2264,
    1540,
    2011,
    1757,
    702,
    901,
    1179,
    1196,
    1181,
    1236,
    1357,
    1362,
    1326,
    3360,
    635,
    664,
    656,
    14310,
    1822,
    1171,
    1245,
    1676,
    1231,
    1177,
    1057,
    1300,
    1763,
    1138,
    1299,
    1327,
    1373,
    1204,
    1269,
    9767,
    561,
    490,
    589,
    23518,
    7198,
    951,
    1282,
    1314,
    1413,
    1379,
    1433,
    1288,
    1292,
    1287,
    1259,
    1349,
    1252,
    1618,
    1270,
    1309,
    3660,
    594,
    670,
    603,
    13300,
    2208,
    706,
    1272,
    956,
    1405,
    958,
    1332,
    1109,
    1187,
    1365,
    1713,
    1594,
    1045,
    1230,
    1421,
    9354,
    530,
    685,
    578
  ],
  "frame_rasterizer_times": [
    5657,
    1104,
    25188,
    19341,
    13072,
    15358,
    16614,
    13074,
    12139,
    9407,
    9446,
    8566,
    8073,
    8413,
    9522,
    9061,
    8596,
    8213,
    14039,
    2631,
    3077,
    1854,
    18572,
    22159,
    13126,
    9853,
    7509,
    5672,
    4037,
    5804,
    5111,
    6432,
    6814,
    6644,
    5127,
    5754,
    4661,
    6424,
    18716,
    20116,
    5945,
    1577,
    15218,
    15061,
    11265,
    11560,
    11577,
    11595,
    12306,
    12122,
    11833,
    12649,
    10944,
    11642,
    12287,
    12758,
    11854,
    9597,
    5597,
    4076,
    3153,
    2130,
    13392,
    23008,
    12870,
    9796,
    5580,
    5803,
    5593,
    6075,
    6530,
    6032,
    6613,
    5620,
    6665,
    6809,
    6619,
    5585,
    19138,
    21125,
    5779,
    1490,
    25529,
    19395,
    12980,
    15072,
    12585,
    11505,
    10069,
    9413,
    8640,
    9292,
    9044,
    9746,
    8906,
    9486,
    9814,
    8582,
    6227,
    4024,
    3296,
    2238,
    17354,
    23541,
    12388,
    9840,
    5871,
    5193,
    5872,
    5891,
    5921,
    6938,
    6670,
    6455,
    5686,
    5204,
    5803,
    6457,
    19312,
    20431,
    5606,
    1861,
    17601,
    20264,
    14188,
    19124,
    17766,
    12513,
    11700,
    11453,
    8730,
    8036,
    7267,
    8022,
    8513,
    8075,
    8447,
    5420,
    6823,
    6240,
    3108,
    1537,
    19909,
    22922,
    13225,
    9423,
    5690,
    4468,
    5956,
    6338,
    6121,
    5302,
    6726,
    5899,
    6700,
    6052,
    6187,
    6368,
    19786,
    20383,
    5559,
    1712,
    16301,
    15369,
    11430,
    19998,
    15925,
    16653,
    16514,
    16475,
    17146,
    16651,
    16582,
    16431,
    17615,
    15607,
    16927,
    16069,
    16609,
    10118,
    15840,
    3081,
    2908,
    29193,
    21742,
    13422,
    10170,
    6091,
    4682,
    6128,
    5696,
    5894,
    7348,
    6718,
    6259,
    3767,
    5736,
    5491,
    6431,
    19745,
    21115
  ],
  "frame_begin_times": [
    0,
    116070,
    133737,
    165855,
    182638,
    216424,
    233020,
    249190,
    266319,
    283123,
    300360,
    316487,
    333237,
    349306,
    366768,
    383210,
    399666,
    416764,
    433060,
    449993,
    466796,
    584164,
    600713,
    633527,
    649536,
    666944,
    700241,
    716982,
    734032,
    751104,
    767599,
    785307,
    800569,
    817399,
    834239,
    851844,
    867788,
    885208,
    900752,
    917302,
    934161,
    1050739,
    1068091,
    1100479,
    1117369,
    1150860,
    1167730,
    1184429,
    1201420,
    1216708,
    1233398,
    1251128,
    1267212,
    1285475,
    1301316,
    1317652,
    1333702,
    1351415,
    1368099,
    1384196,
    1402285,
    1519136,
    1535500,
    1568190,
    1585359,
    1602727,
    1635082,
    1652060,
    1668412,
    1685105,
    1701812,
    1718778,
    1734852,
    1751574,
    1768395,
    1785415,
    1802057,
    1819041,
    1835048,
    1851804,
    1869087,
    1985406,
    2003083,
    2034552,
    2051584,
    2085704,
    2102250,
    2118562,
    2135893,
    2151444,
    2167998,
    2185781,
    2202492,
    2218807,
    2235580,
    2253052,
    2269158,
    2285783,
    2302833,
    2319343,
    2336156,
    2456202,
    2469760,
    2503106,
    2519077,
    2536069,
    2569398,
    2586459,
    2603910,
    2619478,
    2636524,
    2653497,
    2670010,
    2686743,
    2703649,
    2720380,
    2737748,
    2753749,
    2770476,
    2786263,
    2803220,
    2920066,
    2937949,
    2969371,
    2986130,
    3019950,
    3036088,
    3053029,
    3069904,
    3086033,
    3103588,
    3120321,
    3137200,
    3154673,
    3170603,
    3186344,
    3203844,
    3220478,
    3238279,
    3253326,
    3270495,
    3388955,
    3405021,
    3437418,
    3454188,
    3470755,
    3503994,
    3521218,
    3538569,
    3554130,
    3570790,
    3588337,
    3605363,
    3620985,
    3638095,
    3654965,
    3671569,
    3687794,
    3705208,
    3720653,
    3738020,
    3854693,
    3871969,
    3904019,
    3921263,
    3938404,
    3954641,
    3971734,
    3988389,
    4005014,
    4021662,
    4038261,
    4054693,
    4071349,
    4088791,
    4105660,
    4122222,
    4138296,
    4154355,
    4171128,
    4188977,
    4206392,
    4322101,
    4339427,
    4355592,
    4371848,
    4405397,
    4438683,
    4455991,
    4473200,
    4488567,
    4506303,
    4522792,
    4538862,
    4555903,
    4573232,
    4590714,
    4606411,
    4623709,
    4638985,
    4655413,
    4672697,
    4789378
  ],