{
  "average_frame_build_time_millis": 2.5754405940594056,
  "90th_percentile_frame_build_time_millis": 4.89,
  "99th_percentile_frame_build_time_millis": 26.376,
  "worst_frame_build_time_millis": 26.827,
  "missed_frame_build_budget_count": 6,
  "average_frame_rasterizer_time_millis": 9.31172139303483,
  "stddev_frame_rasterizer_time_millis": 4.046719289126509,
  "90th_percentile_frame_rasterizer_time_millis": 18.69,
  "99th_percentile_frame_rasterizer_time_millis": 23.311,
  "worst_frame_rasterizer_time_millis": 24.341,
  "missed_frame_rasterizer_budget_count": 27,
  "frame_count": 202,
  "frame_rasterizer_count": 201,
  "new_gen_gc_count": 8,
  "old_gen_gc_count": 0,
  "frame_build_times": [
    704,
    568,
    537,
    25989,
    6674,
    1180,
    1057,
    1328,
    1367,
    1087,
    1217,
    1295,
    1291,
    1313,
    1343,
    1331,
    1269,
    1652,
    1284,
    3574,
    814,
    719,
    690,
    14106,
    2030,
    689,
    1268,
    1100,
    999,
    1239,
    1369,
    1283,
    1221,
    1938,
    1203,
    1846,
    2055,
    1236,
    1376,
    16490,
    2450,
    592,
    26376,
    5152,
    645,
    1071,
    1524,
    4890,
    1212,
    1253,
    1452,
    830,
    1121,
    1336,
    1413,
    1539,
    1910,
    1183,
    3744,
    811,
    477,
    671,
    15444,
    1957,
    1037,
    1082,
    1287,
    1137,
    1251,
    1132,
    1286,
    1278,
    1308,
    1412,
    1618,
    1880,
    1297,
    1197,
    9609,
    749,
    484,
    561,
    26827,
    5435,
    827,
    1209,
    1201,
    1124,
    1056,
    1104,
    1254,
    1586,
    1196,
    1276,
    1290,
    1403,
    1323,
    1331,
    4234,
    710,
    759,
    803,
    13955,
    1999,
    756,
    1376,
    926,
    1552,
    1645,
    1059,
    1229,
    1891,
    1458,
    1563,
    1568,
    1315,
    1637,
    2005,
    9655,
    647,
    510,
    556,
    22456,
    5490,
    1193,
    718,
    1324,
    1375,
    1350,
    1264,
    1192,
    1257,
    1318,
    1486,
    1348,
    1219,
    1283,
    1392,
    3319,
    1261,
    811,
    675,
    13768,
    2175,
    771,
    1116,
    1414,
    1230,
    1098,
    1123,
    1158,
    1108,
    1186,
    1712,
    1579,
    1737,
    1280,
    1179,
    9177,
    570,
    553,
    542,
    26382,
    4921,
    690,
    1590,
    1462,
    1126,
    1101,
    972,
    1437,
    1405,
    1299,
    1269,
    1370,
    1463,
    1524,
    1321,
    3772,
    814,
    804,
    690,
    13752,
    3006,
    1652,
    1136,
    1091,
    1173,
    1700,
    1051,
    1579,
    1595,
    1756,
    1126,
    1311,
    1401,
    1546,
    1558,
    8973,
    491,
    498,
    586
  ],
  "frame_rasterizer_times": [
    18690,
    21057,
    5785,
    2779,
    15426,
    19245,
    12218,
    16906,
    15685,
    13260,
    11946,
    9031,
    8788,
    8794,
    8144,
    7618,
    8924,
    10533,
    7913,
    6411,
    6966,
    6838,
    3223,
    2285,
    18845,
    23311,
    12843,
    9484,
    6761,
    5461,
    5586,
    5995,
    6066,
    6903,
    6861,
    5991,
    5625,
    4762,
    4354,
    5952,
    3467,
    6226,
    1218,
    4997,
    14770,
    8557,
    11218,
    10661,
    10282,
    10037,
    9494,
    10262,
    10422,
    10431,
    10417,
    10912,
    8142,
    9623,
    7925,
    4108,
    5820,
    3457,
    1577,
    11008,
    22820,
    12971,
    8871,
    7713,
    5186,
    5091,
    4081,
    5787,
    5946,
    5621,
    6988,
    5714,
    5344,
    5623,
    6148,
    19615,
    19390,
    5665,
    1287,
    17608,
    19104,
    12365,
    16034,
    16168,
    12983,
    12111,
    8910,
    8180,
    8158,
    8388,
    8861,
    8842,
    8764,
    8838,
    6169,
    7877,
    6893,
    3148,
    1913,
    10970,
    22822,
    12758,
    9775,
    6502,
    6817,
    4391,
    6128,
    5776,
    5393,
    6584,
    6325,
    6158,
    6854,
    6414,
    6485,
    19461,
    19868,
    5705,
    1835,
    1023,
    14471,
    11127,
    11526,
    11565,
    12197,
    11411,
    11605,
    11918,
    11729,
    12188,
    12202,
    10751,
    12506,
    12610,
    10251,
    7462,
    7069,
    3249,
    2232,
    24341,
    22150,
    13297,
    8463,
    5314,
    5148,
    5585,
    5536,
    4950,
    5943,
    6404,
    5798,
    6237,
    5736,
    6035,
    6101,
    18911,
    21069,
    6008,
    1154,
    23462,
    19917,
    13182,
    16036,
    16154,
    12570,
    12046,
    9364,
    9056,
    8739,
    8154,
    8457,
    9986,
    10251,
    9424,
    8506,
    3657,
    3705,
    3182,
    2283,
    5554,
    22923,
    12982,
    10160,
    5821,
    6285,
    5882,
    5868,
    6526,
    6510,
    5871,
    6050,
    5784,
    5825,
    6166,
    6012,
    19387,
    20155
  ],
  "frame_begin_times": [
    0,
    17473,
    133446,
    151644,
    182551,
    199984,
    233445,
    251207,
    267817,
    283040,
    299719,
    317178,
    333999,
    349963,
    367096,
    384094,
    400830,
    416521,
    434863,
    451002,
    467354,
    484379,
    601810,
    618413,
    650712,
    666968,
    700904,
    717394,
    735032,
    751377,
    767549,
    784375,
    801351,
    817884,
    833827,
    851374,
    868654,
    886011,
    901719,
    918078,
    967134,
    1085130,
    1102673,
    1133596,
    1150996,
    1185172,
    1202182,
    1217902,
    1235532,
    1252728,
    1268877,
    1285468,
    1302212,
    1318707,
    1335404,
    1351911,
    1369207,
    1385729,
    1402181,
    1418587,
    1434472,
    1553312,
    1569287,
    1601829,
    1617951,
    1651801,
    1668334,
    1685880,
    1703169,
    1718966,
    1736805,
    1752761,
    1769111,
    1785485,
    1802439,
    1819369,
    1836323,
    1853211,
    1869437,
    1886175,
    1902574,
    2019295,
    2037157,
    2069386,
    2085807,
    2119666,
    2135661,
    2152855,
    2169040,
    2185626,
    2203102,
    2219812,
    2236516,
    2253016,
    2269212,
    2286641,
    2304356,
    2319900,
    2337016,
    2353593,
    2370363,
    2488425,
    2504275,
    2536733,
    2553112,
    2570343,
    2604276,
    2619939,
    2636178,
    2654554,
    2670659,
    2687833,
    2705643,
    2719740,
    2738855,
    2754226,
    2770695,
    2787062,
    2804407,
    2820534,
    2837369,
    2954117,
    2971265,
    3003650,
    3020165,
    3054014,
    3070968,
    3087557,
    3103663,
    3120974,
    3137573,
    3154441,
    3171190,
    3187324,
    3204494,
    3222137,
    3237735,
    3254185,
    3271370,
    3286881,
    3304670,
    3422758,
    3438189,
    3454764,
    3471228,
    3504815,
    3538645,
    3556047,
    3572549,
    3588348,
    3605479,
    3622857,
    3638649,
    3655507,
    3672970,
    3689097,
    3705660,
    3722697,
    3738812,
    3755158,
    3772293,
    3888887,
    3906270,
    3937755,
    3955209,
    3989053,
    4005843,
    4022468,
    4038837,
    4055720,
    4072045,
    4089156,
    4105855,
    4122990,
    4139354,
    4155611,
    4171841,
    4189787,
    4205323,
    4222833,
    4239529,
    4356730,
    4373591,
    4406296,
    4422746,
    4439297,
    4472878,
    4489716,
    4505974,
    4522835,
    4539680,
    4556745,
    4573310,
    4590127,
    4606273,
    4623592,
    4640682,
    4657230,
    4674025,
    4689531,
    4706593,
    4823079
  ],