{
  "average_frame_build_time_millis": 2.681802955665025,
  "90th_percentile_frame_build_time_millis": 4.129,
  "99th_percentile_frame_build_time_millis": 25.167,
  "worst_frame_build_time_millis": 30.017,
  "missed_frame_build_budget_count": 5,
  "average_frame_rasterizer_time_millis": 9.88770646766169,
  "stddev_frame_rasterizer_time_millis": 4.339953317987179,
  "90th_percentile_frame_rasterizer_time_millis": 19.476,
  "99th_percentile_frame_rasterizer_time_millis": 24.43,
  "worst_frame_rasterizer_time_millis": 28.005,
  "missed_frame_rasterizer_budget_count": 32,
  "frame_count": 203,
  "frame_rasterizer_count": 201,
  "new_gen_gc_count": 10,
  "old_gen_gc_count": 0,
  "frame_build_times": [
    555,
    315,
    554,
    30017,
    8505,
    953,
    772,
    1365,
    1493,
    1331,
    1392,
    1485,
    1686,
    1385,
    1356,
    1381,
    1337,
    1465,
    3825,
    828,
    1022,
    741,
    694,
    15209,
    2032,
    911,
    1330,
    1260,
    1455,
    1313,
    1192,
    1316,
    2186,
    1347,
    1552,
    1538,
    1926,
    2120,
    1894,
    10064,
    620,
    565,
    561,
    24957,
    5769,
    704,
    1538,
    1608,
    1393,
    1277,
    1294,
    1387,
    1554,
    1666,
    1735,
    1299,
    1357,
    1671,
    1393,
    3693,
    568,
    723,
    729,
    14512,
    3240,
    1194,
    1263,
    965,
    1249,
    1392,
    1285,
    1336,
    1680,
    2106,
    1820,
    1277,
    1202,
    1338,
    1549,
    10964,
    942,
    553,
    626,
    29125,
    7873,
    1317,
    827,
    1300,
    1330,
    1329,
    1337,
    1358,
    1345,
    1404,
    1502,
    1697,
    1300,
    1541,
    3829,
    705,
    877,
    699,
    15689,
    1827,
    1089,
    1069,
    1315,
    1241,
    1235,
    1234,
    1415,
    1592,
    1369,
    1214,
    1316,
    1455,
    2002,
    1577,
    9446,
    577,
    562,
    596,
    24664,
    5823,
    840,
    1293,
    1421,
    1330,
    1185,
    1191,
    1366,
    1631,
    1404,
    1495,
    1339,
    1371,
    1518,
    1403,
    3841,
    741,
    604,
    955,
    14595,
    2069,
    829,
    1671,
    1055,
    1406,
    1446,
    1190,
    1332,
    1412,
    1926,
    1681,
    1263,
    1753,
    1316,
    1644,
    10681,
    646,
    539,
    566,
    25167,
    6540,
    833,
    1330,
    1319,
    1248,
    1189,
    1426,
    1548,
    1316,
    1563,
    1562,
    1613,
    1492,
    1525,
    1324,
    1645,
    4129,
    1600,
    713,
    821,
    14601,
    3065,
    1245,
    1342,
    1044,
    1269,
    1176,
    1126,
    1437,
    1660,
    1334,
    1335,
    1613,
    1927,
    1656,
    1264,
    11160,
    605,
    465,
    573
  ],
  "frame_rasterizer_times": [
    19744,
    6613,
    1182,
    13264,
    21870,
    16901,
    14954,
    15903,
    12284,
    10732,
    10621,
    9114,
    10017,
    9787,
    8801,
    10345,
    9791,
    7483,
    3380,
    3925,
    3808,
    3484,
    2463,
    23798,
    22292,
    13332,
    9780,
    7453,
    5585,
    5704,
    6030,
    5679,
    5714,
    6676,
    6605,
    6545,
    7046,
    6015,
    6994,
    19616,
    20173,
    6843,
    1483,
    18068,
    16546,
    8938,
    11323,
    11201,
    11430,
    11379,
    11283,
    13069,
    12020,
    11565,
    11382,
    11773,
    11898,
    11835,
    9795,
    5726,
    5568,
    3381,
    2413,
    16909,
    22244,
    12973,
    9670,
    7055,
    5747,
    5685,
    6114,
    5999,
    6254,
    5231,
    4732,
    5766,
    5754,
    6201,
    7544,
    18927,
    20274,
    6731,
    1118,
    12092,
    22967,
    18033,
    15750,
    14559,
    11550,
    9515,
    10225,
    9313,
    10053,
    9999,
    9664,
    10308,
    11950,
    8321,
    5365,
    3443,
    3438,
    1593,
    16334,
    22698,
    13559,
    8032,
    7012,
    6553,
    7486,
    7156,
    7141,
    7772,
    7236,
    7680,
    7514,
    7764,
    7389,
    8343,
    24430,
    25797,
    6534,
    1454,
    28005,
    19399,
    12893,
    16332,
    16238,
    13592,
    11280,
    7887,
    8969,
    7990,
    8126,
    8197,
    9120,
    9083,
    8953,
    7191,
    4417,
    3627,
    3375,
    2131,
    20881,
    23007,
    13724,
    9151,
    5940,
    5329,
    5666,
    6116,
    5221,
    7084,
    7107,
    5265,
    6139,
    5821,
    5067,
    7251,
    19941,
    20013,
    6739,
    1388,
    20292,
    15606,
    10662,
    13476,
    13117,
    14186,
    10595,
    9405,
    8395,
    9183,
    8948,
    8710,
    9372,
    10059,
    9214,
    8901,
    7442,
    6195,
    6995,
    3490,
    2294,
    16471,
    23160,
    12873,
    9800,
    4231,
    4296,
    5596,
    5839,
    5155,
    6035,
    5915,
    6416,
    6050,
    5226,
    5885,
    7337,
    19476,
    20104
  ],
  "frame_begin_times": [
    0,
    17119,
    134050,
    151788,
    200894,
    217140,
    233646,
    268391,
    284105,
    300951,
    317752,
    334235,
    351389,
    367899,
    384865,
    402437,
    418256,
    435527,
    451781,
    468578,
    484594,
    501380,
    620661,
    635743,
    668138,
    684924,
    718735,
    735160,
    751649,
    768849,
    784954,
    802178,
    819230,
    835391,
    851132,
    867800,
    885431,
    901697,
    919249,
    935657,
    951435,
    968233,
    1085392,
    1102702,
    1134950,
    1152030,
    1186439,
    1202389,
    1219414,
    1236199,
    1252320,
    1269070,
    1285372,
    1302106,
    1319196,
    1336202,
    1352815,
    1368899,
    1385735,
    1402902,
    1418856,
    1435977,
    1554247,
    1570206,
    1603139,
    1618740,
    1653110,
    1669715,
    1686677,
    1703141,
    1719569,
    1736529,
    1753688,
    1770098,
    1787189,
    1804557,
    1820383,
    1837008,
    1853623,
    1869892,
    1886621,
    1902846,
    2020140,
    2037992,
    2087027,
    2102651,
    2120300,
    2138750,
    2170741,
    2187659,
    2203852,
    2220333,
    2236575,
    2253722,
    2270128,
    2287473,
    2304374,
    2320197,
    2337616,
    2353395,
    2370929,
    2488657,
    2504872,
    2537419,
    2553589,
    2570725,
    2603923,
    2621490,
    2638699,
    2654419,
    2671052,
    2688830,
    2704274,
    2721376,
    2737856,
    2754475,
    2771561,
    2789104,
    2804712,
    2821387,
    2838033,
    2954692,
    2971602,
    3004025,
    3021190,
    3055031,
    3071878,
    3088525,
    3104461,
    3121540,
    3139232,
    3155405,
    3171887,
    3188364,
    3205212,
    3222263,
    3238840,
    3256177,
    3272302,
    3288258,
    3305075,
    3423317,
    3439475,
    3472236,
    3488719,
    3505203,
    3539143,
    3556218,
    3572511,
    3588933,
    3605666,
    3622601,
    3638730,
    3655767,
    3672917,
    3690802,
    3706457,
    3724176,
    3739657,
    3755478,
    3772771,
    3889338,
    3905703,
    3938951,
    3956259,
    3972442,
    3989731,
    4005924,
    4022948,
    4039453,
    4055252,
    4073134,
    4089432,
    4106602,
    4122563,
    4140001,
    4156388,
    4173671,
    4190506,
    4206526,
    4223533,
    4240370,
    4357586,
    4374200,
    4407091,
    4422809,
    4441177,
    4473542,
    4491246,
    4508003,
    4523829,
    4540889,
    4558719,
    4573813,
    4590645,
    4607419,
    4624536,
    4642337,
    4657445,
    4674091,
    4690326,
    4708494,
    4824171
  ],