{
  "average_frame_build_time_millis": 2.801812182741115,
  "90th_percentile_frame_build_time_millis": 3.636,
  "99th_percentile_frame_build_time_millis": 6.268,
  "worst_frame_build_time_millis": 9.217,
  "missed_frame_build_budget_count": 0,
  "average_frame_rasterizer_time_millis": 11.634748717948721,
  "stddev_frame_rasterizer_time_millis": 1.9149982380013162,
  "90th_percentile_frame_rasterizer_time_millis": 15.052,
  "99th_percentile_frame_rasterizer_time_millis": 22.441,
  "worst_frame_rasterizer_time_millis": 22.962,
  "missed_frame_rasterizer_budget_count": 14,
  "frame_count": 197,
  "frame_rasterizer_count": 195,
  "new_gen_gc_count": 4,
  "old_gen_gc_count": 0,
  "frame_build_times": [
    3526,
    2573,
    2728,
    2536,
    3078,
    3146,
    3173,
    3195,
    3480,
    3075,
    3209,
    3347,
    3400,
    3130,
    3292,
    3047,
    3174,
    3263,
    3437,
    3138,
    3225,
    3238,
    3475,
    3195,
    638,
    2629,
    563,
    3029,
    643,
    3197,
    582,
    3264,
    733,
    6268,
    3572,
    3477,
    3198,
    3394,
    3283,
    3082,
    3266,
    3251,
    3181,
    3325,
    3320,
    3174,
    3132,
    3324,
    3416,
    3388,
    3085,
    3191,
    3244,
    3138,
    3179,
    3520,
    2982,
    3235,
    635,
    561,
    645,
    627,
    558,
    639,
    534,
    8954,
    3112,
    2574,
    1905,
    2900,
    3396,
    3511,
    3786,
    3006,
    2961,
    3473,
    3621,
    3654,
    3463,
    3856,
    3992,
    3795,
    3473,
    3884,
    3939,
    3628,
    3755,
    3530,
    3606,
    3531,
    687,
    3477,
    606,
    3835,
    611,
    3751,
    624,
    3577,
    582,
    5977,
    3433,
    3646,
    3569,
    3553,
    3872,
    3681,
    3636,
    3118,
    3652,
    3537,
    3056,
    3109,
    3100,
    3531,
    3218,
    3188,
    3266,
    3020,
    3419,
    3216,
    3127,
    3250,
    3320,
    2936,
    518,
    621,
    659,
    618,
    621,
    528,
    655,
    9217,
    3970,
    3103,
    2520,
    2719,
    2943,
    2928,
    2018,
    2235,
    2205,
    2663,
    2726,
    2656,
    3193,
    2401,
    2615,
    2833,
    3290,
    3152,
    2193,
    3058,
    3459,
    2204,
    2972,
    3062,
    630,
    2952,
    518,
    3199,
    581,
    2287,
    624,
    2973,
    546,
    6137,
    2752,
    2387,
    3002,
    3057,
    3019,
    3194,
    3268,
    3021,
    2301,
    2941,
    3403,
    2919,
    3456,
    3074,
    2311,
    2799,
    3174,
    2949,
    3221,
    3080,
    2173,
    2913,
    3499,
    3100,
    761,
    608,
    635,
    694,
    517,
    550,
    510
  ],
  "frame_rasterizer_times": [
    22307,
    20802,
    17317,
    13970,
    12690,
    10850,
    10667,
    10351,
    10398,
    10253,
    10441,
    10506,
    10503,
    10503,
    10397,
    10456,
    10277,
    10412,
    10621,
    10758,
    10410,
    10172,
    10528,
    10854,
    6583,
    8847,
    10457,
    10838,
    10509,
    11392,
    10752,
    11767,
    10374,
    10513,
    10251,
    10585,
    10517,
    10543,
    9799,
    10443,
    10415,
    10332,
    10566,
    10759,
    10550,
    10612,
    10426,
    10433,
    11876,
    10468,
    10400,
    9791,
    8709,
    10403,
    10486,
    10154,
    9365,
    9253,
    9473,
    9920,
    11692,
    10009,
    10256,
    9839,
    18547,
    16756,
    22486,
    21338,
    16686,
    11825,
    10950,
    8893,
    8822,
    6643,
    10375,
    10406,
    10591,
    10817,
    11301,
    10298,
    10449,
    10472,
    10621,
    10516,
    10583,
    10509,
    10429,
    8567,
    11078,
    11533,
    10625,
    10357,
    10164,
    10758,
    10380,
    10644,
    10607,
    10379,
    10492,
    10895,
    10371,
    10402,
    10601,
    10435,
    10499,
    8763,
    10361,
    10652,
    10555,
    10362,
    11323,
    10397,
    10362,
    10472,
    10478,
    10714,
    10467,
    10291,
    10470,
    10744,
    10107,
    10548,
    10846,
    8428,
    8791,
    9522,
    11738,
    10370,
    10381,
    10372,
    15466,
    16009,
    22441,
    22962,
    17618,
    17588,
    16126,
    15757,
    15510,
    13565,
    12814,
    13623,
    15052,
    11384,
    10047,
    10184,
    11079,
    13779,
    8325,
    11783,
    13649,
    12984,
    10984,
    13653,
    14208,
    14930,
    14090,
    13852,
    11945,
    10219,
    13818,
    15110,
    14262,
    13143,
    15352,
    9210,
    14033,
    11538,
    7914,
    12197,
    11489,
    13030,
    8875,
    14412,
    10485,
    13139,
    12493,
    14551,
    9077,
    10728,
    12295,
    11853,
    12252,
    13597,
    7582,
    10996,
    12590,
    13366,
    12388,
    13147,
    12532,
    14014,
    11657,
    10600,
    10011
  ],
  "frame_begin_times": [
    0,
    15948,
    32561,
    49424,
    83448,
    99731,
    116248,
    134469,
    149608,
    166863,
    183285,
    199510,
    216429,
    233838,
    250313,
    267070,
    283842,
    300643,
    316718,
    333772,
    350389,
    366698,
    383393,
    400676,
    416998,
    433177,
    451590,
    467230,
    484006,
    500701,
    517321,
    533771,
    550196,
    567100,
    584451,
    600826,
    617545,
    634439,
    650542,
    667700,
    684596,
    701120,
    717815,
    734020,
    751226,
    767744,
    784471,
    801262,
    817526,
    834068,
    851363,
    867040,
    884819,
    901350,
    918286,
    933673,
    951228,
    968131,
    985145,
    1001374,
    1017747,
    1135925,
    1250793,
    1368542,
    1485068,
    1502903,
    1518797,
    1535017,
    1551553,
    1568300,
    1602611,
    1618127,
    1635527,
    1651431,
    1668367,
    1685656,
    1702267,
    1717916,
    1735721,
    1752827,
    1769424,
    1785259,
    1803281,
    1819047,
    1835386,
    1852913,
    1868870,
    1885992,
    1902629,
    1918938,
    1935402,
    1952758,
    1969473,
    1985695,
    2002878,
    2019887,
    2036725,
    2053036,
    2069576,
    2086405,
    2103106,
    2119504,
    2136948,
    2152772,
    2169723,
    2186168,
    2203256,
    2219769,
    2235899,
    2253183,
    2269784,
    2286907,
    2303295,
    2319410,
    2336546,
    2353995,
    2369946,
    2387090,
    2403375,
    2420602,
    2436729,
    2453577,
    2469158,
    2487016,
    2503277,
    2519815,
    2536438,
    2653919,
    2770210,
    2886979,
    3003723,
    3021273,
    3037334,
    3053644,
    3070097,
    3086996,
    3121033,
    3137278,
    3154214,
    3170422,
    3187841,
    3204631,
    3220732,
    3237180,
    3254063,
    3271077,
    3288256,
    3305743,
    3320814,
    3337777,
    3354764,
    3370304,
    3388285,
    3404223,
    3420992,
    3437747,
    3454350,
    3471157,
    3487761,
    3504538,
    3521186,
    3538334,
    3554494,
    3571167,
    3587884,
    3604010,
    3621227,
    3638305,
    3654711,
    3672500,
    3688454,
    3705314,
    3721441,
    3738055,
    3755157,
    3771574,
    3788655,
    3804520,
    3820907,
    3838264,
    3855312,
    3872343,
    3889935,
    3904938,
    3921756,
    3938518,
    3955510,
    3972374,
    3988623,
    4005391,
    4022446,
    4039232,
    4055458,
    4173586,
    4288525,
    4405937,
    4522988
  ],