{
  "average_frame_build_time_millis": 2.944989795918369,
  "90th_percentile_frame_build_time_millis": 3.962,
  "99th_percentile_frame_build_time_millis": 6.858,
  "worst_frame_build_time_millis": 11.561,
  "missed_frame_build_budget_count": 0,
  "average_frame_rasterizer_time_millis": 13.719484536082474,
  "stddev_frame_rasterizer_time_millis": 2.0999062599638627,
  "90th_percentile_frame_rasterizer_time_millis": 16.555,
  "99th_percentile_frame_rasterizer_time_millis": 22.107,
  "worst_frame_rasterizer_time_millis": 23.107,
  "missed_frame_rasterizer_budget_count": 32,
  "frame_count": 196,
  "frame_rasterizer_count": 194,
  "new_gen_gc_count": 4,
  "old_gen_gc_count": 0,
  "frame_build_times": [
    4851,
    3126,
    3154,
    2768,
    3134,
    3498,
    4193,
    3514,
    3253,
    3460,
    3387,
    2446,
    2496,
    3794,
    3774,
    3660,
    3156,
    2965,
    2826,
    3090,
    3923,
    4129,
    3230,
    2649,
    694,
    3731,
    681,
    3046,
    714,
    3236,
    695,
    3389,
    626,
    6858,
    3027,
    3005,
    2899,
    3591,
    2570,
    2561,
    2782,
    3033,
    2796,
    3684,
    2634,
    2781,
    3097,
    3714,
    3626,
    3708,
    3577,
    3378,
    2964,
    2756,
    3161,
    3649,
    2538,
    2497,
    711,
    714,
    654,
    830,
    707,
    572,
    588,
    8179,
    2841,
    2538,
    2813,
    3225,
    3691,
    4312,
    4439,
    4069,
    3966,
    3887,
    3929,
    4153,
    3921,
    2832,
    2877,
    2772,
    3903,
    3963,
    3742,
    4023,
    4431,
    3774,
    3701,
    3205,
    687,
    3813,
    581,
    3775,
    752,
    3962,
    693,
    2809,
    751,
    6225,
    3606,
    3188,
    4142,
    4006,
    2920,
    2854,
    3381,
    3535,
    3600,
    3347,
    3880,
    2618,
    2816,
    3071,
    3546,
    3757,
    2853,
    2894,
    3087,
    3466,
    3435,
    3841,
    2674,
    2774,
    650,
    737,
    799,
    742,
    560,
    584,
    726,
    11561,
    4686,
    3322,
    3444,
    2905,
    3177,
    3331,
    3488,
    2654,
    2954,
    3171,
    3302,
    3241,
    3582,
    3736,
    3314,
    3876,
    3135,
    3333,
    2838,
    3881,
    3286,
    2949,
    2721,
    738,
    3693,
    659,
    2843,
    698,
    3390,
    631,
    3560,
    660,
    5047,
    3100,
    3391,
    3570,
    3328,
    3420,
    2738,
    2440,
    3844,
    3917,
    3552,
    2433,
    3331,
    2934,
    2677,
    3464,
    3109,
    2742,
    2999,
    3342,
    2750,
    3527,
    3499,
    3696,
    2851,
    567,
    673,
    686,
    780,
    592,
    614,
    573
  ],
  "frame_rasterizer_times": [
    21122,
    21367,
    17798,
    15695,
    15589,
    14014,
    13257,
    14838,
    15142,
    14715,
    10591,
    13227,
    15551,
    14272,
    12800,
    12875,
    11123,
    10846,
    15850,
    16948,
    12140,
    9990,
    10137,
    17760,
    11152,
    12256,
    11691,
    14023,
    13131,
    17254,
    14773,
    16902,
    15024,
    13112,
    12431,
    16121,
    10748,
    9952,
    10472,
    10981,
    12410,
    15516,
    10668,
    10524,
    11617,
    12520,
    13965,
    16014,
    15702,
    15320,
    13737,
    12520,
    12694,
    15304,
    10564,
    9986,
    10256,
    11831,
    15029,
    15587,
    13788,
    11305,
    11930,
    11361,
    18959,
    17137,
    22894,
    22107,
    18019,
    15078,
    15334,
    16081,
    15473,
    15353,
    16423,
    15116,
    14991,
    10464,
    10106,
    10562,
    9980,
    14885,
    15527,
    15779,
    15766,
    14044,
    12826,
    13082,
    11327,
    15736,
    16069,
    15811,
    16043,
    15604,
    14627,
    16454,
    16555,
    13454,
    14015,
    12574,
    13106,
    13902,
    10825,
    9705,
    9794,
    11171,
    11650,
    14318,
    15192,
    12443,
    10983,
    10164,
    11504,
    16039,
    11447,
    9793,
    9570,
    11546,
    12174,
    14292,
    10756,
    10452,
    10401,
    13093,
    15443,
    16683,
    12913,
    11476,
    11611,
    11801,
    23107,
    19436,
    20755,
    20648,
    17023,
    16190,
    15524,
    14331,
    13869,
    11023,
    11579,
    12027,
    13670,
    14239,
    14097,
    16473,
    14609,
    13533,
    13847,
    13203,
    13253,
    13091,
    13145,
    12772,
    16022,
    10238,
    12248,
    12595,
    14692,
    14820,
    15467,
    10529,
    11670,
    12169,
    13692,
    12738,
    15471,
    14920,
    11726,
    10339,
    11630,
    17661,
    13298,
    10096,
    13140,
    12276,
    13738,
    12221,
    11983,
    12231,
    11804,
    15089,
    12639,
    11585,
    14264,
    15405,
    12265,
    13303,
    13229,
    13859,
    16139,
    13443,
    11637,
    11545
  ],
  "frame_begin_times": [
    0,
    17105,
    33702,
    50247,
    84538,
    100801,
    117392,
    135335,
    150995,
    167424,
    184163,
    201307,
    217686,
    233654,
    251814,
    268605,
    284085,
    300225,
    317583,
    334307,
    351025,
    367256,
    384232,
    401513,
    417741,
    433985,
    450914,
    467777,
    483976,
    501239,
    518362,
    534736,
    551353,
    568320,
    584705,
    601662,
    617551,
    634814,
    651723,
    668563,
    685260,
    701145,
    717635,
    735238,
    751970,
    768754,
    785434,
    802097,
    818346,
    834672,
    851984,
    868446,
    885565,
    901281,
    918839,
    935127,
    952205,
    969635,
    985205,
    1002304,
    1018801,
    1138624,
    1252510,
    1369281,
    1485500,
    1503121,
    1519458,
    1535675,
    1552349,
    1569557,
    1603371,
    1619576,
    1635578,
    1652510,
    1669605,
    1686387,
    1702577,
    1719632,
    1736332,
    1753399,
    1769955,
    1786873,
    1803053,
    1819776,
    1835964,
    1853347,
    1869918,
    1886451,
    1902822,
    1920507,
    1937081,
    1953412,
    1969602,
    1987031,
    2002875,
    2020341,
    2036927,
    2052825,
    2070849,
    2086942,
    2103590,
    2119840,
    2137797,
    2153786,
    2170833,
    2187311,
    2204219,
    2219648,
    2237714,
    2254189,
    2270213,
    2286631,
    2304213,
    2320910,
    2336802,
    2353540,
    2371141,
    2387568,
    2404333,
    2420927,
    2437833,
    2454071,
    2471026,
    2487790,
    2504200,
    2521355,
    2537526,
    2655149,
    2770890,
    2888011,
    3004854,
    3022116,
    3038790,
    3054778,
    3071501,
    3105212,
    3120858,
    3138353,
    3154818,
    3171615,
    3187909,
    3205165,
    3221183,
    3238771,
    3255097,
    3271686,
    3288292,
    3305315,
    3322531,
    3338109,
    3354555,
    3371634,
    3388465,
    3404925,
    3421423,
    3438940,
    3455696,
    3472514,
    3488781,
    3505965,
    3522710,
    3539146,
    3555725,
    3572586,
    3589417,
    3604839,
    3622511,
    3638356,
    3655898,
    3672479,
    3689313,
    3706350,
    3721874,
    3739717,
    3755967,
    3773080,
    3789376,
    3805336,
    3823825,
    3839255,
    3855437,
    3873246,
    3888745,
    3906053,
    3922671,
    3939912,
    3956284,
    3972804,
    3988905,
    4006144,
    4023697,
    4039824,
    4158293,
    4273497,
    4390052,
    4506928
  ],