{
  "average_frame_build_time_millis": 2.939335025380711,
  "90th_percentile_frame_build_time_millis": 3.979,
  "99th_percentile_frame_build_time_millis": 6.776,
  "worst_frame_build_time_millis": 11.929,
  "missed_frame_build_budget_count": 0,
  "average_frame_rasterizer_time_millis": 11.491159793814433,
  "stddev_frame_rasterizer_time_millis": 1.9649020087150586,
  "90th_percentile_frame_rasterizer_time_millis": 14.3,
  "99th_percentile_frame_rasterizer_time_millis": 20.528,
  "worst_frame_rasterizer_time_millis": 22.506,
  "missed_frame_rasterizer_budget_count": 12,
  "frame_count": 197,
  "frame_rasterizer_count": 194,
  "new_gen_gc_count": 4,
  "old_gen_gc_count": 0,
  "frame_build_times": [
    4005,
    2795,
    3427,
    2057,
    3426,
    3942,
    3294,
    3732,
    3455,
    3452,
    3364,
    3568,
    3563,
    3416,
    3453,
    3431,
    3379,
    3487,
    3348,
    3571,
    3552,
    3580,
    3385,
    3243,
    704,
    3538,
    770,
    3578,
    687,
    3448,
    610,
    3351,
    748,
    6776,
    4117,
    3386,
    3745,
    4175,
    3420,
    3365,
    3703,
    3581,
    3596,
    3698,
    3580,
    3468,
    3455,
    3484,
    3659,
    3695,
    3418,
    3490,
    3930,
    2564,
    3109,
    3547,
    2933,
    3006,
    835,
    663,
    697,
    693,
    593,
    577,
    801,
    11929,
    4167,
    2764,
    3139,
    3389,
    3749,
    3086,
    4165,
    4118,
    3516,
    3074,
    3843,
    4104,
    3979,
    3982,
    4022,
    3842,
    3782,
    4183,
    4049,
    4235,
    4225,
    3390,
    2849,
    2747,
    566,
    2718,
    580,
    2436,
    473,
    3216,
    615,
    3881,
    680,
    4490,
    3367,
    4088,
    3122,
    3778,
    3662,
    2859,
    3458,
    3015,
    2595,
    2502,
    2735,
    4054,
    3028,
    3445,
    2613,
    2262,
    2755,
    2864,
    3040,
    2309,
    2206,
    2859,
    3409,
    2933,
    620,
    684,
    766,
    806,
    712,
    554,
    613,
    8287,
    3245,
    2686,
    2234,
    3913,
    3884,
    2337,
    3062,
    2821,
    3055,
    3164,
    2772,
    3059,
    3423,
    3345,
    3470,
    3174,
    3377,
    2862,
    2975,
    3405,
    3336,
    2377,
    2909,
    2843,
    717,
    2935,
    1368,
    3319,
    982,
    3245,
    559,
    3358,
    597,
    5685,
    3425,
    3412,
    3298,
    3393,
    3486,
    3294,
    3334,
    3010,
    3265,
    3213,
    3336,
    2260,
    2926,
    3233,
    3473,
    2602,
    2965,
    2762,
    2837,
    3541,
    3387,
    3363,
    3491,
    3299,
    538,
    686,
    836,
    902,
    565,
    735,
    588
  ],
  "frame_rasterizer_times": [
    19844,
    17271,
    13882,
    12488,
    11084,
    10291,
    10225,
    10035,
    10121,
    10140,
    10184,
    10211,
    10138,
    10003,
    10024,
    10197,
    10357,
    10064,
    10072,
    9992,
    10048,
    10114,
    10298,
    10366,
    10000,
    10106,
    10061,
    10240,
    10774,
    10194,
    11520,
    10195,
    10687,
    10396,
    10421,
    10188,
    10047,
    10208,
    10097,
    10142,
    10358,
    10200,
    10307,
    10118,
    10174,
    10398,
    10151,
    10196,
    9955,
    11487,
    10502,
    7031,
    7554,
    8870,
    7648,
    8952,
    9491,
    10595,
    9930,
    11440,
    9715,
    9837,
    10049,
    20528,
    17493,
    22469,
    20174,
    17065,
    14743,
    12262,
    10241,
    9304,
    8950,
    6510,
    10067,
    10109,
    10243,
    10555,
    10131,
    9949,
    10001,
    10227,
    10266,
    13737,
    10935,
    10399,
    7854,
    11342,
    10331,
    8460,
    10924,
    8127,
    8755,
    14096,
    13388,
    11197,
    13396,
    9061,
    9854,
    13049,
    9579,
    12706,
    11863,
    8132,
    10408,
    7155,
    8441,
    8247,
    9204,
    11702,
    10545,
    5412,
    8050,
    10499,
    10897,
    9267,
    7782,
    6925,
    12164,
    12535,
    10876,
    11084,
    12494,
    11993,
    13659,
    11100,
    10091,
    9543,
    9980,
    17327,
    17453,
    22506,
    18709,
    16396,
    14567,
    15901,
    13313,
    13758,
    13309,
    12628,
    11341,
    13414,
    13536,
    13334,
    11740,
    11803,
    13074,
    12398,
    10513,
    11803,
    10874,
    8988,
    10823,
    11174,
    15015,
    13688,
    14300,
    13018,
    12803,
    14184,
    15823,
    13330,
    13730,
    12481,
    14554,
    14612,
    13580,
    12527,
    13286,
    13435,
    12013,
    12211,
    12555,
    13515,
    10421,
    9244,
    11015,
    12475,
    14009,
    11197,
    11453,
    11007,
    11314,
    12570,
    12120,
    13287,
    13330,
    10943,
    10662,
    12545,
    13473,
    11138,
    9417,
    10115
  ],
  "frame_begin_times": [
    0,
    17119,
    33683,
    50247,
    84680,
    100926,
    116462,
    134178,
    150944,
    167845,
    184266,
    200485,
    218543,
    234204,
    251176,
    267818,
    284456,
    301250,
    317922,
    334804,
    351284,
    367982,
    384683,
    401342,
    418029,
    434811,
    452081,
    467242,
    484800,
    501366,
    518048,
    534911,
    550485,
    568071,
    584204,
    601768,
    618331,
    635062,
    651301,
    669012,
    685341,
    702227,
    718625,
    735198,
    752059,
    768570,
    785311,
    802042,
    818800,
    835251,
    852008,
    868981,
    884078,
    901282,
    919665,
    935442,
    951894,
    968958,
    985203,
    1001786,
    1018784,
    1137100,
    1251098,
    1368654,
    1485717,
    1503378,
    1518564,
    1535682,
    1552229,
    1569172,
    1602555,
    1619692,
    1635741,
    1652686,
    1669238,
    1686412,
    1703955,
    1719821,
    1736561,
    1753298,
    1769147,
    1786959,
    1803497,
    1820177,
    1836776,
    1853919,
    1870207,
    1886474,
    1909277,
    1919058,
    1935804,
    1952348,
    1969334,
    1986276,
    2003586,
    2019231,
    2035649,
    2053555,
    2069024,
    2086183,
    2103568,
    2119415,
    2136526,
    2153743,
    2169419,
    2186875,
    2203766,
    2219996,
    2237129,
    2253784,
    2270138,
    2287281,
    2302948,
    2320934,
    2337598,
    2354156,
    2370307,
    2387513,
    2404016,
    2420465,
    2437370,
    2454182,
    2470432,
    2486743,
    2504768,
    2521157,
    2537112,
    2654194,
    2771171,
    2887768,
    3004553,
    3022559,
    3037988,
    3054471,
    3071378,
    3088203,
    3104865,
    3121121,
    3138280,
    3155103,
    3171654,
    3188142,
    3205146,
    3222262,
    3238564,
    3254418,
    3271393,
    3288803,
    3304389,
    3321237,
    3339631,
    3355819,
    3371512,
    3388946,
    3405553,
    3422460,
    3438519,
    3455260,
    3471485,
    3488403,
    3506328,
    3521645,
    3538694,
    3555307,
    3571577,
    3588514,
    3605785,
    3622518,
    3638792,
    3655959,
    3671731,
    3688333,
    3706041,
    3721862,
    3739406,
    3755260,
    3772273,
    3789568,
    3806321,
    3822912,
    3838529,
    3856386,
    3872451,
    3889577,
    3906491,
    3922694,
    3939581,
    3955335,
    3972508,
    3989807,
    4006451,
    4023317,
    4039835,
    4160018,
    4273242,
    4389873,
    4506687
  ],