{
  "average_frame_build_time_millis": 2.9933071428571423,
  "90th_percentile_frame_build_time_millis": 4.716,
  "99th_percentile_frame_build_time_millis": 8.86,
  "worst_frame_build_time_millis": 10.915,
  "missed_frame_build_budget_count": 0,
  "average_frame_rasterizer_time_millis": 9.13879856115108,
  "stddev_frame_rasterizer_time_millis": 0.9019817814812894,
  "90th_percentile_frame_rasterizer_time_millis": 10.259,
  "99th_percentile_frame_rasterizer_time_millis": 11.817,
  "worst_frame_rasterizer_time_millis": 12.117,
  "missed_frame_rasterizer_budget_count": 0,
  "frame_count": 140,
  "frame_rasterizer_count": 139,
  "new_gen_gc_count": 2,
  "old_gen_gc_count": 0,
  "frame_build_times": [
    2660,
    2527,
    2477,
    2646,
    2728,
    2722,
    8860,
    2668,
    2674,
    2819,
    2761,
    2966,
    2913,
    2789,
    2694,
    3040,
    2761,
    2976,
    2814,
    2652,
    2744,
    2728,
    2881,
    2859,
    2652,
    2705,
    2737,
    2879,
    6315,
    2947,
    2728,
    2720,
    2767,
    2911,
    2757,
    3119,
    2744,
    3020,
    2772,
    2786,
    2845,
    2962,
    2716,
    2824,
    2849,
    2774,
    2955,
    2673,
    3615,
    973,
    10915,
    4436,
    6211,
    4716,
    6374,
    5362,
    6305,
    5732,
    6408,
    5096,
    6566,
    4885,
    6326,
    969,
    3032,
    1107,
    3016,
    1031,
    2931,
    1118,
    3906,
    1399,
    2681,
    925,
    2727,
    1077,
    2588,
    908,
    2958,
    978,
    2635,
    1096,
    2532,
    934,
    836,
    2557,
    2750,
    2784,
    2675,
    2446,
    3066,
    6300,
    2594,
    2902,
    2781,
    2846,
    2871,
    2552,
    2631,
    2756,
    2555,
    2499,
    2742,
    2758,
    2677,
    2464,
    2643,
    2649,
    2917,
    2674,
    2679,
    2735,
    2625,
    2667,
    2906,
    2735,
    2659,
    2538,
    2533,
    3224,
    2792,
    2740,
    2917,
    2530,
    2426,
    2619,
    2582,
    2621,
    3482,
    2433,
    2391,
    2618,
    2816,
    2505,
    2470,
    2803,
    2590,
    2455,
    3033,
    1030
  ],
  "frame_rasterizer_times": [
    9319,
    8834,
    9465,
    8793,
    8869,
    8308,
    3527,
    9380,
    8347,
    9267,
    9237,
    9585,
    8436,
    9256,
    8284,
    9266,
    9550,
    9019,
    8746,
    9275,
    8930,
    9228,
    9003,
    9194,
    8866,
    8345,
    9056,
    9268,
    6232,
    9172,
    9329,
    9017,
    9884,
    9660,
    8402,
    9963,
    8966,
    9174,
    7993,
    8401,
    8169,
    8179,
    8267,
    8215,
    8328,
    8118,
    8920,
    9201,
    8752,
    8770,
    3917,
    6345,
    5158,
    6262,
    6507,
    6684,
    6729,
    7090,
    6709,
    7247,
    6613,
    7208,
    6523,
    11203,
    10046,
    12117,
    9919,
    11320,
    9879,
    10745,
    10499,
    10259,
    10140,
    9743,
    9933,
    11285,
    9343,
    10893,
    9715,
    10324,
    9567,
    10508,
    9295,
    9933,
    9536,
    9185,
    9889,
    9613,
    9407,
    10404,
    10606,
    6717,
    10254,
    11817,
    9770,
    10160,
    9498,
    9463,
    9497,
    9681,
    9416,
    9955,
    9519,
    9925,
    9674,
    9635,
    9878,
    10106,
    10381,
    9509,
    9901,
    9667,
    10136,
    10235,
    9680,
    9373,
    9162,
    9373,
    9492,
    8918,
    9395,
    9645,
    10036,
    9948,
    9215,
    9148,
    9481,
    9627,
    9595,
    9217,
    9893,
    9610,
    10208,
    9218,
    9846,
    10845,
    10174,
    8978,
    9359
  ],
  "frame_begin_times": [
    0,
    16665,
    33203,
    50037,
    66178,
    83418,
    100063,
    116772,
    133384,
    150203,
    166887,
    183115,
    199857,
    216793,
    233525,
    250311,
    266785,
    283602,
    299832,
    317136,
    333665,
    350483,
    366573,
    383756,
    400403,
    417126,
    433938,
    450395,
    466674,
    483330,
    500617,
    517276,
    533443,
    550070,
    567329,
    583113,
    600892,
    617689,
    634260,
    650832,
    667585,
    684211,
    700845,
    717588,
    734211,
    751128,
    767612,
    784374,
    800605,
    817758,
    834343,
    850467,
    867733,
    884516,
    901158,
    918123,
    934666,
    950684,
    967832,
    985012,
    1001392,
    1018223,
    1034577,
    1050565,
    1067901,
    1083845,
    1101122,
    1117419,
    1134077,
    1151299,
    1167425,
    1184735,
    1201293,
    1218606,
    1234442,
    1251129,
    1268462,
    1285085,
    1301718,
    1318433,
    1335092,
    1351935,
    1368632,
    1385271,
    1402179,
    1418787,
    1434758,
    1451523,
    1468863,
    1485686,
    1501763,
    1518771,
    1534549,
    1551703,
    1568591,
    1584707,
    1602308,
    1618785,
    1635540,
    1651712,
    1668918,
    1685663,
    1702467,
    1718443,
    1735576,
    1752445,
    1768595,
    1785579,
    1801921,
    1818977,
    1835708,
    1852643,
    1868817,
    1885140,
    1902628,
    1919263,
    1935999,
    1952818,
    1969347,
    1986222,
    2002814,
    2019344,
    2036377,
    2052503,
    2069614,
    2086551,
    2102853,
    2119570,
    2135655,
    2153051,
    2169615,
    2186479,
    2203024,
    2219780,
    2236383,
    2252525,
    2269749,
    2287477,
    2303196,
    2319814
  ],
  "frame_rasterizer_begin_times": [
    0,
    16609,
    33124,
    50006,
    66184,
    83509,
    105761,
    116713,
    133327,
    150131,
    166845,
    183240,
    200008,
    216759,
    233511,
    250274,
    266746,
    283758,
    299928,
    317090,
    333625,
    350429,
    366585,
    383816,
    400358,
    417102,
    433893,
    450403,
    470072,
    483501,
    500615,
    517257,
    533490,
    550156,
    567391,
    583237,
    600867,
    617623,
    634216,
    650802,
    667714,
    684325,
    700859,
    717552,
    734205,
    751067,
    767639,
    784342,
    800663,
    817192,
    841049,
    853033,
    870925,
    887695,
    904209,
    920915,
    937506,
    953439,
    970941,
    987639,
    1004823,
    1020779,
    1037286,
    1049933,
    1067907,
    1083359,
    1101076,
    1116868,
    1134137,
    1150772,
    1167786,
    1184223,
    1201308,
    1218015,
    1234460,
    1250646,
    1268459,
    1284483,
    1301681,
    1317897,
    1335040,
    1351469,
    1368594,
    1384685,
    1401795,
    1418729,
    1434810,
    1451656,
    1468789,
    1485599,
    1501823,
    1521861,
    1534511,
    1551884,
    1568645,
    1584863,
    1602246,
    1618724,
    1635551,
    1651868,
    1668921,
    1685598,
    1702391,
    1718467,
    1735675,
    1752380,
    1768624,
    1785532,
    1802065,
    1818977,
    1835760,
    1852593,
    1868872,
    1885248,
    1902629,
    1919335,
    1936069,
    1952813,
    1969324,
    1986717,
    2002830,
    2019391,
    2036566,
    2052569,
    2069605,
    2086535,
    2102859,
    2119791,
    2135839,
    2153036,
    2169653,
    2186512,
    2203005,
    2219882,
    2236417,
    2252684,
    2269756,
    2287504,
    2303236
  ],
  "average_vsync_transitions_missed": 0.0,
  "90th_percentile_vsync_transitions_missed": 0.0,
  "99th_percentile_vsync_transitions_missed": 0.0,
  "average_vsync_frame_lag": 0.0,
  "90th_percentile_vsync_frame_lag": 0.0,
  "99th_percentile_vsync_frame_lag": 0.0,
  "average_layer_cache_count": 0.0,
  "90th_percentile_layer_cache_count": 0.0,
  "99th_percentile_layer_cache_count": 0.0,
  "average_frame_request_pending_latency": 15830.446043165468,
  "90th_percentile_frame_request_pending_latency": 16767.0,
  "99th_percentile_frame_request_pending_latency": 17295.0,
  "worst_layer_cache_count": 0.0,
  "average_layer_cache_memory": 0.0,
  "90th_percentile_layer_cache_memory": 0.0,
  "99th_percentile_layer_cache_memory": 0.0,
  "worst_layer_cache_memory": 0.0,
  "average_picture_cache_count": 0.0,
  "90th_percentile_picture_cache_count": 0.0,