{
  "average_frame_build_time_millis": 2.815666666666665,
  "90th_percentile_frame_build_time_millis": 4.156,
  "99th_percentile_frame_build_time_millis": 8.256,
  "worst_frame_build_time_millis": 10.22,
  "missed_frame_build_budget_count": 0,
  "average_frame_rasterizer_time_millis": 9.049130434782608,
  "stddev_frame_rasterizer_time_millis": 0.8158588531821047,
  "90th_percentile_frame_rasterizer_time_millis": 10.244,
  "99th_percentile_frame_rasterizer_time_millis": 10.659,
  "worst_frame_rasterizer_time_millis": 10.679,
  "missed_frame_rasterizer_budget_count": 0,
  "frame_count": 141,
  "frame_rasterizer_count": 138,
  "new_gen_gc_count": 2,
  "old_gen_gc_count": 0,
  "frame_build_times": [
    2515,
    2785,
    2492,
    2409,
    2362,
    2672,
    2526,
    8256,
    2765,
    2305,
    2629,
    2743,
    2774,
    2876,
    2862,
    2678,
    2749,
    2793,
    2709,
    2800,
    2717,
    2692,
    2694,
    2748,
    2775,
    2732,
    2640,
    2772,
    2747,
    5767,
    2752,
    2766,
    2786,
    2629,
    2844,
    2766,
    2708,
    2857,
    3010,
    2615,
    2812,
    2758,
    2711,
    2732,
    2788,
    2667,
    2676,
    2834,
    2732,
    3339,
    919,
    10220,
    4156,
    3747,
    4160,
    5997,
    4498,
    5205,
    4678,
    6300,
    4780,
    5943,
    4572,
    5854,
    931,
    2551,
    986,
    2753,
    1071,
    2704,
    933,
    3266,
    1129,
    2499,
    926,
    2945,
    979,
    2448,
    1151,
    3235,
    895,
    2523,
    965,
    2622,
    899,
    1251,
    2598,
    2453,
    2481,
    2489,
    2411,
    2415,
    5761,
    2490,
    2545,
    3135,
    2360,
    2469,
    2617,
    2574,
    2460,
    2419,
    2330,
    2498,
    2736,
    2501,
    2618,
    2414,
    2404,
    2488,
    2582,
    2547,
    2725,
    2443,
    3127,
    2530,
    2727,
    2527,
    2655,
    2400,
    2457,
    2689,
    2733,
    2863,
    2429,
    2409,
    2365,
    2419,
    2710,
    2497,
    2335,
    2329,
    2486,
    2548,
    2549,
    2320,
    2353,
    2412,
    2370,
    3094,
    1256
  ],
  "frame_rasterizer_times": [
    8654,
    9276,
    9358,
    9653,
    8358,
    3164,
    9154,
    9425,
    8426,
    8256,
    9341,
    9144,
    9323,
    8825,
    8308,
    9223,
    8636,
    8090,
    8085,
    9121,
    8233,
    9301,
    8480,
    8114,
    9245,
    8221,
    9092,
    5758,
    9259,
    8280,
    8982,
    8715,
    8527,
    8309,
    10353,
    9947,
    9427,
    8143,
    9067,
    9189,
    8872,
    8066,
    9008,
    9386,
    9179,
    9110,
    8449,
    8874,
    8746,
    3455,
    7445,
    7763,
    6370,
    6693,
    8099,
    7042,
    7025,
    6831,
    7061,
    6468,
    7520,
    6591,
    10415,
    8426,
    10557,
    10209,
    9935,
    9629,
    10494,
    9169,
    10439,
    9623,
    10217,
    9715,
    10659,
    9555,
    10283,
    9262,
    10679,
    9786,
    9623,
    9223,
    10050,
    9690,
    9659,
    9159,
    10170,
    9764,
    9715,
    9939,
    7689,
    10325,
    9547,
    10244,
    10052,
    9375,
    9581,
    10355,
    9392,
    10356,
    9686,
    10161,
    10487,
    10086,
    9455,
    9151,
    9270,
    10300,
    9447,
    9141,
    9130,
    10440,
    8618,
    9180,
    10198,
    8927,
    8863,
    9118,
    10024,
    9162,
    9805,
    8866,
    9190,
    10210,
    9255,
    10125,
    9523,
    9219,
    9208,
    9041,
    9856,
    9499,
    9556,
    8692,
    9264,
    9656,
    9296,
    10200
  ],
  "frame_begin_times": [
    0,
    16149,
    32826,
    49605,
    66235,
    82593,
    99600,
    116325,
    132866,
    149604,
    166231,
    183110,
    199628,
    216331,
    232989,
    249373,
    266487,
    283331,
    299830,
    316578,
    333428,
    350018,
    366681,
    383340,
    399862,
    416739,
    433426,
    450037,
    466811,
    483406,
    500118,
    516684,
    533658,
    550208,
    566565,
    583548,
    599148,
    616817,
    633304,
    650400,
    667322,
    683733,
    700004,
    717036,
    733801,
    750340,
    767325,
    783315,
    800168,
    817323,
    833905,
    850538,
    866633,
    883384,
    900519,
    917362,
    934006,
    950828,
    967540,
    984029,
    1000665,
    1017555,
    1033720,
    1051156,
    1067585,
    1085180,
    1100981,
    1117692,
    1134246,
    1151044,
    1168007,
    1184676,
    1201231,
    1217440,
    1234555,
    1251323,
    1267425,
    1284770,
    1300734,
    1318001,
    1334858,
    1350949,
    1368302,
    1384776,
    1401483,
    1418075,
    1435205,
    1451756,
    1468196,
    1484868,
    1501244,
    1518187,
    1534387,
    1551637,
    1568219,
    1585184,
    1601634,
    1618476,
    1635161,
    1651867,
    1668575,
    1685299,
    1701980,
    1717978,
    1735453,
    1752034,
    1768285,
    1785458,
    1801990,
    1819065,
    1835371,
    1852108,
    1868835,
    1885648,
    1902237,
    1919011,
    1935519,
    1952360,
    1969014,
    1985594,
    2002308,
    2019126,
    2035100,
    2052427,
    2068981,
    2085648,
    2102412,
    2119536,
    2135249,
    2152315,
    2169162,
    2185907,
    2202742,
    2219268,
    2235376,
    2253152,
    2269419,
    2285748,
    2302481,
    2319277,
    2336128
  ],
  "frame_rasterizer_begin_times": [
    0,
    16642,
    33282,
    49729,
    66618,
    88683,
    100062,
    116574,
    133278,
    150148,
    166700,
    183547,
    200243,
    216482,
    233542,
    250361,
    266866,
    283792,
    300455,
    317046,
    333700,
    350384,
    366906,
    383879,
    400499,
    417169,
    433901,
    453093,
    467256,
    483862,
    500711,
    517248,
    533691,
    550609,
    566218,
    584069,
    600443,
    617457,
    634377,
    650770,
    667119,
    684248,
    700925,
    717425,
    734374,
    750470,
    767326,
    784470,
    800411,
    823818,
    836009,
    851867,
    869889,
    886823,
    903311,
    919900,
    936800,
    953478,
    970021,
    987414,
    1002997,
    1020877,
    1034121,
    1052138,
    1067570,
    1084720,
    1100798,
    1118049,
    1134571,
    1152002,
    1167789,
    1184566,
    1201109,
    1218379,
    1233981,
    1251828,
    1267424,
    1285032,
    1301354,
    1318020,
    1334811,
    1351918,
    1368012,
    1385253,
    1402149,
    1418753,
    1435277,
    1452004,
    1468304,
    1485265,
    1504112,
    1518656,
    1535325,
    1552180,
    1568655,
    1585521,
    1602197,
    1618878,
    1635697,
    1652296,
    1668972,
    1685106,
    1702493,
    1719088,
    1735521,
    1752488,
    1769057,
    1786070,
    1802427,
    1819220,
    1835994,
    1852709,
    1869749,
    1886076,
    1902603,
    1919500,
    1936178,
    1952636,
    1969384,
    1986209,
    2002219,
    2019765,
    2036157,
    2052723,
    2069495,
    2086556,
    2102394,
    2119495,
    2136247,
    2152998,
    2169835,
    2186427,
    2202552,
    2220150,
    2236468,
    2252882,
    2269602,
    2286534
  ],
  "average_vsync_transitions_missed": 0.0,
  "90th_percentile_vsync_transitions_missed": 0.0,
  "99th_percentile_vsync_transitions_missed": 0.0,
  "average_vsync_frame_lag": 0.0,
  "90th_percentile_vsync_frame_lag": 0.0,
  "99th_percentile_vsync_frame_lag": 0.0,
  "average_layer_cache_count": 0.0,
  "90th_percentile_layer_cache_count": 0.0,
  "99th_percentile_layer_cache_count": 0.0,
  "average_frame_request_pending_latency": 15873.578571428572,
  "90th_percentile_frame_request_pending_latency": 16660.0,
  "99th_percentile_frame_request_pending_latency": 17269.0,
  "worst_layer_cache_count": 0.0,
  "average_layer_cache_memory": 0.0,
  "90th_percentile_layer_cache_memory": 0.0,
  "99th_percentile_layer_cache_memory": 0.0,
  "worst_layer_cache_memory": 0.0,
  "average_picture_cache_count": 0.0,
  "90th_percentile_picture_cache_count": 0.0,