{
  "average_frame_build_time_millis": 2.696517730496454,
  "90th_percentile_frame_build_time_millis": 3.945,
  "99th_percentile_frame_build_time_millis": 9.192,
  "worst_frame_build_time_millis": 9.92,
  "missed_frame_build_budget_count": 0,
  "average_frame_rasterizer_time_millis": 8.881078571428572,
  "stddev_frame_rasterizer_time_millis": 0.8374440816326528,
  "90th_percentile_frame_rasterizer_time_millis": 9.943,
  "99th_percentile_frame_rasterizer_time_millis": 11.406,
  "worst_frame_rasterizer_time_millis": 12.134,
  "missed_frame_rasterizer_budget_count": 0,
  "frame_count": 141,
  "frame_rasterizer_count": 140,
  "new_gen_gc_count": 2,
  "old_gen_gc_count": 0,
  "frame_build_times": [
    2341,
    2352,
    2392,
    2509,
    2469,
    2374,
    2415,
    2291,
    2422,
    2313,
    2645,
    7990,
    2470,
    2707,
    2602,
    2563,
    2817,
    2485,
    2648,
    2738,
    2631,
    2698,
    2591,
    2552,
    2552,
    2640,
    2746,
    2573,
    2678,
    2672,
    2520,
    2586,
    2585,
    2599,
    2612,
    2735,
    2712,
    2694,
    6052,
    1804,
    2492,
    2589,
    2759,
    2692,
    2740,
    2697,
    2608,
    2619,
    2587,
    3612,
    954,
    9920,
    3994,
    5463,
    3945,
    5898,
    4361,
    5567,
    3783,
    5283,
    4342,
    5741,
    9192,
    5770,
    892,
    2556,
    867,
    3174,
    1305,
    2290,
    898,
    2586,
    864,
    2395,
    838,
    2308,
    1024,
    2475,
    852,
    2556,
    934,
    2273,
    829,
    2479,
    983,
    780,
    2268,
    2306,
    2393,
    2676,
    2574,
    5481,
    2339,
    2440,
    2403,
    2451,
    2267,
    2287,
    2272,
    2255,
    2554,
    2490,
    2340,
    2563,
    2353,
    2356,
    2343,
    2613,
    2391,
    2294,
    2306,
    2287,
    2597,
    2459,
    2356,
    2726,
    2223,
    2305,
    2272,
    2396,
    2260,
    2170,
    2329,
    2375,
    2352,
    2403,
    2173,
    2327,
    2258,
    2261,
    2281,
    2314,
    2167,
    2214,
    2298,
    2465,
    2294,
    2386,
    2184,
    2708,
    813
  ],
  "frame_rasterizer_times": [
    9754,
    8070,
    8490,
    9273,
    8656,
    8972,
    8884,
    8411,
    8965,
    8354,
    9509,
    4321,
    8962,
    7645,
    8468,
    8088,
    8675,
    9023,
    8556,
    9330,
    8371,
    9287,
    8081,
    8982,
    8938,
    8055,
    8989,
    7955,
    9267,
    8927,
    8432,
    7967,
    8020,
    8656,
    8833,
    8485,
    12134,
    8540,
    6646,
    9592,
    8582,
    8874,
    7646,
    8026,
    7629,
    8122,
    8644,
    8760,
    8742,
    8292,
    9943,
    3251,
    6732,
    6365,
    6620,
    5684,
    6948,
    6930,
    6992,
    6500,
    7295,
    6126,
    7369,
    6319,
    10788,
    9085,
    10164,
    8979,
    9823,
    10508,
    9901,
    9429,
    9387,
    9377,
    9469,
    9417,
    10011,
    9977,
    9525,
    9019,
    10151,
    9062,
    9551,
    9910,
    9165,
    9930,
    9297,
    9620,
    9455,
    9234,
    9503,
    7191,
    9881,
    9568,
    9779,
    9641,
    8577,
    9306,
    8980,
    9151,
    10378,
    8997,
    9892,
    9982,
    10518,
    9459,
    10575,
    11009,
    9456,
    9391,
    9148,
    9271,
    8779,
    9380,
    8954,
    9137,
    9749,
    9704,
    9091,
    9252,
    9515,
    9112,
    11406,
    9314,
    9922,
    9216,
    9659,
    8954,
    8809,
    8845,
    8771,
    9288,
    9065,
    9215,
    10295,
    9441,
    9545,
    9278,
    9127,
    9687
  ],
  "frame_begin_times": [
    0,
    18219,
    34227,
    50481,
    67209,
    83774,
    100599,
    117245,
    134375,
    151122,
    167191,
    183842,
    201077,
    218541,
    234055,
    251067,
    267824,
    284482,
    300942,
    317545,
    334220,
    350799,
    367837,
    384045,
    400913,
    418131,
    434208,
    451502,
    467536,
    484771,
    501460,
    518592,
    535350,
    551150,
    568091,
    584620,
    600824,
    618313,
    634425,
    651002,
    668518,
    684759,
    701907,
    718255,
    735122,
    751844,
    768242,
    784848,
    801622,
    818114,
    834725,
    852028,
    868624,
    884963,
    902087,
    918699,
    934802,
    952118,
    968756,
    985517,
    1001670,
    1018883,
    1035084,
    1052359,
    1068614,
    1085487,
    1102411,
    1118988,
    1135161,
    1152400,
    1168662,
    1185840,
    1202456,
    1218745,
    1236056,
    1252706,
    1268778,
    1285559,
    1302643,
    1319304,
    1335815,
    1352818,
    1369842,
    1386084,
    1402971,
    1418962,
    1436401,
    1453030,
    1470238,
    1486018,
    1503021,
    1519172,
    1535760,
    1552595,
    1569638,
    1586186,
    1603478,
    1619434,
    1637310,
    1653177,
    1669608,
    1687356,
    1702897,
    1719585,
    1736239,
    1752858,
    1769218,
    1786187,
    1803396,
    1820107,
    1837344,
    1853695,
    1870302,
    1886771,
    1903580,
    1920226,
    1936477,
    1953245,
    1970479,
    1986959,
    2003600,
    2020419,
    2036701,
    2053928,
    2070088,
    2086769,
    2104040,
    2120465,
    2137302,
    2154057,
    2170799,
    2187359,
    2204072,
    2220559,
    2236668,
    2253550,
    2270772,
    2287350,
    2304205,
    2320369,
    2337546
  ],
  "frame_rasterizer_begin_times": [
    0,
    18001,
    34117,
    50467,
    67294,
    83781,
    100563,
    117176,
    134265,
    151051,
    167290,
    188858,
    200939,
    218521,
    233989,
    251005,
    267955,
    284349,
    300950,
    317508,
    334171,
    350772,
    367841,
    384014,
    400851,
    418031,
    434166,
    451471,
    467634,
    484680,
    501385,
    518507,
    535264,
    551147,
    568090,
    584680,
    600387,
    618243,
    636718,
    650632,
    668459,
    684718,
    701896,
    718201,
    735248,
    751830,
    768255,
    784807,
    801489,
    818143,
    834076,
    857972,
    870744,
    887389,
    904258,
    921478,
    936945,
    954344,
    970499,
    987502,
    1003804,
    1021553,
    1038192,
    1055164,
    1067973,
    1085416,
    1101745,
    1119200,
    1134557,
    1152261,
    1168087,
    1185715,
    1201829,
    1218666,
    1235481,
    1252557,
    1268282,
    1285448,
    1301933,
    1319238,
    1335284,
    1352681,
    1369260,
    1385983,
    1402409,
    1418582,
    1436283,
    1452954,
    1470031,
    1486022,
    1503005,
    1521690,
    1535673,
    1552544,
    1569544,
    1586108,
    1603397,
    1619383,
    1637168,
    1653044,
    1669591,
    1687268,
    1702480,
    1719690,
    1736180,
    1752765,
    1768720,
    1786140,
    1803398,
    1819989,
    1837170,
    1853568,
    1870264,
    1886686,
    1903517,
    1920373,
    1936499,
    1953180,
    1970427,
    1986924,
    2003534,
    2020337,
    2036686,
    2053829,
    2070092,
    2086742,
    2103981,
    2120432,
    2137222,
    2153964,
    2170707,
    2187421,
    2203987,
    2220460,
    2236632,
    2253590,
    2270692,
    2287425,
    2304125,
    2320412
  ],
  "average_vsync_transitions_missed": 0.0,
  "90th_percentile_vsync_transitions_missed": 0.0,
  "99th_percentile_vsync_transitions_missed": 0.0,
  "average_vsync_frame_lag": 0.0,
  "90th_percentile_vsync_frame_lag": 0.0,
  "99th_percentile_vsync_frame_lag": 0.0,
  "average_layer_cache_count": 0.0,
  "90th_percentile_layer_cache_count": 0.0,
  "99th_percentile_layer_cache_count": 0.0,
  "average_frame_request_pending_latency": 15956.907142857142,
  "90th_percentile_frame_request_pending_latency": 16872.0,
  "99th_percentile_frame_request_pending_latency": 17552.0,
  "worst_layer_cache_count": 0.0,
  "average_layer_cache_memory": 0.0,
  "90th_percentile_layer_cache_memory": 0.0,
  "99th_percentile_layer_cache_memory": 0.0,
  "worst_layer_cache_memory": 0.0,
  "average_picture_cache_count": 0.0,
  "90th_percentile_picture_cache_count": 0.0,