{
  "average_frame_build_time_millis": 3.6290861244019137,
  "90th_percentile_frame_build_time_millis": 8.008,
  "99th_percentile_frame_build_time_millis": 25.834,
  "worst_frame_build_time_millis": 28.824,
  "missed_frame_build_budget_count": 10,
  "average_frame_rasterizer_time_millis": 19.01346601941748,
  "stddev_frame_rasterizer_time_millis": 4.571206994061644,
  "90th_percentile_frame_rasterizer_time_millis": 26.826,
  "99th_percentile_frame_rasterizer_time_millis": 33.009,
  "worst_frame_rasterizer_time_millis": 34.491,
  "missed_frame_rasterizer_budget_count": 141,
  "frame_count": 209,
  "frame_rasterizer_count": 206,
  "new_gen_gc_count": 8,
  "old_gen_gc_count": 0,
  "frame_build_times": [
    1939,
    20978,
    8008,
    1706,
    1696,
    2793,
    2304,
    2435,
    2343,
    1546,
    1747,
    1764,
    6906,
    586,
    704,
    797,
    2123,
    2230,
    1328,
    1629,
    1716,
    2206,
    2176,
    2020,
    2964,
    2495,
    22972,
    13955,
    1387,
    1621,
    2600,
    2331,
    2167,
    2288,
    2499,
    1313,
    1351,
    2088,
    9599,
    1892,
    2039,
    1947,
    1812,
    2070,
    2343,
    1985,
    1958,
    2101,
    19602,
    8129,
    2168,
    2260,
    3098,
    3259,
    2612,
    2432,
    2167,
    1538,
    9063,
    884,
    653,
    689,
    1957,
    1915,
    2723,
    1989,
    2125,
    2173,
    2325,
    2642,
    2414,
    2216,
    28824,
    18133,
    2044,
    1911,
    1659,
    2475,
    1963,
    2352,
    3884,
    1588,
    1652,
    1739,
    13051,
    1773,
    1785,
    1803,
    2055,
    2115,
    2135,
    2225,
    1994,
    18936,
    7868,
    1960,
    2342,
    2388,
    2943,
    3110,
    2386,
    2557,
    1810,
    9350,
    707,
    534,
    751,
    1758,
    2311,
    2240,
    1907,
    2173,
    2466,
    2406,
    2037,
    2338,
    2286,
    25834,
    15522,
    2750,
    2569,
    2439,
    2548,
    2302,
    2897,
    2255,
    1777,
    1644,
    2357,
    10186,
    1715,
    1865,
    1524,
    2001,
    2269,
    2754,
    2254,
    2382,
    17147,
    7954,
    2295,
    1788,
    2575,
    3450,
    3327,
    2614,
    2087,
    1914,
    7925,
    1773,
    2116,
    2019,
    1805,
    2576,
    1857,
    1643,
    2272,
    1983,
    2320,
    2329,
    28440,
    14023,
    1895,
    1846,
    1772,
    2322,
    2554,
    2671,
    1991,
    1658,
    1451,
    1649,
    10100,
    2059,
    1890,
    1368,
    1424,
    1900,
    1992,
    1990,
    2032,
    2016,
    2067,
    2255,
    19881,
    8266,
    2541,
    1928,
    1855,
    3143,
    2351,
    1572,
    1664,
    1733,
    1719,
    6436,
    579,
    607,
    844,
    2733,
    1462,
    1590,
    1708,
    2148,
    1870,
    2429,
    2351,
    2645,
    2232
  ],
  "frame_rasterizer_times": [
    15655,
    13305,
    27290,
    25843,
    27137,
    27318,
    26445,
    26191,
    14515,
    12921,
    8808,
    8943,
    10990,
    15151,
    15047,
    15059,
    16662,
    18555,
    18718,
    18461,
    19514,
    18699,
    18969,
    18462,
    18280,
    7592,
    9771,
    21029,
    23264,
    23853,
    25402,
    26801,
    26701,
    12135,
    34491,
    19568,
    21434,
    20574,
    18008,
    16797,
    16847,
    16814,
    16710,
    17150,
    16734,
    16830,
    16325,
    20710,
    19120,
    26887,
    26360,
    26681,
    26476,
    26619,
    26636,
    24579,
    12117,
    11555,
    11308,
    10737,
    12779,
    13378,
    16431,
    17198,
    18955,
    19201,
    18127,
    19233,
    18684,
    18838,
    18010,
    13439,
    9505,
    15569,
    24945,
    24907,
    26523,
    27372,
    26931,
    14254,
    33009,
    20842,
    20921,
    19594,
    8019,
    15741,
    16155,
    15671,
    14907,
    14961,
    14827,
    15668,
    15562,
    14925,
    27366,
    26907,
    26603,
    26586,
    26911,
    26518,
    25779,
    22261,
    12785,
    10986,
    11051,
    10460,
    15079,
    16855,
    18216,
    18907,
    18715,
    19143,
    18451,
    18621,
    18258,
    18768,
    14946,
    14080,
    14544,
    22929,
    25119,
    27378,
    26703,
    26439,
    11732,
    34187,
    18193,
    21759,
    20067,
    9146,
    15700,
    15288,
    15343,
    14703,
    15808,
    16335,
    16166,
    19642,
    11353,
    27374,
    26826,
    27226,
    26054,
    26757,
    26309,
    25365,
    21686,
    11628,
    11165,
    13144,
    15612,
    16642,
    18151,
    19811,
    18672,
    18729,
    18535,
    18034,
    19208,
    12431,
    12264,
    20446,
    22325,
    24760,
    25382,
    26730,
    27013,
    14617,
    32462,
    20822,
    20019,
    19815,
    9990,
    17092,
    17121,
    15420,
    17820,
    16246,
    17250,
    15918,
    17720,
    18142,
    16100,
    18137,
    11515,
    27516,
    27516,
    27202,
    25830,
    26423,
    26318,
    16398,
    12892,
    9633,
    9060,
    12005,
    14340,
    16018,
    12428,
    16594,
    18724,
    18480,
    18450,
    19486,
    17983,
    19573
  ],
  "frame_begin_times": [
    0,
    16843,
    50273,
    66328,
    83955,
    100460,
    133442,
    166964,
    183930,
    216969,
    233649,
    250477,
    267118,
    283959,
    300950,
    317088,
    333810,
    350642,
    366891,
    384301,
    400081,
    417256,
    433977,
    450602,
    467707,
    484179,
    517676,
    551049,
    566557,
    583744,
    600970,
    633888,
    650484,
    667669,
    700862,
    734113,
    750709,
    784246,
    817099,
    834423,
    851187,
    867239,
    884384,
    900623,
    917963,
    934116,
    951493,
    967181,
    984906,
    1017283,
    1034673,
    1052765,
    1084254,
    1102718,
    1134865,
    1151438,
    1185304,
    1218684,
    1234844,
    1251742,
    1268803,
    1285489,
    1302272,
    1318847,
    1335484,
    1351447,
    1368188,
    1385654,
    1402292,
    1418996,
    1435771,
    1452130,
    1469634,
    1502725,
    1535579,
    1551316,
    1568982,
    1585585,
    1618584,
    1635126,
    1669058,
    1685663,
    1719319,
    1752514,
    1768607,
    1802629,
    1819706,
    1836195,
    1853007,
    1869628,
    1886608,
    1903513,
    1919429,
    1936014,
    1969758,
    1985685,
    2002973,
    2019966,
    2052998,
    2085868,
    2103401,
    2136452,
    2169666,
    2186822,
    2202785,
    2219971,
    2236413,
    2253079,
    2269922,
    2286855,
    2303278,
    2320246,
    2336866,
    2354790,
    2370824,
    2386944,
    2403599,
    2421248,
    2452855,
    2487228,
    2503632,
    2520192,
    2537065,
    2554288,
    2586939,
    2620332,
    2636477,
    2670686,
    2703770,
    2720443,
    2753760,
    2769980,
    2787485,
    2803929,
    2821378,
    2836569,
    2853773,
    2870865,
    2887584,
    2921016,
    2936632,
    2954590,
    2970920,
    3004409,
    3037261,
    3054567,
    3087519,
    3104584,
    3137442,
    3204543,
    3221581,
    3237375,
    3254940,
    3271752,
    3287827,
    3305650,
    3321576,
    3338407,
    3354975,
    3372068,
    3388380,
    3422120,
    3437460,
    3454844,
    3471573,
    3504912,
    3522152,
    3538959,
    3571768,
    3605097,
    3638291,
    3655372,
    3688358,
    3704867,
    3721335,
    3738651,
    3755139,
    3771683,
    3788292,
    3804833,
    3821567,
    3838477,
    3855682,
    3872559,
    3889153,
    3922511,
    3938685,
    3955757,
    3972464,
    4005827,
    4038818,
    4055690,
    4089128,
    4105804,
    4122489,
    4139160,
    4156368,
    4172795,
    4189183,
    4206183,
    4222530,
    4239437,
    4256558,
    4273038,
    4289294,
    4306502,
    4323066,
    4339736,
    4356366
  ],