{
  "average_frame_build_time_millis": 3.1802392344497608,
  "90th_percentile_frame_build_time_millis": 8.033,
  "99th_percentile_frame_build_time_millis": 22.021,
  "worst_frame_build_time_millis": 22.565,
  "missed_frame_build_budget_count": 9,
  "average_frame_rasterizer_time_millis": 18.864417475728157,
  "stddev_frame_rasterizer_time_millis": 4.476606183429164,
  "90th_percentile_frame_rasterizer_time_millis": 26.136,
  "99th_percentile_frame_rasterizer_time_millis": 33.194,
  "worst_frame_rasterizer_time_millis": 35.352,
  "missed_frame_rasterizer_budget_count": 146,
  "frame_count": 209,
  "frame_rasterizer_count": 206,
  "new_gen_gc_count": 8,
  "old_gen_gc_count": 0,
  "frame_build_times": [
    1783,
    1826,
    1697,
    15779,
    14016,
    2192,
    2013,
    1957,
    2043,
    2137,
    2047,
    1519,
    1364,
    7682,
    471,
    416,
    573,
    1601,
    1795,
    1820,
    1668,
    1606,
    1595,
    1640,
    1848,
    1812,
    22179,
    12010,
    1176,
    1437,
    1854,
    2064,
    1835,
    1659,
    2025,
    2198,
    1154,
    1321,
    9965,
    2330,
    1496,
    1619,
    1663,
    1497,
    1436,
    1490,
    1476,
    1588,
    1577,
    16079,
    8430,
    1736,
    1912,
    2063,
    2530,
    2034,
    2198,
    1505,
    1439,
    7724,
    1376,
    2127,
    1953,
    1937,
    1977,
    1557,
    1709,
    1706,
    1816,
    1958,
    1772,
    21708,
    19705,
    2033,
    1987,
    1459,
    2129,
    2139,
    2148,
    1516,
    1114,
    1496,
    1890,
    8832,
    2223,
    1853,
    1723,
    1625,
    1656,
    1665,
    1684,
    1766,
    1774,
    16495,
    9573,
    2001,
    2044,
    2009,
    2702,
    2052,
    2299,
    1482,
    1327,
    8033,
    655,
    570,
    770,
    1627,
    1706,
    1528,
    1787,
    1729,
    1656,
    1665,
    1939,
    1730,
    22021,
    13952,
    1533,
    1558,
    1788,
    1703,
    1837,
    1699,
    2194,
    2405,
    1339,
    1380,
    10232,
    2209,
    1598,
    1579,
    1607,
    1668,
    1546,
    1517,
    1643,
    1779,
    1744,
    16278,
    9238,
    2015,
    2086,
    2245,
    2381,
    2073,
    2108,
    1605,
    1368,
    8029,
    570,
    595,
    689,
    1827,
    1673,
    1649,
    1668,
    1731,
    1182,
    1424,
    1485,
    1708,
    22565,
    12983,
    1801,
    1572,
    1237,
    1795,
    2073,
    2179,
    2058,
    2362,
    1470,
    1216,
    1348,
    9990,
    2119,
    1787,
    1645,
    1968,
    1972,
    1990,
    1918,
    1866,
    1761,
    16934,
    7125,
    2360,
    1454,
    1533,
    2077,
    1989,
    1904,
    1453,
    1595,
    1410,
    7606,
    617,
    591,
    572,
    1737,
    1696,
    2556,
    1977,
    1803,
    1619,
    1726,
    1819,
    1693
  ],
  "frame_rasterizer_times": [
    14759,
    14634,
    15345,
    16244,
    26361,
    25925,
    25841,
    26222,
    25955,
    26307,
    24729,
    11493,
    9581,
    10475,
    13498,
    12577,
    12581,
    15761,
    18924,
    18258,
    17488,
    18268,
    18395,
    18466,
    18789,
    26836,
    10008,
    20421,
    22291,
    23610,
    25260,
    24900,
    26646,
    26066,
    15350,
    33194,
    19818,
    18745,
    9299,
    16899,
    16747,
    16038,
    16843,
    16167,
    17343,
    15534,
    16501,
    16816,
    14182,
    12316,
    26786,
    26178,
    25765,
    26136,
    25230,
    26220,
    24959,
    10643,
    9533,
    9983,
    11236,
    13970,
    15932,
    17865,
    17230,
    19240,
    17844,
    18895,
    18238,
    18565,
    14781,
    8731,
    15048,
    23747,
    25435,
    25132,
    26030,
    14820,
    35352,
    18591,
    20326,
    19181,
    16593,
    7281,
    14455,
    14574,
    13951,
    14995,
    16996,
    14101,
    20970,
    10301,
    16170,
    15025,
    26160,
    26759,
    25813,
    25768,
    25938,
    25637,
    24735,
    11199,
    9464,
    13084,
    12438,
    13809,
    13036,
    15324,
    18820,
    18268,
    18730,
    17754,
    18920,
    17869,
    18848,
    14516,
    13117,
    16973,
    22402,
    23854,
    24485,
    25806,
    26627,
    26288,
    17051,
    33517,
    19933,
    17297,
    9086,
    16916,
    16694,
    16458,
    16431,
    16563,
    16436,
    16631,
    16361,
    16631,
    14448,
    15248,
    27082,
    25450,
    25596,
    26457,
    25932,
    25651,
    24953,
    11077,
    9569,
    13580,
    13273,
    13578,
    13286,
    16054,
    17741,
    19316,
    17580,
    18795,
    18379,
    18373,
    18464,
    13694,
    8120,
    21706,
    22039,
    23666,
    24678,
    25622,
    26117,
    26168,
    15182,
    32792,
    19488,
    20555,
    17707,
    15782,
    17451,
    16154,
    16586,
    17057,
    15977,
    16568,
    17025,
    16463,
    16896,
    10677,
    24784,
    26608,
    25894,
    25978,
    25789,
    25950,
    24795,
    12793,
    15261,
    16368,
    16190,
    16621,
    16825,
    17096,
    23045,
    18874,
    18185,
    18184,
    17942,
    18650
  ],
  "frame_begin_times": [
    0,
    15350,
    32315,
    49074,
    82654,
    98367,
    115140,
    149540,
    165262,
    198943,
    215018,
    249342,
    265965,
    298908,
    316358,
    332894,
    349806,
    366286,
    382910,
    399143,
    415827,
    432189,
    448871,
    466161,
    482769,
    499404,
    516015,
    549873,
    567228,
    582904,
    599258,
    615874,
    649515,
    665543,
    699661,
    716797,
    750199,
    782321,
    816636,
    832962,
    849276,
    866841,
    882960,
    900429,
    916899,
    933830,
    950235,
    966941,
    983608,
    999956,
    1033933,
    1049682,
    1066490,
    1083322,
    1116872,
    1133676,
    1167145,
    1200291,
    1217088,
    1250734,
    1317177,
    1334284,
    1351208,
    1367475,
    1384514,
    1400818,
    1417805,
    1433772,
    1451488,
    1467500,
    1484069,
    1500772,
    1534584,
    1567943,
    1583775,
    1600911,
    1617814,
    1651083,
    1667516,
    1701000,
    1717736,
    1750999,
    1767705,
    1800896,
    1818403,
    1834852,
    1851523,
    1868231,
    1884789,
    1901766,
    1918106,
    1935062,
    1951597,
    1967650,
    2002205,
    2017848,
    2035010,
    2068602,
    2085050,
    2118270,
    2134970,
    2168371,
    2185041,
    2218252,
    2235607,
    2252296,
    2267932,
    2285705,
    2302278,
    2318164,
    2335714,
    2352005,
    2369369,
    2385557,
    2402265,
    2418876,
    2435388,
    2469199,
    2487101,
    2502145,
    2518669,
    2536662,
    2568784,
    2585031,
    2618957,
    2635742,
    2668959,
    2702481,
    2735958,
    2752053,
    2769190,
    2786416,
    2803081,
    2819681,
    2836490,
    2852918,
    2869844,
    2886402,
    2903091,
    2919787,
    2953275,
    2969223,
    2986331,
    3019019,
    3036000,
    3069679,
    3086730,
    3119581,
    3136342,
    3169591,
    3186497,
    3203697,
    3219811,
    3236481,
    3253445,
    3269724,
    3286647,
    3303303,
    3320380,
    3337332,
    3353617,
    3370255,
    3386772,
    3420222,
    3436653,
    3454052,
    3470757,
    3487987,
    3519926,
    3536943,
    3570328,
    3587055,
    3620506,
    3654244,
    3670455,
    3703734,
    3720506,
    3737428,
    3753912,
    3770601,
    3787282,
    3804025,
    3820787,
    3837625,
    3854213,
    3870769,
    3904509,
    3920467,
    3938034,
    3954254,
    3987647,
    4003896,
    4037660,
    4054164,
    4087705,
    4104392,
    4121650,
    4137686,
    4155383,
    4171771,
    4188412,
    4204965,
    4221935,
    4255791,
    4271753,
    4288465,
    4304926,
    4321818,
    4338262
  ],