{
  "average_frame_build_time_millis": 3.50054066985646,
  "90th_percentile_frame_build_time_millis": 8.343,
  "99th_percentile_frame_build_time_millis": 24.598,
  "worst_frame_build_time_millis": 40.494,
  "missed_frame_build_budget_count": 9,
  "average_frame_rasterizer_time_millis": 18.651684466019415,
  "stddev_frame_rasterizer_time_millis": 4.7954193137901795,
  "90th_percentile_frame_rasterizer_time_millis": 26.172,
  "99th_percentile_frame_rasterizer_time_millis": 33.666,
  "worst_frame_rasterizer_time_millis": 35.661,
  "missed_frame_rasterizer_budget_count": 146,
  "frame_count": 209,
  "frame_rasterizer_count": 206,
  "new_gen_gc_count": 8,
  "old_gen_gc_count": 0,
  "frame_build_times": [
    1960,
    2077,
    2005,
    1768,
    1726,
    18211,
    8196,
    1918,
    1749,
    2324,
    2421,
    2212,
    2584,
    1586,
    1562,
    8491,
    1683,
    1836,
    1931,
    1767,
    1973,
    2467,
    2319,
    1891,
    1821,
    2161,
    2057,
    22945,
    14501,
    1923,
    1582,
    2135,
    2153,
    2873,
    2493,
    2274,
    1706,
    1444,
    1822,
    1801,
    10730,
    2241,
    1748,
    1751,
    1784,
    1805,
    1692,
    1709,
    1684,
    1679,
    17937,
    11067,
    2537,
    1949,
    2231,
    3130,
    2372,
    2755,
    1508,
    1770,
    6881,
    592,
    625,
    640,
    1911,
    1903,
    1906,
    1826,
    1822,
    1935,
    1842,
    2355,
    2171,
    25844,
    14397,
    2074,
    1164,
    1468,
    1545,
    2443,
    2275,
    1862,
    2423,
    1878,
    1452,
    10362,
    2371,
    1791,
    1642,
    1574,
    1577,
    1653,
    1852,
    1680,
    1626,
    1691,
    18083,
    7447,
    2120,
    1444,
    2569,
    3181,
    2596,
    2850,
    1766,
    1394,
    1549,
    9153,
    615,
    602,
    724,
    2171,
    1808,
    1982,
    1644,
    1872,
    1921,
    1811,
    2499,
    3618,
    40494,
    10964,
    1666,
    1324,
    1899,
    2149,
    3077,
    2505,
    2242,
    1870,
    1580,
    1577,
    11067,
    1497,
    1519,
    1735,
    1849,
    1932,
    2077,
    1946,
    1996,
    16241,
    10671,
    2365,
    1827,
    1839,
    2336,
    3135,
    2346,
    2010,
    1810,
    8343,
    626,
    799,
    601,
    1844,
    1945,
    2107,
    1801,
    1826,
    1859,
    1934,
    2450,
    2386,
    24598,
    13345,
    1709,
    1539,
    1891,
    2014,
    2069,
    2592,
    1967,
    2695,
    1952,
    1624,
    7628,
    1645,
    1685,
    1796,
    1840,
    1794,
    1750,
    1842,
    1817,
    1858,
    1662,
    18168,
    8074,
    2132,
    1455,
    2413,
    3099,
    2586,
    2493,
    1806,
    1163,
    8897,
    1618,
    2167,
    2002,
    1776,
    2018,
    1699,
    1890,
    1929,
    1717,
    1838,
    2396
  ],
  "frame_rasterizer_times": [
    16253,
    16129,
    16432,
    16511,
    12896,
    15773,
    26752,
    26166,
    25980,
    25443,
    26751,
    25855,
    24954,
    10671,
    7981,
    9276,
    10806,
    12324,
    15439,
    16853,
    18735,
    19017,
    18013,
    19333,
    18208,
    18105,
    13740,
    9091,
    21025,
    22092,
    23982,
    24756,
    25349,
    26992,
    8858,
    33149,
    20416,
    20731,
    17767,
    12867,
    17523,
    15552,
    16494,
    16499,
    16788,
    16475,
    16338,
    16450,
    16551,
    16835,
    13984,
    27053,
    25798,
    26587,
    25985,
    26171,
    25797,
    24564,
    11114,
    9378,
    7973,
    6727,
    10388,
    9422,
    14985,
    17668,
    19305,
    18179,
    18263,
    18509,
    18376,
    18055,
    11191,
    12087,
    19575,
    21972,
    24212,
    24794,
    25469,
    26136,
    26913,
    10419,
    35661,
    17884,
    19028,
    8778,
    16623,
    16124,
    16651,
    16355,
    16674,
    16992,
    16158,
    16609,
    16936,
    14733,
    11300,
    26599,
    26495,
    25944,
    26127,
    25898,
    25370,
    25329,
    13434,
    13229,
    16293,
    16626,
    17176,
    15942,
    17974,
    22712,
    17970,
    17987,
    18649,
    19793,
    18712,
    19406,
    18039,
    4413,
    6736,
    20426,
    24785,
    25052,
    25735,
    25480,
    26822,
    13514,
    33666,
    19907,
    21624,
    17742,
    9029,
    14452,
    14965,
    14448,
    14605,
    14410,
    14114,
    14612,
    16703,
    15541,
    26700,
    26839,
    26062,
    25892,
    26534,
    25690,
    25309,
    20977,
    9718,
    8832,
    13707,
    12648,
    11389,
    15739,
    17623,
    18513,
    18644,
    18300,
    19042,
    18400,
    17897,
    12562,
    8625,
    21312,
    23143,
    24428,
    24814,
    26072,
    26115,
    26467,
    13513,
    35324,
    20580,
    21469,
    8048,
    16219,
    16527,
    16516,
    16473,
    16532,
    16517,
    16702,
    16672,
    16642,
    15794,
    11348,
    26389,
    26551,
    25904,
    25817,
    26172,
    26253,
    24377,
    14132,
    9279,
    9749,
    10259,
    13190,
    15042,
    17169,
    18145,
    19406,
    18213,
    18315
  ],
  "frame_begin_times": [
    0,
    15907,
    32567,
    50238,
    66270,
    83443,
    116703,
    132519,
    149657,
    166545,
    201275,
    233223,
    249884,
    282996,
    299772,
    333310,
    399936,
    417030,
    433711,
    449529,
    466788,
    484080,
    500150,
    517624,
    533583,
    550482,
    567061,
    583581,
    617207,
    633347,
    650683,
    667133,
    683107,
    717155,
    733701,
    767075,
    783828,
    817366,
    850714,
    867311,
    900589,
    917121,
    934108,
    951420,
    967676,
    984397,
    1001211,
    1017981,
    1034816,
    1050532,
    1068032,
    1101543,
    1116905,
    1134541,
    1168331,
    1184482,
    1217897,
    1234966,
    1267883,
    1284555,
    1317630,
    1334513,
    1350713,
    1367990,
    1385507,
    1402500,
    1418246,
    1435523,
    1451076,
    1468171,
    1485317,
    1501847,
    1518664,
    1535472,
    1567672,
    1584318,
    1601224,
    1618662,
    1634990,
    1668363,
    1684994,
    1718690,
    1735294,
    1768575,
    1802253,
    1835332,
    1851361,
    1868090,
    1885525,
    1902165,
    1918744,
    1935244,
    1952102,
    1969120,
    1985869,
    2002777,
    2019476,
    2052678,
    2068639,
    2086014,
    2102975,
    2135304,
    2152584,
    2186188,
    2203016,
    2235974,
    2253479,
    2268863,
    2286391,
    2303393,
    2320389,
    2336647,
    2352735,
    2369851,
    2403166,
    2419966,
    2437906,
    2453170,
    2469890,
    2486326,
    2502363,
    2553106,
    2569057,
    2586502,
    2603358,
    2619683,
    2653121,
    2669768,
    2703090,
    2720024,
    2753494,
    2786703,
    2803206,
    2836743,
    2854035,
    2870462,
    2887237,
    2903946,
    2920522,
    2937726,
    2954025,
    2971203,
    3004247,
    3020047,
    3037363,
    3070691,
    3088352,
    3120573,
    3136631,
    3170714,
    3187480,
    3220556,
    3236820,
    3253875,
    3271216,
    3287926,
    3304471,
    3320733,
    3338721,
    3354098,
    3371321,
    3387751,
    3404630,
    3421411,
    3437839,
    3471433,
    3487574,
    3504323,
    3521151,
    3537440,
    3571106,
    3587994,
    3621330,
    3638196,
    3671404,
    3704693,
    3738146,
    3754348,
    3771233,
    3788613,
    3804850,
    3821821,
    3838611,
    3854769,
    3872004,
    3888386,
    3905533,
    3922084,
    3955360,
    3971325,
    3989122,
    4004825,
    4038681,
    4054809,
    4088844,
    4105765,
    4138835,
    4172422,
    4238780,
    4255844,
    4272619,
    4289058,
    4305360,
    4321859,
    4339413,
    4355653,
    4373026,
    4389866,
    4405986
  ],