{
  "average_frame_build_time_millis": 1.2385095785440616,
  "90th_percentile_frame_build_time_millis": 1.352,
  "99th_percentile_frame_build_time_millis": 6.61,
  "worst_frame_build_time_millis": 9.413,
  "missed_frame_build_budget_count": 0,
  "average_frame_rasterizer_time_millis": 13.52584555984556,
  "stddev_frame_rasterizer_time_millis": 0.9557054009331997,
  "90th_percentile_frame_rasterizer_time_millis": 14.909,
  "99th_percentile_frame_rasterizer_time_millis": 17.36,
  "worst_frame_rasterizer_time_millis": 19.134,
  "missed_frame_rasterizer_budget_count": 7,
  "frame_count": 261,
  "frame_rasterizer_count": 259,
  "new_gen_gc_count": 0,
  "old_gen_gc_count": 0,
  "frame_build_times": [
    1249,
    1383,
    1602,
    1033,
    1308,
    1293,
    840,
    1179,
    1305,
    1199,
    1113,
    1261,
    1195,
    1131,
    1304,
    1233,
    1127,
    1208,
    1194,
    1330,
    708,
    605,
    970,
    741,
    727,
    1063,
    699,
    8455,
    1557,
    1689,
    1243,
    1369,
    1154,
    1234,
    1146,
    1198,
    1181,
    1138,
    1083,
    1250,
    671,
    1294,
    782,
    1488,
    681,
    1090,
    747,
    1261,
    854,
    1073,
    635,
    1139,
    688,
    1199,
    690,
    1086,
    591,
    1051,
    810,
    1216,
    746,
    6610,
    1034,
    1025,
    1109,
    1166,
    1277,
    1072,
    1093,
    1091,
    1287,
    1157,
    1099,
    1111,
    1053,
    1300,
    1626,
    1249,
    1118,
    1090,
    1260,
    1183,
    1140,
    1432,
    1130,
    1152,
    1041,
    1030,
    1284,
    1427,
    1255,
    1171,
    1155,
    1119,
    1259,
    1235,
    1171,
    1197,
    783,
    941,
    830,
    843,
    832,
    909,
    552,
    7420,
    927,
    836,
    920,
    1219,
    1195,
    1417,
    1093,
    1732,
    1074,
    967,
    1185,
    1313,
    629,
    1177,
    659,
    1382,
    810,
    1212,
    724,
    1205,
    737,
    1175,
    657,
    1372,
    691,
    1238,
    760,
    1003,
    770,
    1352,
    678,
    1169,
    800,
    5999,
    1163,
    1474,
    1209,
    1281,
    1165,
    1139,
    1289,
    1374,
    1102,
    1215,
    1063,
    1357,
    1254,
    1184,
    1210,
    1146,
    1248,
    1241,
    1226,
    1253,
    1199,
    1210,
    1329,
    1003,
    1191,
    1185,
    1241,
    1048,
    1089,
    1236,
    1291,
    1203,
    1286,
    1268,
    1019,
    1209,
    761,
    791,
    764,
    705,
    670,
    969,
    563,
    9413,
    1929,
    1789,
    752,
    1280,
    993,
    1293,
    1107,
    1344,
    1223,
    1288,
    699,
    1217,
    787,
    1166,
    816,
    1169,
    708,
    1229,
    799,
    1209,
    799,
    953,
    663,
    1193,
    686,
    1303,
    896,
    1192,
    768,
    1126,
    766,
    1227,
    758,
    5422,
    1131,
    1125,
    1298,
    1164,
    1064,
    1373,
    1254,
    1134,
    1148,
    1202,
    1247,
    1424,
    1084,
    1218,
    1126,
    1207,
    1158,
    1146,
    1151,
    1242,
    1009,
    1192,
    1079,
    1078,
    1095,
    1142,
    1329,
    1203,
    1053,
    1206,
    1222,
    1322,
    1244,
    1328,
    1287,
    1294,
    852,
    788,
    867,
    944,
    773,
    735,
    644
  ],
  "frame_rasterizer_times": [
    13348,
    13437,
    15081,
    13012,
    11605,
    9913,
    12712,
    13109,
    14158,
    14788,
    14589,
    14465,
    14199,
    12909,
    13472,
    13107,
    15155,
    14002,
    14233,
    17031,
    15702,
    15044,
    15048,
    15023,
    10298,
    10324,
    13603,
    17360,
    12416,
    13234,
    13447,
    13211,
    13523,
    12661,
    13272,
    13631,
    11195,
    12575,
    13895,
    13690,
    14171,
    13332,
    13053,
    13517,
    13573,
    13690,
    14967,
    12624,
    12548,
    13537,
    12241,
    13002,
    12823,
    13246,
    11379,
    11637,
    13556,
    13509,
    13398,
    13911,
    13685,
    13720,
    12248,
    13840,
    13186,
    11804,
    12187,
    14067,
    14319,
    14424,
    15142,
    14130,
    12672,
    12128,
    14518,
    13689,
    14490,
    13948,
    13517,
    14504,
    12508,
    14852,
    13909,
    13040,
    12394,
    13495,
    13005,
    13779,
    12108,
    14500,
    15065,
    14466,
    14528,
    13334,
    13199,
    14399,
    15005,
    14387,
    12898,
    14428,
    13164,
    13545,
    10539,
    9722,
    17786,
    17386,
    16739,
    16473,
    14876,
    13777,
    14044,
    12580,
    13915,
    11700,
    9512,
    13135,
    13335,
    15959,
    13550,
    12839,
    11704,
    12959,
    13451,
    13186,
    13766,
    12364,
    11460,
    13187,
    12962,
    13208,
    13736,
    13021,
    9676,
    12969,
    13843,
    13617,
    13751,
    12771,
    11862,
    12758,
    14728,
    15135,
    13838,
    13662,
    13281,
    14531,
    14732,
    13782,
    13749,
    13767,
    13589,
    14082,
    14618,
    14563,
    14683,
    15803,
    13546,
    14535,
    14909,
    13733,
    14555,
    14076,
    11717,
    13233,
    13032,
    15126,
    12874,
    13632,
    12709,
    14543,
    14398,
    12966,
    13867,
    14282,
    14192,
    15207,
    14542,
    14235,
    14092,
    15404,
    11171,
    10066,
    10928,
    15114,
    19134,
    12331,
    13180,
    11797,
    13206,
    13496,
    12575,
    11941,
    13150,
    12918,
    14582,
    14000,
    13615,
    12755,
    11970,
    13242,
    13639,
    13778,
    14781,
    10479,
    10547,
    11498,
    13579,
    13281,
    14456,
    11488,
    14519,
    13883,
    11515,
    12967,
    13823,
    12054,
    12262,
    12747,
    14207,
    13313,
    13844,
    12553,
    13178,
    15303,
    14412,
    14202,
    13292,
    13766,
    13373,
    14497,
    14663,
    14311,
    13827,
    12636,
    13298,
    12326,
    13614,
    13002,
    13188,
    14909,
    13379,
    13185,
    12831,
    13540,
    13868,
    13271,
    13519,
    13696,
    14163,
    12840,
    14089,
    14463,
    13454,
    15143,
    14058,
    14906,
    14107,
    14467,
    10551
  ],