{
  "average_frame_build_time_millis": 1.227484732824428,
  "90th_percentile_frame_build_time_millis": 1.354,
  "99th_percentile_frame_build_time_millis": 7.261,
  "worst_frame_build_time_millis": 9.234,
  "missed_frame_build_budget_count": 0,
  "average_frame_rasterizer_time_millis": 10.926188461538453,
  "stddev_frame_rasterizer_time_millis": 1.4189853550295832,
  "90th_percentile_frame_rasterizer_time_millis": 13.949,
  "99th_percentile_frame_rasterizer_time_millis": 16.332,
  "worst_frame_rasterizer_time_millis": 17.805,
  "missed_frame_rasterizer_budget_count": 5,
  "frame_count": 262,
  "frame_rasterizer_count": 260,
  "new_gen_gc_count": 2,
  "old_gen_gc_count": 0,
  "frame_build_times": [
    1208,
    1087,
    1249,
    1203,
    1160,
    1097,
    1187,
    1193,
    1231,
    1255,
    1140,
    1170,
    1096,
    1060,
    1165,
    1185,
    1266,
    1174,
    1111,
    1244,
    1388,
    907,
    713,
    757,
    771,
    827,
    719,
    574,
    5403,
    1217,
    1643,
    1073,
    1148,
    1127,
    1421,
    1131,
    1358,
    1147,
    1046,
    1107,
    1282,
    655,
    1310,
    696,
    888,
    617,
    1288,
    719,
    1266,
    777,
    869,
    641,
    1182,
    855,
    1295,
    709,
    1248,
    762,
    1200,
    819,
    1217,
    815,
    7261,
    1067,
    1098,
    1372,
    1152,
    1104,
    1132,
    1127,
    1158,
    1352,
    1630,
    1212,
    1174,
    1066,
    1191,
    1705,
    1188,
    1249,
    1257,
    1145,
    1222,
    1352,
    1235,
    1230,
    1393,
    1197,
    1371,
    1126,
    1150,
    1154,
    1316,
    1163,
    1244,
    1240,
    1183,
    1089,
    946,
    664,
    842,
    736,
    741,
    679,
    743,
    374,
    8455,
    975,
    1263,
    1178,
    1223,
    1225,
    1443,
    1092,
    1277,
    1223,
    1292,
    1225,
    1186,
    676,
    1133,
    690,
    1299,
    731,
    1252,
    681,
    1209,
    535,
    1345,
    711,
    1240,
    664,
    1232,
    657,
    1450,
    776,
    1156,
    673,
    1318,
    787,
    7129,
    1089,
    1162,
    1143,
    1107,
    1203,
    1264,
    1203,
    1179,
    673,
    712,
    1075,
    1015,
    762,
    968,
    926,
    871,
    959,
    983,
    777,
    891,
    1098,
    1108,
    1406,
    1109,
    1085,
    1157,
    1088,
    1149,
    1189,
    1078,
    1108,
    1235,
    1169,
    1677,
    1222,
    1046,
    689,
    723,
    709,
    770,
    928,
    719,
    693,
    9234,
    1510,
    1991,
    1842,
    1085,
    913,
    1900,
    1222,
    1373,
    1085,
    1292,
    1136,
    1141,
    889,
    1327,
    676,
    1148,
    744,
    1134,
    572,
    1426,
    606,
    1243,
    681,
    1106,
    690,
    1317,
    672,
    1247,
    702,
    1216,
    851,
    1318,
    695,
    7306,
    1208,
    1183,
    1271,
    1559,
    1091,
    1120,
    1223,
    1128,
    1341,
    1120,
    1045,
    1090,
    1082,
    1204,
    1270,
    1221,
    1106,
    1110,
    1281,
    1304,
    1354,
    1141,
    1073,
    1040,
    1318,
    1203,
    1085,
    1233,
    1154,
    1171,
    1250,
    1294,
    1155,
    1120,
    1102,
    1165,
    788,
    689,
    706,
    597,
    737,
    749,
    614
  ],
  "frame_rasterizer_times": [
    12662,
    12565,
    14816,
    14754,
    13223,
    15265,
    14105,
    13660,
    15078,
    13877,
    12974,
    14317,
    12870,
    13536,
    14820,
    14039,
    13738,
    14296,
    12837,
    14884,
    15517,
    14761,
    13752,
    15783,
    14628,
    10311,
    10335,
    13974,
    17199,
    16961,
    12352,
    11060,
    11870,
    10762,
    9674,
    9431,
    9657,
    8943,
    9597,
    9731,
    10015,
    9608,
    10025,
    9809,
    9242,
    9565,
    9533,
    9603,
    9677,
    10497,
    10241,
    9664,
    9608,
    9443,
    9570,
    9644,
    9677,
    9447,
    9625,
    9463,
    10683,
    9888,
    9684,
    9547,
    9613,
    9515,
    9537,
    9588,
    9684,
    9922,
    9425,
    10326,
    9626,
    9687,
    9426,
    9749,
    9613,
    9631,
    9666,
    9722,
    9714,
    9542,
    9620,
    9626,
    9663,
    9785,
    9763,
    9632,
    9524,
    9596,
    9700,
    9756,
    10579,
    9641,
    9526,
    9589,
    9631,
    10050,
    8945,
    9382,
    9425,
    9959,
    10025,
    10796,
    5857,
    14887,
    15470,
    15732,
    16028,
    15485,
    13949,
    11571,
    9609,
    9564,
    9701,
    9626,
    9674,
    9506,
    9735,
    9432,
    9759,
    9649,
    9723,
    9601,
    11133,
    9704,
    11341,
    11416,
    9520,
    9371,
    11201,
    9562,
    9598,
    9503,
    9605,
    9426,
    10063,
    9505,
    9514,
    9745,
    9508,
    9633,
    9508,
    9673,
    9536,
    9560,
    9519,
    9486,
    8989,
    9759,
    8888,
    9814,
    10574,
    11282,
    9878,
    10457,
    10385,
    10815,
    10197,
    9955,
    9454,
    9520,
    9508,
    9633,
    9417,
    9452,
    9512,
    10587,
    10630,
    9518,
    9347,
    10719,
    10336,
    9412,
    9347,
    9373,
    9348,
    9410,
    11062,
    11090,
    11221,
    10444,
    10264,
    12670,
    13887,
    16332,
    17805,
    14712,
    15624,
    13317,
    10969,
    11294,
    11818,
    10273,
    11401,
    11521,
    11859,
    10035,
    11993,
    12069,
    11766,
    11573,
    11330,
    11730,
    11561,
    12178,
    12643,
    11668,
    12151,
    11108,
    11525,
    9865,
    11946,
    12040,
    10566,
    10611,
    11495,
    12154,
    12047,
    11976,
    11990,
    12028,
    11996,
    11407,
    11512,
    11770,
    10078,
    11390,
    11112,
    9839,
    11135,
    11814,
    10864,
    10909,
    10095,
    10388,
    9828,
    10057,
    11999,
    10995,
    10703,
    10654,
    9558,
    10869,
    9921,
    10696,
    11166,
    11112,
    9735,
    10735,
    10826,
    10593,
    10263,
    10106,
    11055,
    11479,
    10475,
    11293,
    10796,
    10700
  ],