{
  "average_frame_build_time_millis": 1.276107279693486,
  "90th_percentile_frame_build_time_millis": 1.375,
  "99th_percentile_frame_build_time_millis": 6.721,
  "worst_frame_build_time_millis": 10.321,
  "missed_frame_build_budget_count": 0,
  "average_frame_rasterizer_time_millis": 13.703196153846164,
  "stddev_frame_rasterizer_time_millis": 0.9340006804733726,
  "90th_percentile_frame_rasterizer_time_millis": 14.867,
  "99th_percentile_frame_rasterizer_time_millis": 17.974,
  "worst_frame_rasterizer_time_millis": 21.877,
  "missed_frame_rasterizer_budget_count": 12,
  "frame_count": 261,
  "frame_rasterizer_count": 260,
  "new_gen_gc_count": 0,
  "old_gen_gc_count": 0,
  "frame_build_times": [
    1120,
    1155,
    2030,
    1258,
    1103,
    1336,
    1168,
    1128,
    1176,
    1305,
    1240,
    1329,
    1153,
    1301,
    1359,
    1281,
    1250,
    1270,
    1139,
    1175,
    651,
    722,
    759,
    755,
    728,
    791,
    632,
    7358,
    801,
    924,
    1039,
    1071,
    1094,
    1104,
    1194,
    1224,
    1133,
    1272,
    693,
    1176,
    552,
    1186,
    830,
    1014,
    736,
    1170,
    727,
    1312,
    639,
    1304,
    669,
    1066,
    681,
    1168,
    769,
    1291,
    663,
    1251,
    778,
    1311,
    759,
    6721,
    1086,
    1187,
    1114,
    1149,
    1280,
    1365,
    1256,
    1098,
    1197,
    1181,
    1160,
    1233,
    1157,
    1287,
    1252,
    1304,
    1247,
    1102,
    1248,
    1048,
    1177,
    1239,
    1274,
    1122,
    1439,
    1255,
    1188,
    1275,
    1366,
    1291,
    1205,
    1375,
    1217,
    1358,
    1212,
    1151,
    774,
    785,
    964,
    847,
    942,
    828,
    586,
    10170,
    1696,
    1309,
    1258,
    1313,
    1199,
    1165,
    1291,
    1499,
    1283,
    1200,
    1114,
    1019,
    517,
    1379,
    726,
    1415,
    818,
    1225,
    783,
    1175,
    724,
    1233,
    705,
    957,
    698,
    1149,
    750,
    1256,
    706,
    1067,
    730,
    1341,
    729,
    6682,
    1129,
    1172,
    1171,
    1212,
    1157,
    1227,
    1128,
    1523,
    1584,
    1208,
    1423,
    1451,
    1213,
    1351,
    1022,
    1344,
    1299,
    1228,
    1250,
    1379,
    1352,
    1269,
    1292,
    1241,
    1309,
    1475,
    1072,
    1158,
    1213,
    1248,
    1181,
    1179,
    1235,
    1210,
    1190,
    1244,
    679,
    738,
    775,
    823,
    812,
    964,
    587,
    10321,
    1117,
    1152,
    991,
    1186,
    1380,
    1351,
    1325,
    1443,
    1149,
    1345,
    948,
    1307,
    669,
    1247,
    712,
    1300,
    754,
    1123,
    689,
    1103,
    666,
    1361,
    767,
    1132,
    655,
    1231,
    782,
    1221,
    714,
    1305,
    695,
    1402,
    741,
    6709,
    1285,
    1149,
    1194,
    1222,
    1299,
    1118,
    1181,
    1194,
    1251,
    1089,
    1205,
    1333,
    1376,
    1298,
    1290,
    1383,
    1303,
    1196,
    1282,
    1188,
    1225,
    1436,
    1396,
    1140,
    1073,
    1280,
    1218,
    1235,
    1369,
    1215,
    1280,
    1310,
    1232,
    1201,
    1136,
    972,
    811,
    1568,
    746,
    925,
    938,
    995,
    721
  ],
  "frame_rasterizer_times": [
    13986,
    13032,
    13561,
    12549,
    12334,
    14392,
    14257,
    13633,
    12578,
    12755,
    13587,
    15186,
    13318,
    13761,
    13054,
    13805,
    13994,
    14359,
    14015,
    13829,
    13128,
    13076,
    14061,
    13483,
    14083,
    10211,
    10088,
    18678,
    17607,
    17526,
    16631,
    14195,
    13607,
    14165,
    13074,
    12913,
    12214,
    12177,
    12565,
    12573,
    13477,
    13247,
    11816,
    11081,
    11270,
    13219,
    12933,
    12878,
    12751,
    12096,
    12749,
    12793,
    13045,
    13169,
    13764,
    12979,
    12597,
    12822,
    12941,
    14257,
    14340,
    12895,
    12713,
    13680,
    12401,
    12439,
    12400,
    12610,
    14215,
    13470,
    12368,
    13975,
    12182,
    13272,
    15191,
    12575,
    14409,
    13766,
    13515,
    12639,
    14046,
    14143,
    14557,
    14114,
    13219,
    13539,
    13288,
    14183,
    13809,
    14476,
    13361,
    12625,
    15100,
    13560,
    13448,
    13311,
    13972,
    14823,
    14956,
    14047,
    14230,
    13684,
    14098,
    10635,
    9730,
    21877,
    17593,
    17061,
    17821,
    15532,
    14394,
    12998,
    12738,
    14367,
    13932,
    13580,
    13463,
    9832,
    13413,
    12945,
    13202,
    14665,
    13653,
    14091,
    13245,
    12644,
    13860,
    13814,
    14054,
    10193,
    11546,
    13315,
    13067,
    13741,
    14114,
    11471,
    12920,
    13597,
    14867,
    13166,
    14687,
    13168,
    13832,
    13959,
    12842,
    14269,
    13795,
    13818,
    13799,
    13363,
    14464,
    14757,
    14425,
    14190,
    12819,
    14038,
    14160,
    13339,
    14001,
    14894,
    14734,
    12827,
    13524,
    14260,
    14648,
    12239,
    13657,
    13907,
    14448,
    13765,
    14604,
    14446,
    13637,
    12903,
    14326,
    13845,
    14755,
    13958,
    14697,
    14345,
    15713,
    10230,
    9889,
    18800,
    17538,
    17974,
    17450,
    15431,
    14345,
    12893,
    13003,
    14762,
    13197,
    13462,
    13359,
    13324,
    13358,
    14194,
    13992,
    13708,
    12325,
    11821,
    13411,
    13306,
    13565,
    13189,
    12827,
    11560,
    13608,
    13340,
    12942,
    13488,
    13395,
    13202,
    12455,
    13328,
    14825,
    12526,
    14347,
    13270,
    13739,
    13787,
    13012,
    12251,
    13708,
    14184,
    13378,
    13391,
    14385,
    13051,
    13708,
    15738,
    14277,
    13967,
    13904,
    13856,
    13390,
    14283,
    14031,
    14921,
    13035,
    13199,
    13897,
    14911,
    13744,
    14509,
    15380,
    14553,
    15223,
    14237,
    13490,
    13987,
    14102,
    14375,
    14219,
    14595,
    14489,
    13693,
    15328,
    10704
  ],