{
  "average_frame_build_time_millis": 0.7501855345911951,
  "90th_percentile_frame_build_time_millis": 0.866,
  "99th_percentile_frame_build_time_millis": 1.03,
  "worst_frame_build_time_millis": 1.436,
  "missed_frame_build_budget_count": 0,
  "average_frame_rasterizer_time_millis": 13.45446226415094,
  "stddev_frame_rasterizer_time_millis": 0.26890459238163,
  "90th_percentile_frame_rasterizer_time_millis": 13.852,
  "99th_percentile_frame_rasterizer_time_millis": 14.68,
  "worst_frame_rasterizer_time_millis": 16.436,
  "missed_frame_rasterizer_budget_count": 1,
  "frame_count": 318,
  "frame_rasterizer_count": 318,
  "new_gen_gc_count": 0,
  "old_gen_gc_count": 0,
  "frame_build_times": [
    332,
    317,
    348,
    289,
    1036,
    1196,
    895,
    673,
    529,
    665,
    714,
    778,
    642,
    627,
    630,
    721,
    687,
    849,
    727,
    676,
    690,
    653,
    614,
    763,
    788,
    895,
    835,
    874,
    709,
    740,
    775,
    783,
    887,
    924,
    783,
    704,
    562,
    782,
    751,
    789,
    803,
    683,
    660,
    622,
    693,
    883,
    734,
    572,
    661,
    778,
    844,
    741,
    787,
    869,
    816,
    853,
    794,
    601,
    680,
    740,
    790,
    773,
    793,
    788,
    682,
    999,
    890,
    828,
    851,
    863,
    758,
    573,
    678,
    640,
    813,
    754,
    684,
    829,
    653,
    811,
    766,
    819,
    795,
    819,
    755,
    807,
    665,
    727,
    817,
    619,
    661,
    751,
    644,
    853,
    776,
    774,
    822,
    873,
    852,
    630,
    836,
    803,
    871,
    773,
    667,
    677,
    635,
    858,
    873,
    774,
    728,
    782,
    874,
    601,
    785,
    804,
    733,
    945,
    738,
    640,
    664,
    814,
    832,
    778,
    736,
    812,
    850,
    727,
    812,
    790,
    665,
    645,
    927,
    774,
    626,
    815,
    858,
    1030,
    764,
    771,
    728,
    593,
    876,
    843,
    775,
    881,
    721,
    735,
    635,
    827,
    669,
    668,
    777,
    699,
    805,
    660,
    760,
    915,
    755,
    838,
    768,
    874,
    627,
    805,
    771,
    796,
    617,
    847,
    784,
    677,
    735,
    788,
    901,
    755,
    774,
    750,
    743,
    713,
    845,
    660,
    758,
    800,
    682,
    828,
    793,
    771,
    828,
    785,
    728,
    880,
    704,
    862,
    633,
    728,
    798,
    855,
    848,
    717,
    823,
    847,
    773,
    929,
    768,
    720,
    571,
    674,
    770,
    747,
    689,
    653,
    828,
    700,
    821,
    810,
    751,
    734,
    852,
    796,
    708,
    739,
    833,
    774,
    858,
    869,
    787,
    613,
    731,
    628,
    631,
    869,
    790,
    759,
    645,
    719,
    789,
    792,
    684,
    707,
    719,
    699,
    812,
    669,
    628,
    662,
    713,
    891,
    655,
    942,
    730,
    711,
    743,
    642,
    739,
    846,
    780,
    643,
    725,
    665,
    733,
    700,
    755,
    866,
    696,
    698,
    736,
    738,
    676,
    771,
    695,
    714,
    783,
    675,
    661,
    644,
    569,
    759,
    832,
    1436,
    694,
    677,
    674,
    672,
    880,
    727,
    765,
    768,
    741,
    767,
    618,
    802,
    717,
    689,
    687,
    844,
    814,
    674,
    742,
    665,
    709,
    781,
    721,
    685,
    739,
    677,
    612,
    754,
    724,
    753,
    776,
    873,
    763,
    805,
    656,
    637,
    750,
    709,
    617,
    673
  ],
  "frame_rasterizer_times": [
    14928,
    14680,
    15207,
    14673,
    14637,
    13056,
    13689,
    13604,
    13382,
    13642,
    13303,
    13688,
    13125,
    13475,
    13402,
    16436,
    12952,
    13073,
    13080,
    13356,
    13361,
    13445,
    13419,
    12979,
    13170,
    13327,
    13221,
    13295,
    13382,
    13854,
    13164,
    14654,
    13559,
    13697,
    13583,
    13971,
    13373,
    13224,
    13601,
    13113,
    12981,
    13177,
    13012,
    13593,
    13614,
    13292,
    13327,
    13205,
    13608,
    13340,
    14031,
    12808,
    13148,
    13048,
    13299,
    12709,
    13177,
    13157,
    12975,
    13370,
    13472,
    13231,
    13418,
    13546,
    13749,
    13466,
    13659,
    13819,
    13435,
    13282,
    13101,
    13111,
    13125,
    13409,
    13408,
    13293,
    13450,
    13404,
    13205,
    12920,
    13291,
    13128,
    13393,
    13541,
    13384,
    13443,
    13075,
    13387,
    13664,
    13238,
    13473,
    13472,
    13515,
    13044,
    13054,
    13284,
    13392,
    13427,
    13343,
    12968,
    13137,
    13486,
    13489,
    13057,
    13206,
    13212,
    13463,
    12962,
    13466,
    13293,
    13317,
    13231,
    13419,
    13491,
    13195,
    13448,
    13268,
    13155,
    13178,
    13528,
    13346,
    12964,
    13250,
    13460,
    13312,
    13852,
    13518,
    13642,
    13106,
    13150,
    13355,
    13637,
    13417,
    13170,
    13165,
    12928,
    13413,
    13654,
    13131,
    13243,
    13207,
    13432,
    12985,
    13263,
    13404,
    13182,
    13393,
    13349,
    13334,
    13121,
    13246,
    13404,
    13513,
    13497,
    13524,
    13345,
    13045,
    13270,
    13383,
    13384,
    13606,
    13397,
    13772,
    12749,
    13341,
    13329,
    13339,
    13480,
    13264,
    13079,
    13103,
    13445,
    13249,
    13187,
    13193,
    13191,
    13436,
    13236,
    13258,
    13390,
    13577,
    13368,
    13453,
    14412,
    12915,
    13600,
    13094,
    13251,
    13636,
    13082,
    13457,
    12861,
    13132,
    13490,
    13310,
    13443,
    13221,
    13291,
    12690,
    13234,
    13412,
    13284,
    13150,
    13294,
    13000,
    13121,
    13514,
    13423,
    13415,
    13555,
    13506,
    13283,
    13188,
    13435,
    13411,
    13615,
    13328,
    13344,
    13492,
    12744,
    13457,
    13588,
    13394,
    13340,
    13425,
    13306,
    13166,
    13107,
    13583,
    13576,
    13477,
    13386,
    13344,
    12919,
    13381,
    13688,
    14403,
    12949,
    13768,
    13998,
    13603,
    13431,
    12943,
    13667,
    13817,
    14490,
    14087,
    13964,
    13882,
    12804,
    13343,
    13604,
    13747,
    13762,
    13347,
    13562,
    12876,
    13751,
    13753,
    13706,
    13735,
    13383,
    13632,
    13276,
    13906,
    13842,
    13718,
    13862,
    14139,
    13872,
    13699,
    13578,
    13584,
    13353,
    14065,
    14552,
    13046,
    13663,
    13526,
    13568,
    13728,
    13761,
    13433,
    13700,
    13243,
    13534,
    13407,
    13789,
    13242,
    13370,
    13830,
    13469,
    14095,
    13885,
    13388,
    13418,
    13508,
    13914,
    13181,
    13718,
    13670,
    13731,
    13660,
    14012,
    13062,
    13800,
    13733,
    13772,
    13873,
    14146,
    14213,
    13070,
    13848,
    13732,
    13251,
    13831,
    13852,
    14517
  ],