{
  "average_frame_build_time_millis": 0.7879650793650795,
  "90th_percentile_frame_build_time_millis": 0.918,
  "99th_percentile_frame_build_time_millis": 1.027,
  "worst_frame_build_time_millis": 1.125,
  "missed_frame_build_budget_count": 0,
  "average_frame_rasterizer_time_millis": 14.395980952380961,
  "stddev_frame_rasterizer_time_millis": 0.5829410733182149,
  "90th_percentile_frame_rasterizer_time_millis": 15.239,
  "99th_percentile_frame_rasterizer_time_millis": 16.017,
  "worst_frame_rasterizer_time_millis": 16.833,
  "missed_frame_rasterizer_budget_count": 5,
  "frame_count": 315,
  "frame_rasterizer_count": 315,
  "new_gen_gc_count": 2,
  "old_gen_gc_count": 0,
  "frame_build_times": [
    747,
    661,
    741,
    691,
    798,
    785,
    683,
    796,
    756,
    876,
    883,
    871,
    795,
    735,
    582,
    784,
    730,
    829,
    696,
    658,
    732,
    830,
    809,
    759,
    948,
    894,
    784,
    655,
    822,
    733,
    874,
    838,
    748,
    835,
    678,
    821,
    786,
    866,
    1027,
    853,
    803,
    512,
    808,
    897,
    829,
    802,
    803,
    764,
    788,
    852,
    890,
    858,
    809,
    763,
    722,
    965,
    569,
    555,
    603,
    810,
    818,
    711,
    736,
    716,
    897,
    698,
    765,
    911,
    863,
    758,
    789,
    768,
    908,
    923,
    734,
    807,
    728,
    489,
    740,
    597,
    875,
    706,
    915,
    532,
    732,
    955,
    778,
    816,
    802,
    689,
    995,
    819,
    1121,
    1005,
    828,
    781,
    921,
    785,
    775,
    887,
    918,
    878,
    748,
    722,
    741,
    703,
    888,
    852,
    880,
    898,
    796,
    821,
    569,
    760,
    956,
    740,
    754,
    886,
    818,
    594,
    886,
    808,
    912,
    866,
    746,
    846,
    701,
    830,
    787,
    808,
    725,
    873,
    851,
    641,
    869,
    888,
    859,
    740,
    741,
    841,
    673,
    766,
    761,
    908,
    921,
    1064,
    819,
    669,
    720,
    685,
    680,
    941,
    872,
    850,
    690,
    809,
    793,
    735,
    709,
    838,
    984,
    614,
    766,
    960,
    836,
    852,
    803,
    651,
    767,
    707,
    892,
    784,
    851,
    834,
    777,
    753,
    747,
    701,
    853,
    686,
    711,
    714,
    705,
    891,
    977,
    763,
    852,
    756,
    876,
    719,
    661,
    790,
    880,
    779,
    838,
    820,
    549,
    947,
    887,
    849,
    1026,
    980,
    956,
    779,
    751,
    834,
    638,
    773,
    791,
    779,
    713,
    884,
    1125,
    785,
    925,
    907,
    829,
    881,
    844,
    823,
    727,
    763,
    790,
    739,
    692,
    754,
    772,
    611,
    1015,
    766,
    1010,
    687,
    799,
    842,
    753,
    949,
    926,
    846,
    696,
    792,
    853,
    829,
    759,
    728,
    858,
    734,
    984,
    924,
    858,
    829,
    847,
    916,
    603,
    681,
    640,
    832,
    640,
    872,
    702,
    534,
    861,
    702,
    741,
    708,
    940,
    625,
    754,
    760,
    750,
    793,
    868,
    657,
    992,
    559,
    671,
    786,
    860,
    779,
    704,
    680,
    540,
    917,
    746,
    759,
    805,
    655,
    686,
    656,
    735,
    790,
    677,
    689,
    714,
    792,
    563,
    655,
    675,
    743,
    952,
    736,
    895,
    714,
    774,
    782,
    860,
    776,
    701,
    648,
    791,
    832,
    742,
    655,
    735,
    664,
    701
  ],
  "frame_rasterizer_times": [
    13759,
    14997,
    12747,
    13655,
    12438,
    13556,
    15058,
    14535,
    15168,
    13845,
    14393,
    14675,
    14809,
    14199,
    13978,
    14261,
    14189,
    13790,
    14000,
    13822,
    14412,
    14682,
    14793,
    14368,
    14027,
    14432,
    14686,
    14011,
    14377,
    14565,
    14651,
    14498,
    15210,
    14385,
    14597,
    13999,
    15403,
    13869,
    14491,
    13742,
    14612,
    14909,
    13699,
    14530,
    13604,
    13775,
    14801,
    14252,
    14878,
    12617,
    13138,
    14267,
    14667,
    13535,
    12973,
    14093,
    9763,
    10250,
    9717,
    12052,
    12229,
    12888,
    12703,
    12577,
    12044,
    13187,
    14400,
    14236,
    14088,
    14500,
    14556,
    14973,
    14109,
    14627,
    16605,
    13604,
    15169,
    16833,
    14914,
    15204,
    13751,
    14254,
    13247,
    11652,
    10336,
    12502,
    14460,
    13861,
    14918,
    14415,
    14381,
    14956,
    13207,
    13417,
    14780,
    14438,
    14702,
    13758,
    14504,
    14161,
    14641,
    14344,
    15229,
    13713,
    15025,
    13977,
    14508,
    14896,
    14026,
    14833,
    14258,
    14131,
    14991,
    13656,
    13945,
    14323,
    13597,
    14722,
    14193,
    14858,
    14366,
    13950,
    13975,
    14374,
    14829,
    14288,
    14618,
    13692,
    13882,
    14604,
    14129,
    14508,
    14394,
    13871,
    14021,
    14506,
    14823,
    15557,
    13939,
    14459,
    14975,
    14139,
    14360,
    14816,
    14258,
    14132,
    14119,
    14793,
    14188,
    14598,
    12363,
    13106,
    14669,
    14886,
    14380,
    15198,
    14402,
    13985,
    14387,
    14790,
    14542,
    14843,
    13926,
    14209,
    14341,
    14414,
    14927,
    14884,
    13781,
    14200,
    14178,
    14004,
    13776,
    14245,
    13857,
    14628,
    14226,
    15264,
    14391,
    14511,
    14240,
    14308,
    14171,
    14402,
    15540,
    14193,
    14344,
    14265,
    14905,
    14421,
    15842,
    14330,
    14459,
    14300,
    14408,
    14636,
    14579,
    13823,
    14424,
    14352,
    14289,
    14124,
    14552,
    14661,
    14587,
    14496,
    15579,
    13957,
    15025,
    14263,
    14681,
    14170,
    15051,
    14441,
    15105,
    14106,
    14267,
    14642,
    14323,
    14442,
    14938,
    13803,
    15056,
    14542,
    15162,
    14944,
    12474,
    15130,
    13845,
    14019,
    13679,
    14136,
    15016,
    14419,
    14502,
    14321,
    14295,
    13795,
    14172,
    14143,
    14201,
    14226,
    14963,
    14500,
    14990,
    14530,
    14405,
    13979,
    14547,
    14425,
    14849,
    14514,
    14382,
    15679,
    14266,
    14134,
    15084,
    14009,
    14760,
    15250,
    14591,
    15123,
    15239,
    14714,
    14885,
    15195,
    15974,
    15876,
    15358,
    14376,
    15078,
    15489,
    16447,
    15901,
    12806,
    14999,
    14952,
    14591,
    15892,
    14244,
    14849,
    14744,
    15141,
    14692,
    14595,
    16001,
    15074,
    14689,
    15207,
    15943,
    15982,
    15491,
    14841,
    14521,
    14947,
    14271,
    15216,
    15701,
    15399,
    15368,
    15088,
    15713,
    16017,
    15100,
    15502,
    13619,
    14576,
    15072,
    15456,
    14048,
    15513,
    14400,
    15133,
    15760,
    15856
  ],