{
  "average_frame_build_time_millis": 3.1153071428571413,
  "90th_percentile_frame_build_time_millis": 4.521,
  "99th_percentile_frame_build_time_millis": 7.903,
  "worst_frame_build_time_millis": 10.849,
  "missed_frame_build_budget_count": 0,
  "average_frame_rasterizer_time_millis": 9.43516788321168,
  "stddev_frame_rasterizer_time_millis": 0.9670277585380148,
  "90th_percentile_frame_rasterizer_time_millis": 10.497,
  "99th_percentile_frame_rasterizer_time_millis": 11.66,
  "worst_frame_rasterizer_time_millis": 11.908,
  "missed_frame_rasterizer_budget_count": 0,
  "frame_count": 140,
  "frame_rasterizer_count": 137,
  "new_gen_gc_count": 2,
  "old_gen_gc_count": 0,
  "frame_build_times": [
    2651,
    2843,
    2666,
    2583,
    2715,
    2924,
    7903,
    2807,
    2828,
    2899,
    2723,
    2890,
    3119,
    2761,
    3027,
    2916,
    2634,
    3142,
    3078,
    2802,
    2800,
    2925,
    2798,
    3232,
    2995,
    2812,
    2792,
    2957,
    5895,
    2891,
    2831,
    2626,
    2751,
    2869,
    2870,
    3485,
    2949,
    2786,
    2919,
    2906,
    2889,
    3325,
    2825,
    2724,
    2759,
    2923,
    2879,
    3285,
    3762,
    1070,
    10849,
    4219,
    5898,
    4733,
    6323,
    4650,
    6064,
    4715,
    6197,
    4521,
    6452,
    4581,
    6051,
    1098,
    3096,
    1111,
    3180,
    1088,
    3254,
    1205,
    3997,
    1456,
    3122,
    1060,
    3146,
    1005,
    3155,
    1056,
    2959,
    1454,
    2914,
    1175,
    2789,
    1049,
    922,
    3094,
    2941,
    3170,
    2865,
    3232,
    3108,
    6150,
    2632,
    2940,
    3084,
    2952,
    3227,
    3097,
    2943,
    3208,
    3099,
    2983,
    2966,
    2813,
    3119,
    2721,
    2601,
    2852,
    3257,
    3117,
    2915,
    3078,
    3059,
    2858,
    3016,
    3033,
    3059,
    2992,
    3013,
    2510,
    3238,
    3254,
    3419,
    2578,
    2585,
    2788,
    2847,
    3198,
    2808,
    2599,
    2866,
    2794,
    2903,
    2978,
    2757,
    2548,
    3097,
    2838,
    3478,
    881
  ],
  "frame_rasterizer_times": [
    9631,
    9465,
    7824,
    9574,
    3346,
    9140,
    9349,
    9552,
    8869,
    9326,
    8698,
    9194,
    9330,
    9260,
    8159,
    9624,
    9167,
    9213,
    9596,
    9112,
    9485,
    9291,
    8965,
    9196,
    9351,
    9529,
    4810,
    9077,
    9225,
    8774,
    8232,
    9040,
    8607,
    10186,
    10211,
    9055,
    8842,
    9301,
    8874,
    9222,
    9140,
    9231,
    8916,
    9080,
    8945,
    9471,
    9112,
    9434,
    3746,
    6580,
    6114,
    6856,
    6573,
    6959,
    6780,
    6905,
    6641,
    7175,
    6929,
    7171,
    7345,
    10385,
    9377,
    10398,
    10273,
    10247,
    9270,
    10325,
    9901,
    11908,
    10751,
    10993,
    10537,
    11305,
    10425,
    10412,
    10038,
    10297,
    8870,
    10474,
    9732,
    10441,
    10308,
    10665,
    10497,
    10495,
    10354,
    10236,
    10220,
    6992,
    10579,
    9871,
    10468,
    9576,
    10405,
    9849,
    9572,
    10481,
    10324,
    10441,
    10212,
    9292,
    9656,
    11218,
    10293,
    10609,
    10313,
    10489,
    10961,
    9989,
    10208,
    11157,
    10208,
    10352,
    10398,
    10133,
    10206,
    10209,
    10791,
    11660,
    9489,
    10053,
    10145,
    10075,
    9961,
    10351,
    10424,
    10340,
    10038,
    9679,
    8846,
    10449,
    10015,
    10242,
    10166,
    10514,
    9980
  ],
  "frame_begin_times": [
    0,
    16148,
    33207,
    49791,
    67596,
    83528,
    100398,
    116917,
    133441,
    150040,
    167342,
    183568,
    200205,
    217022,
    233129,
    250537,
    268096,
    283329,
    300390,
    317193,
    333361,
    350370,
    367035,
    383771,
    400154,
    417253,
    433399,
    450424,
    468366,
    484050,
    500730,
    517800,
    535057,
    550397,
    567011,
    583180,
    599835,
    617611,
    634404,
    650693,
    667561,
    683890,
    700997,
    717695,
    734734,
    751198,
    767613,
    783835,
    801252,
    817900,
    834821,
    850765,
    867870,
    884514,
    901386,
    917893,
    934769,
    951498,
    968059,
    984777,
    1001400,
    1018148,
    1034771,
    1051593,
    1067801,
    1084888,
    1101620,
    1118338,
    1135091,
    1151662,
    1168312,
    1183988,
    1201143,
    1218123,
    1234741,
    1251334,
    1267922,
    1285346,
    1302032,
    1318794,
    1335838,
    1352075,
    1369200,
    1385252,
    1401943,
    1418336,
    1435306,
    1451697,
    1468796,
    1485475,
    1502384,
    1518905,
    1535432,
    1552779,
    1568663,
    1586377,
    1602304,
    1619025,
    1635938,
    1651901,
    1669023,
    1685679,
    1702662,
    1720159,
    1735812,
    1751539,
    1769185,
    1785466,
    1802574,
    1819315,
    1835453,
    1852849,
    1868875,
    1885018,
    1902712,
    1919099,
    1935732,
    1952779,
    1969396,
    1986282,
    2002264,
    2018978,
    2036423,
    2053006,
    2069694,
    2086499,
    2103190,
    2119488,
    2136046,
    2153142,
    2169827,
    2186869,
    2204292,
    2219428,
    2236619,
    2253296,
    2269854,
    2286263,
    2303298,
    2321056
  ],
  "frame_rasterizer_begin_times": [
    0,
    16575,
    34268,
    50268,
    71954,
    83650,
    100165,
    116829,
    134044,
    150390,
    167098,
    183752,
    200220,
    217200,
    234789,
    250109,
    267287,
    283941,
    300123,
    317163,
    333785,
    350605,
    367119,
    383989,
    400520,
    417184,
    437681,
    450823,
    467502,
    484540,
    501697,
    517637,
    533909,
    549881,
    566707,
    584366,
    601141,
    617618,
    634438,
    650938,
    667728,
    684401,
    701440,
    717914,
    734448,
    750993,
    768037,
    784266,
    808202,
    819825,
    837174,
    853545,
    870555,
    886975,
    904069,
    920599,
    937398,
    953677,
    970654,
    987161,
    1004015,
    1018023,
    1034890,
    1051329,
    1068338,
    1084890,
    1101769,
    1118329,
    1135379,
    1150213,
    1167894,
    1184323,
    1201735,
    1217526,
    1235184,
    1251723,
    1268800,
    1284992,
    1302528,
    1318509,
    1335805,
    1351465,
    1368782,
    1385105,
    1402068,
    1418553,
    1435505,
    1452388,
    1469061,
    1488260,
    1502212,
    1519688,
    1535648,
    1552996,
    1569027,
    1585794,
    1602700,
    1618953,
    1635755,
    1652416,
    1669364,
    1686917,
    1702659,
    1718415,
    1735944,
    1752250,
    1769350,
    1786082,
    1802258,
    1819572,
    1836129,
    1851828,
    1869497,
    1885928,
    1902584,
    1919549,
    1936187,
    1952965,
    1969058,
    1985767,
    2003554,
    2019740,
    2036467,
    2053211,
    2069899,
    2086384,
    2102802,
    2119876,
    2136617,
    2153553,
    2171140,
    2186430,
    2203342,
    2220063,
    2236653,
    2253052,
    2270240
  ],
  "average_vsync_transitions_missed": 0.0,
  "90th_percentile_vsync_transitions_missed": 0.0,
  "99th_percentile_vsync_transitions_missed": 0.0,
  "average_vsync_frame_lag": 0.0,
  "90th_percentile_vsync_frame_lag": 0.0,
  "99th_percentile_vsync_frame_lag": 0.0,
  "average_layer_cache_count": 0.0,
  "90th_percentile_layer_cache_count": 0.0,
  "99th_percentile_layer_cache_count": 0.0,
  "average_frame_request_pending_latency": 15806.093525179856,
  "90th_percentile_frame_request_pending_latency": 16834.0,
  "99th_percentile_frame_request_pending_latency": 17386.0,
  "worst_layer_cache_count": 0.0,
  "average_layer_cache_memory": 0.0,
  "90th_percentile_layer_cache_memory": 0.0,
  "99th_percentile_layer_cache_memory": 0.0,
  "worst_layer_cache_memory": 0.0,
  "average_picture_cache_count": 0.0,
  "90th_percentile_picture_cache_count": 0.0,
  "99th_percentile_picture_cache_count": 0.0,