{
  "average_frame_build_time_millis": 2.990371428571428,
  "90th_percentile_frame_build_time_millis": 4.635,
  "99th_percentile_frame_build_time_millis": 8.674,
  "worst_frame_build_time_millis": 10.795,
  "missed_frame_build_budget_count": 0,
  "average_frame_rasterizer_time_millis": 9.017906474820142,
  "stddev_frame_rasterizer_time_millis": 0.9235941203871442,
  "90th_percentile_frame_rasterizer_time_millis": 10.27,
  "99th_percentile_frame_rasterizer_time_millis": 11.466,
  "worst_frame_rasterizer_time_millis": 11.782,
  "missed_frame_rasterizer_budget_count": 0,
  "frame_count": 140,
  "frame_rasterizer_count": 139,
  "new_gen_gc_count": 2,
  "old_gen_gc_count": 0,
  "frame_build_times": [
    2499,
    2685,
    2706,
    2627,
    2602,
    2563,
    8674,
    2852,
    2883,
    3018,
    2721,
    2820,
    2809,
    2904,
    2810,
    2926,
    2737,
    2778,
    2983,
    2870,
    2794,
    2985,
    2802,
    2802,
    3024,
    2849,
    2951,
    2961,
    6018,
    2789,
    2853,
    2854,
    2922,
    2932,
    2863,
    2930,
    2845,
    2998,
    2871,
    2948,
    2809,
    2871,
    3100,
    2819,
    2962,
    2854,
    2859,
    2930,
    3779,
    997,
    10795,
    4367,
    5875,
    4913,
    6913,
    5058,
    6192,
    4725,
    6329,
    4635,
    6420,
    5134,
    6148,
    1196,
    3115,
    964,
    3023,
    1111,
    3016,
    998,
    3732,
    1345,
    3013,
    998,
    2605,
    1073,
    2808,
    969,
    2799,
    1118,
    2660,
    950,
    2814,
    966,
    959,
    2909,
    2476,
    2618,
    2833,
    2668,
    2784,
    6452,
    2427,
    2543,
    2702,
    2802,
    2822,
    2446,
    2531,
    2698,
    2829,
    2667,
    2574,
    2708,
    2577,
    2693,
    2948,
    2588,
    2686,
    2561,
    2661,
    2817,
    2616,
    2870,
    2634,
    2616,
    2554,
    2811,
    2767,
    2662,
    2926,
    2539,
    3100,
    2413,
    2900,
    2566,
    2464,
    2443,
    2461,
    2978,
    2607,
    2331,
    2580,
    2420,
    2711,
    2486,
    2542,
    2506,
    2996,
    959
  ],
  "frame_rasterizer_times": [
    9315,
    9452,
    8349,
    8315,
    9087,
    9216,
    3723,
    8385,
    8535,
    8125,
    8218,
    8342,
    8359,
    9376,
    8833,
    9394,
    8444,
    8483,
    9098,
    8432,
    9780,
    9123,
    9216,
    8173,
    9059,
    8655,
    8678,
    8101,
    6041,
    8315,
    9156,
    8812,
    8148,
    9127,
    8228,
    10270,
    7780,
    9142,
    8197,
    8075,
    8095,
    9082,
    9270,
    8406,
    9059,
    8114,
    8160,
    9175,
    9336,
    9177,
    3369,
    6508,
    6263,
    6473,
    6373,
    6897,
    6230,
    7128,
    6044,
    6887,
    6369,
    7113,
    6650,
    11466,
    9938,
    10347,
    10660,
    10307,
    9624,
    10294,
    10069,
    11409,
    9948,
    10393,
    9748,
    10022,
    10200,
    10335,
    10092,
    10703,
    9278,
    9690,
    9342,
    9785,
    11782,
    9805,
    10070,
    9460,
    10185,
    10270,
    9590,
    6886,
    8909,
    10322,
    9774,
    10609,
    9768,
    9400,
    9458,
    9688,
    9898,
    9519,
    9386,
    9688,
    9518,
    9771,
    9404,
    10042,
    9171,
    10151,
    10074,
    9261,
    9147,
    9409,
    9619,
    10264,
    9164,
    9104,
    9262,
    10077,
    9779,
    9703,
    9405,
    9246,
    8996,
    9184,
    9203,
    9281,
    10030,
    9868,
    10581,
    9313,
    9043,
    9307,
    9672,
    9476,
    9768,
    9288,
    9056
  ],
  "frame_begin_times": [
    0,
    16712,
    33574,
    50136,
    66996,
    83566,
    99849,
    116994,
    133488,
    150234,
    167037,
    183568,
    200229,
    216974,
    233698,
    250253,
    267032,
    283676,
    300511,
    317082,
    333765,
    350442,
    367135,
    383978,
    400897,
    417288,
    433926,
    450694,
    467342,
    484060,
    500984,
    517340,
    534236,
    550741,
    567443,
    583114,
    601458,
    617609,
    634223,
    650870,
    667668,
    684349,
    700948,
    717615,
    734296,
    751217,
    767763,
    784449,
    801270,
    817750,
    834685,
    850620,
    867994,
    884771,
    901291,
    917827,
    934635,
    951410,
    968048,
    984826,
    1001432,
    1018013,
    1034813,
    1050382,
    1068344,
    1085240,
    1101164,
    1118245,
    1134560,
    1151693,
    1168356,
    1184659,
    1201190,
    1218719,
    1235144,
    1251728,
    1268602,
    1285261,
    1301190,
    1318549,
    1335297,
    1352124,
    1368757,
    1385370,
    1401465,
    1418206,
    1435685,
    1452099,
    1469204,
    1485553,
    1501859,
    1518869,
    1536379,
    1552340,
    1568707,
    1585332,
    1602333,
    1619092,
    1635689,
    1652222,
    1669052,
    1685636,
    1702319,
    1719217,
    1735555,
    1752384,
    1769145,
    1785830,
    1802533,
    1819268,
    1835891,
    1852820,
    1869513,
    1885919,
    1902646,
    1919414,
    1936166,
    1952925,
    1969443,
    1986155,
    2002261,
    2019639,
    2035716,
    2053194,
    2069638,
    2086300,
    2103001,
    2119559,
    2136454,
    2153237,
    2169332,
    2187058,
    2203144,
    2219830,
    2236423,
    2253281,
    2269333,
    2286706,
    2303375,
    2319975
  ],
  "frame_rasterizer_begin_times": [
    0,
    16730,
    33573,
    50219,
    67029,
    83589,
    105071,
    116984,
    133477,
    150599,
    167038,
    183577,
    200302,
    217029,
    233714,
    250413,
    267111,
    283700,
    300575,
    317111,
    333795,
    350686,
    367213,
    383986,
    400910,
    417302,
    434091,
    450909,
    470137,
    484089,
    500993,
    517389,
    534358,
    550915,
    567562,
    583179,
    601433,
    617659,
    634306,
    651087,
    667741,
    684373,
    701014,
    717621,
    734494,
    751299,
    767911,
    784490,
    801320,
    817229,
    841168,
    853065,
    870625,
    887143,
    903965,
    920228,
    937601,
    953672,
    971253,
    987168,
    1004327,
    1020295,
    1037701,
    1049984,
    1068350,
    1084701,
    1101319,
    1117719,
    1134696,
    1151161,
    1168591,
    1184150,
    1201308,
    1218219,
    1235173,
    1251250,
    1268597,
    1284742,
    1301217,
    1318099,
    1335353,
    1351592,
    1368740,
    1384850,
    1401253,
    1418336,
    1435653,
    1452129,
    1469266,
    1485559,
    1502010,
    1521521,
    1536230,
    1552318,
    1568734,
    1585410,
    1602521,
    1619070,
    1635705,
    1652245,
    1669109,
    1685668,
    1702370,
    1719244,
    1735626,
    1752454,
    1769161,
    1785887,
    1802646,
    1819316,
    1835971,
    1852835,
    1869540,
    1885980,
    1902787,
    1919441,
    1936211,
    1952947,
    1969528,
    1986264,
    2002380,
    2019679,
    2036079,
    2053169,
    2069988,
    2086465,
    2103109,
    2119574,
    2136537,
    2153260,
    2169454,
    2187031,
    2203263,
    2219869,
    2236448,
    2253335,
    2269438,
    2286866,
    2303455
  ],
  "average_vsync_transitions_missed": 0.0,
  "90th_percentile_vsync_transitions_missed": 0.0,
  "99th_percentile_vsync_transitions_missed": 0.0,
  "average_vsync_frame_lag": 0.0,
  "90th_percentile_vsync_frame_lag": 0.0,
  "99th_percentile_vsync_frame_lag": 0.0,
  "average_layer_cache_count": 0.0,
  "90th_percentile_layer_cache_count": 0.0,
  "99th_percentile_layer_cache_count": 0.0,
  "average_frame_request_pending_latency": 15821.51798561151,
  "90th_percentile_frame_request_pending_latency": 16483.0,
  "99th_percentile_frame_request_pending_latency": 17232.0,
  "worst_layer_cache_count": 0.0,
  "average_layer_cache_memory": 0.0,
  "90th_percentile_layer_cache_memory": 0.0,
  "99th_percentile_layer_cache_memory": 0.0,
  "worst_layer_cache_memory": 0.0,
  "average_picture_cache_count": 0.0,
  "90th_percentile_picture_cache_count": 0.0,