{
  "average_frame_build_time_millis": 3.2023785714285724,
  "90th_percentile_frame_build_time_millis": 4.272,
  "99th_percentile_frame_build_time_millis": 8.231,
  "worst_frame_build_time_millis": 11.056,
  "missed_frame_build_budget_count": 0,
  "average_frame_rasterizer_time_millis": 9.42094160583941,
  "stddev_frame_rasterizer_time_millis": 1.0591983589962175,
  "90th_percentile_frame_rasterizer_time_millis": 10.646,
  "99th_percentile_frame_rasterizer_time_millis": 11.804,
  "worst_frame_rasterizer_time_millis": 22.77,
  "missed_frame_rasterizer_budget_count": 1,
  "frame_count": 140,
  "frame_rasterizer_count": 137,
  "new_gen_gc_count": 2,
  "old_gen_gc_count": 0,
  "frame_build_times": [
    2589,
    2799,
    2842,
    3248,
    2790,
    3356,
    8231,
    2763,
    2947,
    2925,
    2871,
    3217,
    2839,
    2933,
    2926,
    2906,
    2686,
    3814,
    3532,
    2928,
    2865,
    2913,
    2807,
    2819,
    3273,
    2902,
    2925,
    3293,
    6122,
    2847,
    2959,
    3149,
    2941,
    3814,
    2923,
    3238,
    3151,
    2952,
    2958,
    3022,
    2896,
    2875,
    3472,
    3341,
    2953,
    3551,
    2851,
    2948,
    4649,
    1060,
    11056,
    4630,
    6063,
    5079,
    4272,
    4272,
    6264,
    4829,
    6009,
    3981,
    6393,
    4809,
    6309,
    1140,
    3049,
    1057,
    3482,
    1538,
    3222,
    911,
    4267,
    1450,
    3009,
    1129,
    2930,
    1252,
    3276,
    1081,
    3527,
    1741,
    3119,
    1010,
    3184,
    1355,
    1008,
    3079,
    3332,
    3031,
    3193,
    3174,
    3220,
    6240,
    2708,
    2553,
    2653,
    2643,
    3073,
    2881,
    2863,
    2959,
    3028,
    2889,
    3265,
    3196,
    2983,
    3115,
    3200,
    2699,
    3254,
    3029,
    3032,
    3421,
    3130,
    3008,
    3200,
    2985,
    2958,
    3197,
    3446,
    3288,
    3321,
    3263,
    3361,
    2935,
    3172,
    2898,
    2956,
    3085,
    2797,
    2977,
    2909,
    2802,
    2450,
    2659,
    3235,
    3102,
    2835,
    2345,
    2802,
    1190
  ],
  "frame_rasterizer_times": [
    9295,
    9249,
    9129,
    9360,
    3353,
    8748,
    9377,
    9562,
    9183,
    9310,
    8731,
    9195,
    9483,
    7899,
    8909,
    9194,
    9564,
    9009,
    9086,
    9035,
    9235,
    8767,
    9105,
    8807,
    9372,
    8852,
    5235,
    9288,
    9120,
    9252,
    8979,
    8559,
    8236,
    9430,
    8245,
    8936,
    9004,
    8827,
    8935,
    8973,
    9111,
    10094,
    9057,
    9011,
    8955,
    9035,
    8902,
    9164,
    3760,
    6155,
    5772,
    6437,
    7930,
    9141,
    7026,
    6967,
    6359,
    8379,
    6696,
    7947,
    6848,
    10374,
    10040,
    10363,
    9873,
    10840,
    9906,
    9494,
    9221,
    11804,
    11265,
    10251,
    9250,
    10809,
    10358,
    9801,
    10609,
    10261,
    10300,
    10959,
    9249,
    10769,
    10973,
    11037,
    10472,
    10153,
    10235,
    10687,
    10246,
    6999,
    10094,
    9938,
    9901,
    10266,
    10488,
    10242,
    10243,
    11267,
    9661,
    9364,
    10198,
    10614,
    10482,
    10254,
    11242,
    10133,
    10236,
    10067,
    10542,
    10133,
    9941,
    9844,
    9973,
    10114,
    10646,
    9664,
    10206,
    10242,
    10646,
    10496,
    9414,
    9937,
    10139,
    9964,
    9884,
    11235,
    9562,
    10011,
    10109,
    9523,
    22770,
    5687,
    11102,
    7574,
    7783,
    8497,
    9169
  ],
  "frame_begin_times": [
    0,
    16625,
    33463,
    49655,
    66783,
    82880,
    100452,
    117407,
    133490,
    149840,
    166844,
    183453,
    200716,
    217134,
    233601,
    251326,
    267368,
    283761,
    299958,
    317301,
    333876,
    350541,
    367159,
    383834,
    400219,
    417276,
    433886,
    450486,
    467569,
    483979,
    500750,
    516883,
    534162,
    550377,
    567493,
    583242,
    600698,
    617662,
    634243,
    650569,
    667237,
    684459,
    700765,
    716660,
    734308,
    750664,
    768071,
    784546,
    801112,
    817438,
    834402,
    850776,
    867859,
    884670,
    901546,
    916908,
    934203,
    951474,
    968056,
    984708,
    1001347,
    1018066,
    1034715,
    1051043,
    1068305,
    1085225,
    1101711,
    1118205,
    1135234,
    1152882,
    1168279,
    1184091,
    1201121,
    1218701,
    1236170,
    1251777,
    1268171,
    1285678,
    1301360,
    1318567,
    1335153,
    1351708,
    1368881,
    1385345,
    1401727,
    1417945,
    1435173,
    1452112,
    1468858,
    1485050,
    1501798,
    1518741,
    1536230,
    1552221,
    1569438,
    1585534,
    1602024,
    1619050,
    1635678,
    1651431,
    1669437,
    1686715,
    1702507,
    1718604,
    1735527,
    1752366,
    1768281,
    1785842,
    1802177,
    1819266,
    1835568,
    1852763,
    1869698,
    1886538,
    1902670,
    1919446,
    1935704,
    1953253,
    1969129,
    1985659,
    2002424,
    2019171,
    2036865,
    2053240,
    2069551,
    2086402,
    2102896,
    2118650,
    2137246,
    2153129,
    2169695,
    2187070,
    2203628,
    2219294,
    2235533,
    2253356,
    2269854,
    2286487,
    2303156,
    2319640
  ],
  "frame_rasterizer_begin_times": [
    0,
    16704,
    33372,
    49482,
    71879,
    83750,
    99922,
    116517,
    133395,
    150059,
    167153,
    183625,
    200096,
    217733,
    233784,
    250241,
    266539,
    283755,
    300344,
    317115,
    333639,
    350278,
    367060,
    383716,
    400427,
    417503,
    436901,
    450436,
    467319,
    483763,
    500691,
    517111,
    533989,
    549830,
    567325,
    584123,
    600792,
    617678,
    634163,
    650872,
    667627,
    683218,
    700936,
    717664,
    734530,
    751024,
    767830,
    783324,
    807574,
    819828,
    837109,
    853675,
    869456,
    885147,
    903374,
    920196,
    937292,
    952972,
    970432,
    986864,
    1003818,
    1016970,
    1034726,
    1051264,
    1068325,
    1084123,
    1101669,
    1118668,
    1134964,
    1150042,
    1167560,
    1184821,
    1202500,
    1217683,
    1234842,
    1251528,
    1267829,
    1284539,
    1301682,
    1317594,
    1335278,
    1351274,
    1367952,
    1384482,
    1401753,
    1418572,
    1435371,
    1451593,
    1468545,
    1487853,
    1502558,
    1518803,
    1535814,
    1551972,
    1568497,
    1585517,
    1602110,
    1617892,
    1635874,
    1653118,
    1669147,
    1685358,
    1702111,
    1718944,
    1734784,
    1752360,
    1769027,
    1785875,
    1802100,
    1819241,
    1836134,
    1852996,
    1869351,
    1885931,
    1902266,
    1919710,
    1935764,
    1952469,
    1969264,
    1985700,
    2003464,
    2019713,
    2036013,
    2052984,
    2069555,
    2085249,
    2103624,
    2119674,
    2136227,
    2153521,
    2170024,
    2192890,
    2202443,
    2219931,
    2236645,
    2253217,
    2269723
  ],
  "average_vsync_transitions_missed": 1.0,
  "90th_percentile_vsync_transitions_missed": 1.0,
  "99th_percentile_vsync_transitions_missed": 1.0,
  "average_vsync_frame_lag": 0.0,
  "90th_percentile_vsync_frame_lag": 0.0,
  "99th_percentile_vsync_frame_lag": 0.0,
  "average_layer_cache_count": 0.0,
  "90th_percentile_layer_cache_count": 0.0,
  "99th_percentile_layer_cache_count": 0.0,
  "average_frame_request_pending_latency": 15761.129496402878,
  "90th_percentile_frame_request_pending_latency": 16881.0,
  "99th_percentile_frame_request_pending_latency": 17580.0,
  "worst_layer_cache_count": 0.0,
  "average_layer_cache_memory": 0.0,
  "90th_percentile_layer_cache_memory": 0.0,
  "99th_percentile_layer_cache_memory": 0.0,
  "worst_layer_cache_memory": 0.0,
  "average_picture_cache_count": 0.0,
  "90th_percentile_picture_cache_count": 0.0,
  "99th_percentile_picture_cache_count": 0.0,