{
  "average_frame_build_time_millis": 3.569782608695651,
  "90th_percentile_frame_build_time_millis": 8.653,
  "99th_percentile_frame_build_time_millis": 24.277,
  "worst_frame_build_time_millis": 26.577,
  "missed_frame_build_budget_count": 10,
  "average_frame_rasterizer_time_millis": 18.54844878048781,
  "stddev_frame_rasterizer_time_millis": 4.58451326591315,
  "90th_percentile_frame_rasterizer_time_millis": 26.272,
  "99th_percentile_frame_rasterizer_time_millis": 30.328,
  "worst_frame_rasterizer_time_millis": 34.863,
  "missed_frame_rasterizer_budget_count": 133,
  "frame_count": 207,
  "frame_rasterizer_count": 205,
  "new_gen_gc_count": 8,
  "old_gen_gc_count": 2,
  "frame_build_times": [
    1881,
    1610,
    1257,
    21049,
    5425,
    1370,
    1349,
    2157,
    1812,
    1703,
    1921,
    1340,
    1838,
    1700,
    8766,
    733,
    647,
    1870,
    1898,
    1952,
    1959,
    1933,
    1872,
    2022,
    2295,
    1767,
    26577,
    17472,
    2018,
    2431,
    1617,
    2488,
    2197,
    2801,
    2517,
    1874,
    1731,
    1636,
    13048,
    2805,
    1816,
    1935,
    1777,
    1844,
    2001,
    2075,
    2070,
    2342,
    18752,
    7785,
    1882,
    1503,
    1811,
    2906,
    2089,
    2172,
    1708,
    1747,
    8354,
    1674,
    2004,
    1915,
    1857,
    2219,
    2159,
    1838,
    1971,
    1864,
    2356,
    2537,
    25614,
    13980,
    1644,
    1590,
    1718,
    1791,
    3093,
    2392,
    2351,
    1845,
    1705,
    1670,
    1950,
    12351,
    1620,
    1880,
    1874,
    1967,
    2038,
    2157,
    1872,
    2191,
    1862,
    18263,
    8178,
    1417,
    1458,
    2509,
    2885,
    2173,
    2552,
    2350,
    1767,
    8257,
    1567,
    1946,
    1946,
    1885,
    1911,
    1947,
    1859,
    1724,
    1820,
    2269,
    2322,
    23743,
    13915,
    1779,
    1441,
    1913,
    2245,
    1974,
    2160,
    2293,
    1761,
    1609,
    1679,
    1884,
    10980,
    2330,
    1920,
    2342,
    2064,
    1952,
    2478,
    1366,
    2141,
    2277,
    18875,
    8653,
    2446,
    1668,
    1930,
    3036,
    2303,
    2444,
    1610,
    1786,
    8929,
    916,
    1669,
    2000,
    1818,
    1854,
    1941,
    2531,
    1885,
    1859,
    1902,
    2086,
    24277,
    14401,
    1866,
    1607,
    1900,
    2617,
    3300,
    2513,
    2221,
    1846,
    1854,
    1548,
    1353,
    11218,
    2539,
    1958,
    1697,
    1680,
    1736,
    1828,
    2030,
    1751,
    1737,
    17873,
    10914,
    2516,
    2122,
    1949,
    3058,
    2990,
    2582,
    1626,
    1687,
    8893,
    701,
    515,
    691,
    1815,
    2023,
    2297,
    1898,
    1825,
    1733,
    2054,
    2322,
    2332,
    2204
  ],
  "frame_rasterizer_times": [
    20598,
    21770,
    20316,
    14894,
    16399,
    27515,
    26148,
    26165,
    26202,
    26251,
    14848,
    15125,
    13062,
    13037,
    11850,
    14621,
    12913,
    13176,
    15849,
    18347,
    18600,
    19229,
    18449,
    18451,
    18911,
    18054,
    13061,
    8715,
    15544,
    23294,
    25764,
    25280,
    26711,
    26324,
    14898,
    25736,
    19787,
    19803,
    20968,
    7199,
    13977,
    14179,
    14886,
    15016,
    15923,
    15320,
    15016,
    16386,
    15455,
    13458,
    26614,
    26658,
    26677,
    25533,
    26365,
    25900,
    25499,
    10770,
    9679,
    9772,
    11725,
    14713,
    15779,
    16744,
    17878,
    18398,
    19444,
    18382,
    18755,
    17921,
    10335,
    8766,
    20806,
    22627,
    24242,
    24705,
    26237,
    26222,
    12293,
    31066,
    20206,
    19927,
    20410,
    17307,
    9065,
    15757,
    14865,
    15113,
    14791,
    15837,
    15197,
    15809,
    15047,
    14108,
    14619,
    27146,
    26343,
    25604,
    26945,
    26169,
    25971,
    25437,
    11177,
    8982,
    10056,
    12266,
    12723,
    15390,
    16407,
    18097,
    18886,
    18573,
    18735,
    18560,
    17988,
    12713,
    8959,
    20997,
    22297,
    24274,
    24884,
    26272,
    26445,
    11386,
    34863,
    19950,
    20668,
    18780,
    13323,
    21870,
    13088,
    18867,
    17544,
    17488,
    16992,
    16900,
    17389,
    16382,
    17347,
    11119,
    28107,
    26444,
    26755,
    25565,
    26260,
    26048,
    25452,
    11176,
    9570,
    5603,
    8709,
    10742,
    13543,
    15702,
    16482,
    17802,
    18876,
    18386,
    18439,
    18032,
    12284,
    8786,
    20434,
    23390,
    23923,
    24428,
    26820,
    26371,
    16057,
    30328,
    20350,
    19771,
    19075,
    12346,
    16761,
    16522,
    16679,
    16696,
    16844,
    17265,
    16425,
    16311,
    16802,
    18056,
    17300,
    25340,
    27395,
    26114,
    26089,
    25888,
    25990,
    25732,
    10414,
    11010,
    10507,
    12993,
    13359,
    12116,
    16428,
    17675,
    18558,
    18437,
    19238,
    18406,
    18731
  ],
  "frame_begin_times": [
    0,
    16507,
    32926,
    67476,
    99797,
    117057,
    133466,
    150438,
    183671,
    217127,
    233895,
    267251,
    284064,
    301270,
    317240,
    333470,
    351238,
    367301,
    384578,
    400353,
    419115,
    434367,
    450861,
    467777,
    484514,
    501129,
    517283,
    550503,
    584888,
    600959,
    618057,
    635480,
    668021,
    684410,
    717829,
    734942,
    767981,
    801405,
    817491,
    834344,
    868966,
    885408,
    902166,
    919035,
    935498,
    952301,
    969291,
    985072,
    1003110,
    1035301,
    1051036,
    1067823,
    1084951,
    1118661,
    1152023,
    1168576,
    1202545,
    1218719,
    1252201,
    1318785,
    1335715,
    1351651,
    1368502,
    1386120,
    1402221,
    1419285,
    1436161,
    1453272,
    1469359,
    1486204,
    1502607,
    1535235,
    1551777,
    1569460,
    1585654,
    1602438,
    1635932,
    1651982,
    1685952,
    1702881,
    1736136,
    1769267,
    1786018,
    1803236,
    1836446,
    1852177,
    1869780,
    1886232,
    1903398,
    1918938,
    1936854,
    1952800,
    1970642,
    1986950,
    2019207,
    2036057,
    2053471,
    2069960,
    2103412,
    2136323,
    2153653,
    2186920,
    2203553,
    2236749,
    2303539,
    2320059,
    2337281,
    2353542,
    2370940,
    2387804,
    2404281,
    2420045,
    2437549,
    2454027,
    2471346,
    2487270,
    2520292,
    2536489,
    2554145,
    2570382,
    2586497,
    2620373,
    2636626,
    2670674,
    2687336,
    2720813,
    2753972,
    2770449,
    2803433,
    2820710,
    2838056,
    2854647,
    2871731,
    2887803,
    2904703,
    2921020,
    2937976,
    2955174,
    2971400,
    3005031,
    3020960,
    3037262,
    3054366,
    3088352,
    3120884,
    3138161,
    3171990,
    3188598,
    3221523,
    3287917,
    3305246,
    3322115,
    3338709,
    3354731,
    3372344,
    3389133,
    3405778,
    3421234,
    3438518,
    3456570,
    3472245,
    3504535,
    3521287,
    3538942,
    3555265,
    3572309,
    3605372,
    3621495,
    3655284,
    3672182,
    3705019,
    3738762,
    3755407,
    3789016,
    3804836,
    3822129,
    3839287,
    3855941,
    3872727,
    3889470,
    3905697,
    3923046,
    3939855,
    3956551,
    3989554,
    4005331,
    4022905,
    4056385,
    4072592,
    4106094,
    4122640,
    4156195,
    4190032,
    4206032,
    4222944,
    4239910,
    4256215,
    4273415,
    4289367,
    4306499,
    4322543,
    4340038,
    4356508,
    4373549,
    4390031,
    4406626,
    4423271
  ],