{
  "average_frame_build_time_millis": 3.6802281553398055,
  "90th_percentile_frame_build_time_millis": 8.655,
  "99th_percentile_frame_build_time_millis": 25.679,
  "worst_frame_build_time_millis": 26.827,
  "missed_frame_build_budget_count": 9,
  "average_frame_rasterizer_time_millis": 18.64841951219511,
  "stddev_frame_rasterizer_time_millis": 4.789717882212965,
  "90th_percentile_frame_rasterizer_time_millis": 26.459,
  "99th_percentile_frame_rasterizer_time_millis": 31.926,
  "worst_frame_rasterizer_time_millis": 34.06,
  "missed_frame_rasterizer_budget_count": 139,
  "frame_count": 206,
  "frame_rasterizer_count": 205,
  "new_gen_gc_count": 8,
  "old_gen_gc_count": 2,
  "frame_build_times": [
    1744,
    1924,
    1906,
    2072,
    1932,
    16398,
    9566,
    2279,
    2198,
    2652,
    2278,
    3190,
    2299,
    2567,
    1661,
    9825,
    694,
    655,
    1894,
    1901,
    2188,
    1796,
    1991,
    1991,
    2104,
    2306,
    2467,
    2388,
    26827,
    15491,
    2436,
    2338,
    1372,
    1682,
    2320,
    3019,
    2847,
    3259,
    1398,
    1973,
    13470,
    2010,
    2028,
    2149,
    1960,
    1889,
    1885,
    1926,
    2133,
    17776,
    8012,
    2399,
    1727,
    2795,
    3145,
    2639,
    1939,
    2595,
    2265,
    8833,
    1698,
    2021,
    1900,
    2013,
    2198,
    2470,
    1776,
    1835,
    1851,
    1750,
    2500,
    25494,
    18941,
    2093,
    2178,
    1704,
    1878,
    2670,
    3207,
    1816,
    1770,
    1989,
    2033,
    2345,
    8738,
    2057,
    1728,
    1999,
    2039,
    2119,
    1881,
    2011,
    2002,
    19348,
    8070,
    2228,
    1770,
    2740,
    3034,
    2680,
    2680,
    1824,
    1811,
    8655,
    1749,
    2008,
    2051,
    1966,
    2410,
    2275,
    1796,
    1887,
    1867,
    2418,
    2675,
    26553,
    14166,
    1602,
    1354,
    1594,
    2328,
    2802,
    2317,
    3493,
    1963,
    1703,
    1931,
    2320,
    10491,
    2366,
    2060,
    2099,
    1995,
    2064,
    1923,
    1839,
    1852,
    1956,
    19805,
    8135,
    1931,
    1613,
    2880,
    1692,
    2522,
    3439,
    1735,
    1823,
    8596,
    1660,
    2030,
    1975,
    1890,
    2046,
    2308,
    1726,
    1872,
    1916,
    2557,
    2481,
    25679,
    13756,
    1692,
    1355,
    1971,
    2178,
    3141,
    2665,
    3507,
    1879,
    1646,
    2414,
    2091,
    9145,
    2094,
    1787,
    3523,
    1957,
    2547,
    4691,
    1453,
    12620,
    7135,
    2285,
    1540,
    2538,
    2229,
    2351,
    2417,
    1991,
    1506,
    1462,
    8388,
    627,
    587,
    673,
    1822,
    2291,
    1816,
    1906,
    2030,
    1872,
    2076,
    2519,
    2542,
    2281
  ],
  "frame_rasterizer_times": [
    11172,
    10774,
    11259,
    10984,
    11219,
    11065,
    16471,
    22786,
    26934,
    26530,
    26317,
    26137,
    26033,
    25899,
    24333,
    21471,
    9517,
    10949,
    9731,
    9752,
    15404,
    17601,
    18425,
    19352,
    17838,
    19593,
    18515,
    18513,
    18377,
    13528,
    10879,
    11083,
    18066,
    26131,
    26223,
    26459,
    26447,
    9295,
    26471,
    20245,
    20868,
    18787,
    8861,
    16420,
    14666,
    14300,
    14641,
    14692,
    15157,
    14498,
    16924,
    9449,
    25588,
    26651,
    26086,
    26125,
    26511,
    26199,
    24737,
    23612,
    9994,
    9576,
    10369,
    12510,
    15826,
    16633,
    17691,
    18362,
    19391,
    17910,
    18737,
    18867,
    11809,
    9459,
    10582,
    17410,
    26013,
    26051,
    26504,
    14952,
    31926,
    19983,
    20182,
    20023,
    17527,
    17070,
    16668,
    15866,
    17597,
    17299,
    17042,
    17809,
    16075,
    16112,
    15847,
    10831,
    27784,
    26594,
    26182,
    26245,
    25789,
    26687,
    25269,
    10763,
    9632,
    9605,
    10353,
    13300,
    14821,
    15994,
    18137,
    19530,
    18568,
    18589,
    18525,
    18119,
    10213,
    11522,
    20442,
    22569,
    24097,
    24960,
    26285,
    26622,
    13103,
    33459,
    20154,
    19959,
    19265,
    14990,
    16811,
    16600,
    16903,
    16740,
    16732,
    16817,
    16246,
    17013,
    16401,
    15669,
    11594,
    26834,
    25775,
    27213,
    26376,
    25341,
    26815,
    25494,
    10664,
    9459,
    9676,
    10338,
    13774,
    15420,
    16453,
    18339,
    19349,
    18176,
    18633,
    18527,
    18300,
    10430,
    9585,
    21252,
    22468,
    24389,
    24671,
    26312,
    26333,
    13638,
    34060,
    20336,
    19946,
    19481,
    16228,
    24221,
    23060,
    18500,
    20947,
    25044,
    19897,
    15947,
    16609,
    23054,
    26551,
    26914,
    25546,
    26553,
    25907,
    26588,
    25120,
    13550,
    9926,
    8093,
    11024,
    11821,
    13058,
    12430,
    15816,
    18467,
    18432,
    19389,
    18464,
    18531,
    18677
  ],
  "frame_begin_times": [
    0,
    16306,
    33539,
    50453,
    67011,
    83213,
    117130,
    133197,
    149547,
    183752,
    217318,
    233224,
    266720,
    283638,
    317135,
    333870,
    367052,
    384343,
    401136,
    417888,
    434022,
    450912,
    467694,
    484061,
    500948,
    517757,
    534347,
    550940,
    567507,
    600636,
    634558,
    651023,
    668654,
    684486,
    700869,
    734372,
    751350,
    784714,
    834665,
    851206,
    867253,
    901343,
    917740,
    935374,
    952123,
    968500,
    985211,
    1001849,
    1018913,
    1034893,
    1068738,
    1084778,
    1101801,
    1118634,
    1151630,
    1168476,
    1201690,
    1218764,
    1252091,
    1285630,
    1351758,
    1368959,
    1385593,
    1401376,
    1418815,
    1435991,
    1452674,
    1469288,
    1485938,
    1502293,
    1519297,
    1535741,
    1567918,
    1602344,
    1619187,
    1635806,
    1652736,
    1669131,
    1702372,
    1718715,
    1752414,
    1785830,
    1802579,
    1819669,
    1852701,
    1868908,
    1885423,
    1902558,
    1919660,
    1935439,
    1952837,
    1969722,
    1986302,
    2003109,
    2036483,
    2052422,
    2069438,
    2086814,
    2119766,
    2135753,
    2170167,
    2203126,
    2220141,
    2253542,
    2319807,
    2336995,
    2353894,
    2370464,
    2387260,
    2403644,
    2420345,
    2437231,
    2453729,
    2470447,
    2486802,
    2503591,
    2535964,
    2552927,
    2570285,
    2586820,
    2603421,
    2636911,
    2653273,
    2686563,
    2704690,
    2737052,
    2770627,
    2787361,
    2820965,
    2836638,
    2854523,
    2870848,
    2887846,
    2903961,
    2920825,
    2937761,
    2954164,
    2970846,
    2987583,
    3021236,
    3037264,
    3054680,
    3071241,
    3104713,
    3121155,
    3154605,
    3187662,
    3204761,
    3238249,
    3304595,
    3321688,
    3338474,
    3354653,
    3371966,
    3388073,
    3404940,
    3421760,
    3438610,
    3455085,
    3471921,
    3488614,
    3521082,
    3537503,
    3555125,
    3571958,
    3588634,
    3621272,
    3638414,
    3672126,
    3688574,
    3722105,
    3755384,
    3771411,
    3805560,
    3821322,
    3845756,
    3855337,
    3888516,
    3906531,
    3922168,
    3955601,
    3972888,
    3990429,
    4005547,
    4022112,
    4055759,
    4089289,
    4106418,
    4139102,
    4155912,
    4189089,
    4205690,
    4222764,
    4239167,
    4256349,
    4273049,
    4289303,
    4306635,
    4322145,
    4339861,
    4355729,
    4373427,
    4390259,
    4406549,
    4422997,
    4439778
  ],