{
  "average_frame_build_time_millis": 3.869917874396134,
  "90th_percentile_frame_build_time_millis": 9.189,
  "99th_percentile_frame_build_time_millis": 26.877,
  "worst_frame_build_time_millis": 38.59,
  "missed_frame_build_budget_count": 12,
  "average_frame_rasterizer_time_millis": 18.520497560975603,
  "stddev_frame_rasterizer_time_millis": 4.749884925639499,
  "90th_percentile_frame_rasterizer_time_millis": 26.17,
  "99th_percentile_frame_rasterizer_time_millis": 33.888,
  "worst_frame_rasterizer_time_millis": 36.128,
  "missed_frame_rasterizer_budget_count": 134,
  "frame_count": 207,
  "frame_rasterizer_count": 205,
  "new_gen_gc_count": 16,
  "old_gen_gc_count": 2,
  "frame_build_times": [
    2320,
    1924,
    2088,
    2194,
    2271,
    1970,
    1860,
    1962,
    18466,
    9189,
    1994,
    1501,
    2752,
    3305,
    2286,
    2757,
    2237,
    2389,
    8546,
    1831,
    2080,
    1820,
    1810,
    2070,
    2330,
    1939,
    1908,
    1805,
    2361,
    2749,
    25872,
    15250,
    1723,
    1389,
    1896,
    1994,
    1810,
    2601,
    2391,
    1940,
    1650,
    1662,
    1870,
    12442,
    1898,
    1976,
    2030,
    1845,
    1925,
    1842,
    1872,
    1907,
    1834,
    17707,
    11183,
    2557,
    1864,
    1949,
    3679,
    1960,
    2110,
    1781,
    1711,
    9260,
    1237,
    2013,
    1959,
    1918,
    2009,
    2648,
    1823,
    1786,
    1958,
    2086,
    2842,
    26877,
    20138,
    2049,
    1908,
    2132,
    1878,
    2606,
    3562,
    3179,
    1469,
    1996,
    1715,
    12393,
    2895,
    1589,
    1670,
    2188,
    2061,
    1915,
    1780,
    1722,
    1813,
    38590,
    5622,
    19710,
    2796,
    2214,
    2583,
    1267,
    1729,
    9107,
    780,
    906,
    834,
    1902,
    2181,
    1992,
    1493,
    1137,
    1143,
    1097,
    1343,
    1735,
    24527,
    13512,
    2001,
    1641,
    1831,
    1843,
    2208,
    2055,
    3053,
    2418,
    2824,
    1278,
    9074,
    1829,
    1247,
    1691,
    2195,
    1921,
    2053,
    2163,
    1904,
    18091,
    11748,
    2653,
    2458,
    1972,
    3189,
    3483,
    2506,
    2801,
    1579,
    9658,
    832,
    607,
    723,
    1944,
    2013,
    2091,
    1738,
    1625,
    1736,
    1982,
    2074,
    2673,
    2283,
    27749,
    17789,
    2198,
    1788,
    1544,
    2101,
    3390,
    3002,
    2907,
    2812,
    1402,
    1693,
    9656,
    1655,
    1512,
    1364,
    1660,
    1605,
    1627,
    1672,
    1705,
    1677,
    19236,
    8064,
    1734,
    1685,
    2692,
    3315,
    2020,
    3440,
    2556,
    2115,
    9100,
    1659,
    2359,
    2080,
    2063,
    1840,
    2594,
    1854,
    1959,
    1911,
    1920,
    2573
  ],
  "frame_rasterizer_times": [
    8881,
    14955,
    14759,
    14254,
    15283,
    15082,
    14965,
    18204,
    12655,
    14350,
    26471,
    26254,
    25095,
    26584,
    26170,
    25612,
    24775,
    21294,
    9682,
    9698,
    11229,
    13497,
    15450,
    16045,
    17367,
    18415,
    19169,
    18384,
    18341,
    18165,
    9959,
    9264,
    20808,
    22448,
    23736,
    24720,
    25454,
    25919,
    13046,
    33960,
    20048,
    20460,
    19062,
    17470,
    9064,
    15093,
    14687,
    14819,
    14827,
    14876,
    15096,
    14780,
    14983,
    17159,
    13975,
    26174,
    26700,
    25776,
    25843,
    25768,
    26060,
    25033,
    10628,
    9677,
    7016,
    10952,
    13739,
    15876,
    15662,
    17400,
    18749,
    17608,
    19189,
    18668,
    17868,
    11297,
    8849,
    14545,
    22564,
    24984,
    25859,
    25711,
    15340,
    33026,
    20595,
    20449,
    18460,
    15665,
    8679,
    15927,
    16422,
    15862,
    16638,
    17580,
    17251,
    17573,
    21870,
    14486,
    18644,
    36128,
    32673,
    33888,
    26573,
    25944,
    23122,
    10523,
    9040,
    13002,
    11961,
    10790,
    16054,
    19450,
    18464,
    18760,
    19277,
    18491,
    18786,
    17716,
    14547,
    13047,
    20061,
    22110,
    23923,
    24895,
    25890,
    26870,
    25932,
    9265,
    27469,
    18804,
    17436,
    16446,
    17174,
    16193,
    17027,
    16600,
    16909,
    16828,
    15446,
    17745,
    15474,
    25723,
    27423,
    26591,
    26052,
    27221,
    25012,
    25542,
    10667,
    11201,
    12806,
    13513,
    11716,
    11122,
    16139,
    17028,
    18198,
    18819,
    18902,
    18224,
    18015,
    18406,
    18449,
    10581,
    8215,
    10346,
    18985,
    25195,
    26105,
    25841,
    26175,
    11208,
    33795,
    20682,
    19840,
    20140,
    8787,
    16287,
    16430,
    16639,
    16348,
    16659,
    16198,
    16517,
    16736,
    14102,
    10456,
    26703,
    26486,
    25811,
    25953,
    25965,
    25381,
    25383,
    23081,
    10146,
    9763,
    10283,
    12152,
    15342,
    16357,
    16741,
    18221,
    18182,
    19523
  ],
  "frame_begin_times": [
    0,
    16924,
    33817,
    50561,
    66849,
    83711,
    100700,
    117608,
    134272,
    167278,
    183180,
    200352,
    217229,
    250478,
    283732,
    300638,
    333857,
    350688,
    384632,
    450673,
    467694,
    484394,
    500748,
    517976,
    533996,
    551013,
    567761,
    585110,
    601321,
    617756,
    634545,
    666951,
    683601,
    700293,
    719005,
    734194,
    767840,
    784469,
    817764,
    834608,
    868221,
    901209,
    917493,
    935040,
    968254,
    984967,
    1001883,
    1018477,
    1035154,
    1051896,
    1068686,
    1085563,
    1102081,
    1118870,
    1152213,
    1167633,
    1185303,
    1202345,
    1235291,
    1268619,
    1285103,
    1318476,
    1335214,
    1369016,
    1435190,
    1452475,
    1468317,
    1484845,
    1502579,
    1518647,
    1535403,
    1552924,
    1569265,
    1585850,
    1602545,
    1619247,
    1651819,
    1686005,
    1702295,
    1718415,
    1735793,
    1752433,
    1785715,
    1818946,
    1835846,
    1869323,
    1903187,
    1919672,
    1935437,
    1952771,
    1969519,
    1986463,
    2003050,
    2019301,
    2036421,
    2052781,
    2069264,
    2085637,
    2135945,
    2152452,
    2186218,
    2202628,
    2236486,
    2269429,
    2303400,
    2337369,
    2352631,
    2370785,
    2387361,
    2404032,
    2420619,
    2437314,
    2453268,
    2469748,
    2486531,
    2503412,
    2520138,
    2537001,
    2553648,
    2586312,
    2602938,
    2620776,
    2637168,
    2653599,
    2687127,
    2703182,
    2737566,
    2771038,
    2787425,
    2836623,
    2870218,
    2887797,
    2904314,
    2921167,
    2938591,
    2954087,
    2970265,
    2987456,
    3004191,
    3020994,
    3054795,
    3070512,
    3087808,
    3121069,
    3137817,
    3171247,
    3187684,
    3221552,
    3255921,
    3271690,
    3287960,
    3305254,
    3321998,
    3338551,
    3354771,
    3371851,
    3388427,
    3405223,
    3421421,
    3438310,
    3454946,
    3472039,
    3487964,
    3505379,
    3538788,
    3572229,
    3587858,
    3605032,
    3621685,
    3639642,
    3672337,
    3688049,
    3722331,
    3755863,
    3788431,
    3805823,
    3822236,
    3838543,
    3855682,
    3872338,
    3889311,
    3905774,
    3922064,
    3939123,
    3956018,
    3972592,
    4007026,
    4021908,
    4039272,
    4056129,
    4088745,
    4105772,
    4139446,
    4156193,
    4189351,
    4223269,
    4289438,
    4306618,
    4323225,
    4339363,
    4356731,
    4373431,
    4390150,
    4406753,
    4423200,
    4439893,
    4456639
  ],